{"_id":"is-equal-shallow","_rev":"7-feab8fd16e61f49f0f047da23ae164ee","name":"is-equal-shallow","description":"Does a shallow comparison of two objects, returning false if the keys or values differ.","dist-tags":{"latest":"0.1.3"},"versions":{"0.1.0":{"name":"is-equal-shallow","description":"Does a shallow comparison of two objects, returning false if the keys or values differ.","version":"0.1.0","homepage":"https://github.com/jonschlinkert/is-equal-shallow","author":{"name":"Jon Schlinkert","url":"https://github.com/jonschlinkert"},"repository":{"type":"git","url":"git://github.com/jonschlinkert/is-equal-shallow.git"},"bugs":{"url":"https://github.com/jonschlinkert/is-equal-shallow/issues"},"license":{"type":"MIT","url":"https://github.com/jonschlinkert/is-equal-shallow/blob/master/LICENSE"},"files":["index.js"],"main":"index.js","engines":{"node":">=0.10.0"},"scripts":{"test":"mocha"},"dependencies":{"is-primitive":"^1.0.0"},"devDependencies":{"mocha":"*","should":"*"},"keywords":["compare","comparison","equal","equals","is","is-equal","key","object","same","shallow","value"],"gitHead":"1765004d91ea12327568419cdc2ae70a3df69d25","_id":"is-equal-shallow@0.1.0","_shasum":"2e4bd433d71bf495bd752d99574c3529cd950b0d","_from":".","_npmVersion":"2.5.1","_nodeVersion":"0.12.0","_npmUser":{"name":"jonschlinkert","email":"github@sellside.com"},"maintainers":[{"name":"jonschlinkert","email":"github@sellside.com"}],"dist":{"shasum":"2e4bd433d71bf495bd752d99574c3529cd950b0d","tarball":"https://registry.npmjs.org/is-equal-shallow/-/is-equal-shallow-0.1.0.tgz"},"directories":{}},"0.1.1":{"name":"is-equal-shallow","description":"Does a shallow comparison of two objects, returning false if the keys or values differ.","version":"0.1.1","homepage":"https://github.com/jonschlinkert/is-equal-shallow","author":{"name":"Jon Schlinkert","url":"https://github.com/jonschlinkert"},"repository":{"type":"git","url":"git://github.com/jonschlinkert/is-equal-shallow.git"},"bugs":{"url":"https://github.com/jonschlinkert/is-equal-shallow/issues"},"license":{"type":"MIT","url":"https://github.com/jonschlinkert/is-equal-shallow/blob/master/LICENSE"},"files":["index.js"],"main":"index.js","engines":{"node":">=0.10.0"},"scripts":{"test":"mocha"},"dependencies":{"is-primitive":"^1.0.0"},"devDependencies":{"mocha":"*","should":"*"},"keywords":["compare","comparison","equal","equals","is","is-equal","key","object","same","shallow","value"],"gitHead":"1765004d91ea12327568419cdc2ae70a3df69d25","_id":"is-equal-shallow@0.1.1","_shasum":"98aed64d87706e407eaff56d1b6b25e4bfcba47a","_from":".","_npmVersion":"2.5.1","_nodeVersion":"0.12.0","_npmUser":{"name":"jonschlinkert","email":"github@sellside.com"},"maintainers":[{"name":"jonschlinkert","email":"github@sellside.com"}],"dist":{"shasum":"98aed64d87706e407eaff56d1b6b25e4bfcba47a","tarball":"https://registry.npmjs.org/is-equal-shallow/-/is-equal-shallow-0.1.1.tgz"},"directories":{}},"0.1.2":{"name":"is-equal-shallow","description":"Does a shallow comparison of two objects, returning false if the keys or values differ.","version":"0.1.2","homepage":"https://github.com/jonschlinkert/is-equal-shallow","author":{"name":"Jon Schlinkert","url":"https://github.com/jonschlinkert"},"repository":{"type":"git","url":"git://github.com/jonschlinkert/is-equal-shallow.git"},"bugs":{"url":"https://github.com/jonschlinkert/is-equal-shallow/issues"},"license":{"type":"MIT","url":"https://github.com/jonschlinkert/is-equal-shallow/blob/master/LICENSE"},"files":["index.js"],"main":"index.js","engines":{"node":">=0.10.0"},"scripts":{"test":"mocha"},"dependencies":{"is-primitive":"^1.0.0"},"devDependencies":{"mocha":"*","should":"*"},"keywords":["compare","comparison","equal","equals","is","is-equal","key","object","same","shallow","value"],"gitHead":"04f54f0ecfd28fafb0b7aa42427d29e43b4b61a9","_id":"is-equal-shallow@0.1.2","_shasum":"89e619a1f9f1b37019a821c5fe23f93ad874f371","_from":".","_npmVersion":"2.5.1","_nodeVersion":"0.12.0","_npmUser":{"name":"doowb","email":"brian.woodward@gmail.com"},"dist":{"shasum":"89e619a1f9f1b37019a821c5fe23f93ad874f371","tarball":"https://registry.npmjs.org/is-equal-shallow/-/is-equal-shallow-0.1.2.tgz"},"maintainers":[{"name":"jonschlinkert","email":"github@sellside.com"},{"name":"doowb","email":"brian.woodward@gmail.com"}],"directories":{}},"0.1.3":{"name":"is-equal-shallow","description":"Does a shallow comparison of two objects, returning false if the keys or values differ.","version":"0.1.3","homepage":"https://github.com/jonschlinkert/is-equal-shallow","author":{"name":"Jon Schlinkert","url":"https://github.com/jonschlinkert"},"repository":{"type":"git","url":"git://github.com/jonschlinkert/is-equal-shallow.git"},"bugs":{"url":"https://github.com/jonschlinkert/is-equal-shallow/issues"},"license":"MIT","files":["index.js"],"main":"index.js","engines":{"node":">=0.10.0"},"scripts":{"test":"mocha"},"dependencies":{"is-primitive":"^2.0.0"},"devDependencies":{"mocha":"*","should":"*"},"keywords":["compare","comparison","equal","equals","is","is-equal","key","object","same","shallow","value"],"verbiage":{"related":{"description":"Other object utils:","list":["is-plain-object","isobject","for-in","for-own","clone-deep"]}},"gitHead":"dceb47dd9c9c21066958116e3b54b3c8c251ee4a","_id":"is-equal-shallow@0.1.3","_shasum":"2238098fc221de0bcfa5d9eac4c45d638aa1c534","_from":".","_npmVersion":"2.10.1","_nodeVersion":"0.12.4","_npmUser":{"name":"jonschlinkert","email":"github@sellside.com"},"maintainers":[{"name":"jonschlinkert","email":"github@sellside.com"},{"name":"doowb","email":"brian.woodward@gmail.com"}],"dist":{"shasum":"2238098fc221de0bcfa5d9eac4c45d638aa1c534","tarball":"https://registry.npmjs.org/is-equal-shallow/-/is-equal-shallow-0.1.3.tgz"},"directories":{}}},"readme":"# is-equal-shallow [![NPM version](https://badge.fury.io/js/is-equal-shallow.svg)](http://badge.fury.io/js/is-equal-shallow)  [![Build Status](https://travis-ci.org/jonschlinkert/is-equal-shallow.svg)](https://travis-ci.org/jonschlinkert/is-equal-shallow)\n\n> Does a shallow comparison of two objects, returning false if the keys or values differ.\n\nThe purpose of this lib is to do the fastest comparison possible of two objects when the values will predictably be primitives.\n\n* only compares objects.\n* only compares the first level of each object\n* values must be primitives. If a value is not a primitive, even if the values are the same, `false` is returned.\n\nInstall with [npm](https://www.npmjs.com/)\n\n```sh\n$ npm i is-equal-shallow --save\n```\n\n## Usage\n\n```js\nvar equals = require('is-equal-shallow');\nequals(object_a, object_b);\n```\n\n**Examples**\n\n```js\nequals({a: true, b: true}, {a: true, b: true});\n//=> 'true'\n\nequals({a: true, b: false}, {c: false, b: false});\n//=> 'false'\n\nequals({a: true, b: false}, {a: false, b: false});\n//=> 'false'\n```\n\nStrict comparison for equality:\n\n```js\nequals({a: true, b: true}, {a: true, b: 'true'});\n//=> 'false'\n```\n\nWhen values are not primitives, `false` is always returned:\n\n```js\nequals({ b: {}}, { b: {}});\n//=> 'false'\n\nequals({ b: []}, { b: []});\n//=> 'false'\n```\n\n## Related projects\n\nOther object utils:\n\n* [clone-deep](https://github.com/jonschlinkert/clone-deep): Recursively (deep) clone JavaScript native types, like Object, Array, RegExp, Date as well as primitives.\n* [for-in](https://github.com/jonschlinkert/for-in): Iterate over the own and inherited enumerable properties of an objecte, and return an object… [more](https://github.com/jonschlinkert/for-in)\n* [for-own](https://github.com/jonschlinkert/for-own): Iterate over the own enumerable properties of an object, and return an object with properties… [more](https://github.com/jonschlinkert/for-own)\n* [is-plain-object](https://github.com/jonschlinkert/is-plain-object): Returns true if an object was created by the `Object` constructor.\n* [isobject](https://github.com/jonschlinkert/isobject): Returns true if the value is an object and not an array or null.\n\n## Running tests\n\nInstall dev dependencies:\n\n```sh\n$ npm i -d && npm test\n```\n\n## Contributing\n\nPull requests and stars are always welcome. For bugs and feature requests, [please create an issue](https://github.com/jonschlinkert/is-equal-shallow/issues/new)\n\n## Author\n\n**Jon Schlinkert**\n\n+ [github/jonschlinkert](https://github.com/jonschlinkert)\n+ [twitter/jonschlinkert](http://twitter.com/jonschlinkert)\n\n## License\n\nCopyright © 2015 Jon Schlinkert\nReleased under the MIT license.\n\n***\n\n_This file was generated by [verb-cli](https://github.com/assemble/verb-cli) on June 22, 2015._","maintainers":[{"name":"jonschlinkert","email":"github@sellside.com"},{"name":"doowb","email":"brian.woodward@gmail.com"}],"time":{"modified":"2015-06-23T03:40:07.950Z","created":"2015-02-17T10:33:30.454Z","0.1.0":"2015-02-17T10:33:30.454Z","0.1.1":"2015-02-25T23:12:10.329Z","0.1.2":"2015-04-14T20:56:49.386Z","0.1.3":"2015-06-23T03:40:07.950Z"},"homepage":"https://github.com/jonschlinkert/is-equal-shallow","keywords":["compare","comparison","equal","equals","is","is-equal","key","object","same","shallow","value"],"repository":{"type":"git","url":"git://github.com/jonschlinkert/is-equal-shallow.git"},"author":{"name":"Jon Schlinkert","url":"https://github.com/jonschlinkert"},"bugs":{"url":"https://github.com/jonschlinkert/is-equal-shallow/issues"},"license":"MIT","readmeFilename":"README.md","_attachments":{},"_etag":"W/\"5588d517-2506\"","_lastModified":"Tue, 23 Jun 2015 03:40:07 GMT"}