{"_id":"is-dotfile","_rev":"10-435a9c0641b2769ab0ceb66e48da88e0","name":"is-dotfile","description":"Return true if a file path is (or has) a dotfile. Returns false if the path is a dot directory.","dist-tags":{"latest":"1.0.2"},"versions":{"0.1.0":{"name":"is-dotfile","description":"Return true if a file path is (or has) a dotfile.","version":"0.1.0","homepage":"https://github.com/regexps/is-dotfile","author":{"name":"Jon Schlinkert","url":"https://github.com/jonschlinkert"},"repository":{"type":"git","url":"git://github.com/regexps/is-dotfile.git"},"bugs":{"url":"https://github.com/regexps/is-dotfile/issues"},"license":{"type":"MIT","url":"https://github.com/regexps/is-dotfile/blob/master/LICENSE-MIT"},"files":["index.js"],"main":"index.js","engines":{"node":">=0.10.0"},"scripts":{"test":"mocha -R spec"},"devDependencies":{"mocha":"*","should":"*"},"keywords":["detect","dotfile","expression","regular expression","find","match","regex","regexp","regular"],"_id":"is-dotfile@0.1.0","_shasum":"79dad828bd8e6e940165c2ecfbf596f01998b8c7","_from":".","_npmVersion":"1.4.28","_npmUser":{"name":"jonschlinkert","email":"github@sellside.com"},"maintainers":[{"name":"jonschlinkert","email":"github@sellside.com"}],"dist":{"shasum":"79dad828bd8e6e940165c2ecfbf596f01998b8c7","tarball":"https://registry.npmjs.org/is-dotfile/-/is-dotfile-0.1.0.tgz"},"directories":{}},"0.1.1":{"name":"is-dotfile","description":"Return true if a file path is (or has) a dotfile.","version":"0.1.1","homepage":"https://github.com/regexps/is-dotfile","author":{"name":"Jon Schlinkert","url":"https://github.com/jonschlinkert"},"repository":{"type":"git","url":"git://github.com/regexps/is-dotfile.git"},"bugs":{"url":"https://github.com/regexps/is-dotfile/issues"},"license":{"type":"MIT","url":"https://github.com/regexps/is-dotfile/blob/master/LICENSE-MIT"},"files":["index.js"],"main":"index.js","engines":{"node":">=0.10.0"},"scripts":{"test":"mocha -R spec"},"devDependencies":{"mocha":"*","should":"*"},"keywords":["detect","dotfile","expression","regular expression","find","match","regex","regexp","regular"],"dependencies":{"dotfile-regex":"^0.1.2"},"gitHead":"e2145fa7630061a55a52b7d283b7aee8150d1038","_id":"is-dotfile@0.1.1","_shasum":"c76c95692ff99a057784ce0041e15714bf869486","_from":".","_npmVersion":"1.4.28","_npmUser":{"name":"jonschlinkert","email":"github@sellside.com"},"maintainers":[{"name":"jonschlinkert","email":"github@sellside.com"}],"dist":{"shasum":"c76c95692ff99a057784ce0041e15714bf869486","tarball":"https://registry.npmjs.org/is-dotfile/-/is-dotfile-0.1.1.tgz"},"directories":{}},"1.0.0":{"name":"is-dotfile","description":"Return true if a file path is (or has) a dotfile.","version":"1.0.0","homepage":"https://github.com/regexps/is-dotfile","author":{"name":"Jon Schlinkert","url":"https://github.com/jonschlinkert"},"repository":{"type":"git","url":"git://github.com/regexps/is-dotfile.git"},"bugs":{"url":"https://github.com/regexps/is-dotfile/issues"},"license":{"type":"MIT","url":"https://github.com/regexps/is-dotfile/blob/master/LICENSE-MIT"},"files":["index.js"],"main":"index.js","engines":{"node":">=0.10.0"},"scripts":{"test":"mocha -R spec"},"devDependencies":{"benchmarked":"^0.1.3","dotfile-regex":"^0.1.2","mocha":"*","should":"*"},"keywords":["detect","dotfile","expression","regular expression","find","match","regex","regexp","regular"],"gitHead":"f5d2165befc5f311dee16fa985f304a7bc00e470","_id":"is-dotfile@1.0.0","_shasum":"cfb6c7d7ebcb99e97ea8a353230dd4eea3e72825","_from":".","_npmVersion":"1.4.28","_npmUser":{"name":"jonschlinkert","email":"github@sellside.com"},"maintainers":[{"name":"jonschlinkert","email":"github@sellside.com"}],"dist":{"shasum":"cfb6c7d7ebcb99e97ea8a353230dd4eea3e72825","tarball":"https://registry.npmjs.org/is-dotfile/-/is-dotfile-1.0.0.tgz"},"directories":{}},"1.0.1":{"name":"is-dotfile","description":"Return true if a file path is (or has) a dotfile.","version":"1.0.1","homepage":"https://github.com/jonschlinkert/is-dotfile","author":{"name":"Jon Schlinkert","url":"https://github.com/jonschlinkert"},"repository":{"type":"git","url":"git://github.com/jonschlinkert/is-dotfile.git"},"bugs":{"url":"https://github.com/jonschlinkert/is-dotfile/issues"},"license":"MIT","files":["index.js"],"main":"index.js","engines":{"node":">=0.10.0"},"scripts":{"test":"mocha"},"devDependencies":{"benchmarked":"^0.1.3","dotfile-regex":"^0.1.2","mocha":"*"},"keywords":["detect","dotfile","expression","regular expression","find","match","regex","regexp","regular"],"gitHead":"73de4314c679e80783335a95d6c37139c1fd40c0","_id":"is-dotfile@1.0.1","_shasum":"38beee44a79a835242c6cce328a88b7eddac5d5f","_from":".","_npmVersion":"2.5.1","_nodeVersion":"0.12.0","_npmUser":{"name":"jonschlinkert","email":"github@sellside.com"},"maintainers":[{"name":"jonschlinkert","email":"github@sellside.com"}],"dist":{"shasum":"38beee44a79a835242c6cce328a88b7eddac5d5f","tarball":"https://registry.npmjs.org/is-dotfile/-/is-dotfile-1.0.1.tgz"},"directories":{}},"1.0.2":{"name":"is-dotfile","description":"Return true if a file path is (or has) a dotfile. Returns false if the path is a dot directory.","version":"1.0.2","homepage":"https://github.com/jonschlinkert/is-dotfile","author":{"name":"Jon Schlinkert","url":"https://github.com/jonschlinkert"},"repository":{"type":"git","url":"git+https://github.com/jonschlinkert/is-dotfile.git"},"bugs":{"url":"https://github.com/jonschlinkert/is-dotfile/issues"},"license":"MIT","files":["index.js"],"main":"index.js","engines":{"node":">=0.10.0"},"scripts":{"test":"mocha"},"devDependencies":{"benchmarked":"^0.1.3","dotfile-regex":"^0.1.2","mocha":"*"},"keywords":["detect","dot","dotfile","expression","file","filepath","find","fs","is","match","path","regex","regexp","regular"],"verb":{"related":{"list":["has-glob","is-glob","dotfile-regex","is-dotdir"]}},"gitHead":"df258600b0afa6403a2a840f2ec486c9d350492f","_id":"is-dotfile@1.0.2","_shasum":"2c132383f39199f8edc268ca01b9b007d205cc4d","_from":".","_npmVersion":"2.14.7","_nodeVersion":"4.2.1","_npmUser":{"name":"jonschlinkert","email":"github@sellside.com"},"maintainers":[{"name":"jonschlinkert","email":"github@sellside.com"}],"dist":{"shasum":"2c132383f39199f8edc268ca01b9b007d205cc4d","tarball":"https://registry.npmjs.org/is-dotfile/-/is-dotfile-1.0.2.tgz"},"directories":{}}},"readme":"# is-dotfile [![NPM version](https://badge.fury.io/js/is-dotfile.svg)](http://badge.fury.io/js/is-dotfile)\n\n> Return true if a file path is (or has) a dotfile. Returns false if the path is a dot directory.\n\n## Install\n\nInstall with [npm](https://www.npmjs.com/)\n\n```sh\n$ npm i is-dotfile --save\n```\n\n## Usage\n\n```js\nvar isDotfile = require('is-dotfile');\n```\n\n**false**\n\nAll of the following return `false`:\n\n```js\nisDotfile('a/b/c.js');\nisDotfile('/.git/foo');\nisDotfile('a/b/c/.git/foo');\n//=> false\n```\n\n**true**\n\nAll of the following return `true`:\n\n```js\nisDotfile('a/b/.gitignore');\nisDotfile('.gitignore');\nisDotfile('/.gitignore');\n//=> true\n```\n\n## Related projects\n\n* [dotfile-regex](https://www.npmjs.com/package/dotfile-regex): Regular expresson for matching dotfiles. | [homepage](https://github.com/regexps/dotfile-regex)\n* [has-glob](https://www.npmjs.com/package/has-glob): Returns `true` if an array has a glob pattern. | [homepage](https://github.com/jonschlinkert/has-glob)\n* [is-dotdir](https://www.npmjs.com/package/is-dotdir): Returns true if a path is a dot-directory. | [homepage](https://github.com/jonschlinkert/is-dotdir)\n* [is-glob](https://www.npmjs.com/package/is-glob): Returns `true` if the given string looks like a glob pattern or an extglob pattern.… [more](https://www.npmjs.com/package/is-glob) | [homepage](https://github.com/jonschlinkert/is-glob)\n\n## Running tests\n\nInstall dev dependencies:\n\n```sh\n$ npm i -d && npm test\n```\n\n## Contributing\n\nPull requests and stars are always welcome. For bugs and feature requests, [please create an issue](https://github.com/jonschlinkert/is-dotfile/issues/new).\n\n## Authors\n\n**Jon Schlinkert**\n\n+ [github/jonschlinkert](https://github.com/jonschlinkert)\n+ [twitter/jonschlinkert](http://twitter.com/jonschlinkert)\n\n## License\n\nCopyright © 2015 Jon Schlinkert\nReleased under the MIT license.\n\n***\n\n_This file was generated by [verb-cli](https://github.com/assemble/verb-cli) on October 20, 2015._","maintainers":[{"name":"doowb","email":"brian.woodward@gmail.com"},{"name":"jonschlinkert","email":"github@sellside.com"}],"time":{"modified":"2017-01-07T23:53:03.537Z","created":"2015-01-22T04:50:29.140Z","0.1.0":"2015-01-22T04:50:29.140Z","0.1.1":"2015-01-22T05:50:16.807Z","1.0.0":"2015-01-24T02:37:59.187Z","1.0.1":"2015-05-25T15:25:41.541Z","1.0.2":"2015-10-20T04:57:51.926Z"},"homepage":"https://github.com/jonschlinkert/is-dotfile","keywords":["detect","dot","dotfile","expression","file","filepath","find","fs","is","match","path","regex","regexp","regular"],"repository":{"type":"git","url":"git+https://github.com/jonschlinkert/is-dotfile.git"},"author":{"name":"Jon Schlinkert","url":"https://github.com/jonschlinkert"},"bugs":{"url":"https://github.com/jonschlinkert/is-dotfile/issues"},"license":"MIT","readmeFilename":"README.md","users":{"arteffeckt":true},"_attachments":{},"_etag":"W/\"58717f5f-2444\"","_lastModified":"Sat, 07 Jan 2017 23:53:03 GMT"}