{"_id":"date-now","_rev":"17-c15c47cf6d3ae45e016ddd52aa52f298","name":"date-now","description":"A requirable version of Date.now()","dist-tags":{"latest":"1.0.1"},"versions":{"0.1.0":{"name":"date-now","version":"0.1.0","description":"A requirable version of Date.now()","keywords":[],"author":{"name":"Raynos","email":"raynos2@gmail.com"},"repository":{"type":"git","url":"git://github.com/Colingo/date-now.git"},"main":"index","homepage":"https://github.com/Colingo/date-now","contributors":[{"name":"Raynos"}],"bugs":{"url":"https://github.com/Colingo/date-now/issues","email":"raynos2@gmail.com"},"dependencies":{},"devDependencies":{"tape":"~0.2.2","browserify":"https://github.com/raynos/node-browserify/tarball/master","testem":"~0.2.52"},"licenses":[{"type":"MIT","url":"http://github.com/Colingo/date-now/raw/master/LICENSE"}],"scripts":{"test":"node ./test","build":"browserify test/index.js -o test/static/bundle.js","testem":"testem","postinstall":"npm dedup"},"testling":{"files":"test/*.js","browsers":{"ie":["8","9","10"],"firefox":["16","17","nightly"],"chrome":["22","23","canary"],"opera":["12","next"],"safari":["5.1"]}},"_id":"date-now@0.1.0","dist":{"shasum":"7f8182541508f76c22e3d43970d275696c7e74d9","tarball":"https://registry.npmjs.org/date-now/-/date-now-0.1.0.tgz"},"_npmVersion":"1.1.71","_npmUser":{"name":"raynos","email":"raynos2@gmail.com"},"maintainers":[{"name":"raynos","email":"raynos2@gmail.com"}],"directories":{}},"0.1.1":{"name":"date-now","version":"0.1.1","description":"A requirable version of Date.now()","keywords":[],"author":{"name":"Raynos","email":"raynos2@gmail.com"},"repository":{"type":"git","url":"git://github.com/Colingo/date-now.git"},"main":"index","homepage":"https://github.com/Colingo/date-now","contributors":[{"name":"Raynos"}],"bugs":{"url":"https://github.com/Colingo/date-now/issues","email":"raynos2@gmail.com"},"dependencies":{},"devDependencies":{"tape":"~0.2.2","browserify":"https://github.com/raynos/node-browserify/tarball/master","testem":"~0.2.52"},"licenses":[{"type":"MIT","url":"http://github.com/Colingo/date-now/raw/master/LICENSE"}],"scripts":{"test":"node ./test","build":"browserify test/index.js -o test/static/bundle.js","testem":"testem","postinstall":"npm dedup"},"testling":{"files":"test/*.js","browsers":{"ie":["8","9","10"],"firefox":["16","17","nightly"],"chrome":["22","23","canary"],"opera":["12","next"],"safari":["5.1"]}},"_id":"date-now@0.1.1","dist":{"shasum":"becbdb3156704444d7b2b209a4a94b2066739cd1","tarball":"https://registry.npmjs.org/date-now/-/date-now-0.1.1.tgz"},"_npmVersion":"1.1.71","_npmUser":{"name":"raynos","email":"raynos2@gmail.com"},"maintainers":[{"name":"raynos","email":"raynos2@gmail.com"}],"directories":{}},"0.1.3":{"name":"date-now","version":"0.1.3","description":"A requirable version of Date.now()","keywords":[],"author":{"name":"Raynos","email":"raynos2@gmail.com"},"repository":{"type":"git","url":"git://github.com/Colingo/date-now.git"},"main":"index","homepage":"https://github.com/Colingo/date-now","contributors":[{"name":"Artem Shoobovych"}],"bugs":{"url":"https://github.com/Colingo/date-now/issues","email":"raynos2@gmail.com"},"dependencies":{},"devDependencies":{"tape":"~0.2.2","browserify":"https://github.com/raynos/node-browserify/tarball/master","testem":"~0.2.52"},"licenses":[{"type":"MIT","url":"http://github.com/Colingo/date-now/raw/master/LICENSE"}],"scripts":{"test":"node ./test","build":"browserify test/index.js -o test/static/bundle.js","testem":"testem"},"testling":{"files":"test/*.js","browsers":{"ie":["8","9","10"],"firefox":["16","17","nightly"],"chrome":["22","23","canary"],"opera":["12","next"],"safari":["5.1"]}},"_id":"date-now@0.1.3","dist":{"shasum":"fc2a5678ae67ed60c529efc7599b521eaa817583","tarball":"https://registry.npmjs.org/date-now/-/date-now-0.1.3.tgz"},"_npmVersion":"1.1.49","_npmUser":{"name":"raynos","email":"raynos2@gmail.com"},"maintainers":[{"name":"raynos","email":"raynos2@gmail.com"}],"directories":{}},"0.1.2":{"name":"date-now","version":"0.1.2","description":"A requirable version of Date.now()","keywords":[],"author":{"name":"Raynos","email":"raynos2@gmail.com"},"repository":{"type":"git","url":"git://github.com/Colingo/date-now.git"},"main":"index","homepage":"https://github.com/Colingo/date-now","contributors":[{"name":"Raynos"}],"bugs":{"url":"https://github.com/Colingo/date-now/issues","email":"raynos2@gmail.com"},"dependencies":{},"devDependencies":{"tape":"~0.2.2","browserify":"https://github.com/raynos/node-browserify/tarball/master","testem":"~0.2.52"},"licenses":[{"type":"MIT","url":"http://github.com/Colingo/date-now/raw/master/LICENSE"}],"scripts":{"test":"node ./test","build":"browserify test/index.js -o test/static/bundle.js","testem":"testem","postinstall":"npm dedup"},"testling":{"files":"test/*.js","browsers":{"ie":["8","9","10"],"firefox":["16","17","nightly"],"chrome":["22","23","canary"],"opera":["12","next"],"safari":["5.1"]}},"_id":"date-now@0.1.2","dist":{"shasum":"dc4f2a38ed2c4817ae40e6a623ac3cac2447c6f4","tarball":"https://registry.npmjs.org/date-now/-/date-now-0.1.2.tgz"},"_from":".","_npmVersion":"1.2.3","_npmUser":{"name":"raynos","email":"raynos2@gmail.com"},"maintainers":[{"name":"raynos","email":"raynos2@gmail.com"}],"directories":{}},"0.1.4":{"name":"date-now","version":"0.1.4","description":"A requirable version of Date.now()","keywords":[],"author":{"name":"Raynos","email":"raynos2@gmail.com"},"repository":{"type":"git","url":"git://github.com/Colingo/date-now.git"},"main":"index","homepage":"https://github.com/Colingo/date-now","contributors":[{"name":"Artem Shoobovych"}],"bugs":{"url":"https://github.com/Colingo/date-now/issues","email":"raynos2@gmail.com"},"dependencies":{},"devDependencies":{"tape":"~0.2.2","browserify":"https://github.com/raynos/node-browserify/tarball/master","testem":"~0.2.52"},"licenses":[{"type":"MIT","url":"http://github.com/Colingo/date-now/raw/master/LICENSE"}],"scripts":{"test":"node ./test","build":"browserify test/index.js -o test/static/bundle.js","testem":"testem"},"testling":{"files":"test/*.js","browsers":{"ie":["8","9","10"],"firefox":["16","17","nightly"],"chrome":["22","23","canary"],"opera":["12","next"],"safari":["5.1"]}},"_id":"date-now@0.1.4","dist":{"shasum":"eaf439fd4d4848ad74e5cc7dbef200672b9e345b","tarball":"https://registry.npmjs.org/date-now/-/date-now-0.1.4.tgz"},"_from":".","_npmVersion":"1.2.3","_npmUser":{"name":"raynos","email":"raynos2@gmail.com"},"maintainers":[{"name":"raynos","email":"raynos2@gmail.com"}],"directories":{}},"1.0.0":{"name":"date-now","version":"1.0.0","description":"A requirable version of Date.now()","keywords":[],"author":{"name":"Raynos","email":"raynos2@gmail.com"},"repository":{"type":"git","url":"git://github.com/Raynos/date-now.git"},"main":"index","homepage":"https://github.com/Raynos/date-now","contributors":[{"name":"Artem Shoobovych"}],"bugs":{"url":"https://github.com/Raynos/date-now/issues","email":"raynos2@gmail.com"},"dependencies":{},"devDependencies":{"tape":"~0.2.2","browserify":"https://github.com/raynos/node-browserify/tarball/master","testem":"~0.2.52"},"licenses":[{"type":"MIT","url":"http://github.com/Raynos/date-now/raw/master/LICENSE"}],"scripts":{"test":"node ./test","build":"browserify test/index.js -o test/static/bundle.js","testem":"testem"},"testling":{"files":"test/*.js","browsers":{"ie":["8","9","10"],"firefox":["16","17","nightly"],"chrome":["22","23","canary"],"opera":["12","next"],"safari":["5.1"]}},"_id":"date-now@1.0.0","dist":{"shasum":"c68498f7e74e5db5877a1a4bb65c3d2b12804d11","tarball":"https://registry.npmjs.org/date-now/-/date-now-1.0.0.tgz"},"_from":".","_npmVersion":"1.4.6","_npmUser":{"name":"raynos","email":"raynos2@gmail.com"},"maintainers":[{"name":"raynos","email":"raynos2@gmail.com"}],"directories":{}},"1.0.1":{"name":"date-now","version":"1.0.1","description":"A requirable version of Date.now()","keywords":[],"author":{"name":"Raynos","email":"raynos2@gmail.com"},"repository":{"type":"git","url":"git://github.com/Raynos/date-now.git"},"main":"index","homepage":"https://github.com/Raynos/date-now","contributors":[{"name":"Artem Shoobovych"}],"bugs":{"url":"https://github.com/Raynos/date-now/issues","email":"raynos2@gmail.com"},"dependencies":{},"devDependencies":{"tape":"~0.2.2","browserify":"https://github.com/raynos/node-browserify/tarball/master","testem":"~0.2.52"},"licenses":[{"type":"MIT","url":"http://github.com/Raynos/date-now/raw/master/LICENSE"}],"scripts":{"test":"node ./test","build":"browserify test/index.js -o test/static/bundle.js","testem":"testem"},"component":{"scripts":{"date-now/index.js":"index.js"}},"testling":{"files":"test/*.js","browsers":{"ie":["8","9","10"],"firefox":["16","17","nightly"],"chrome":["22","23","canary"],"opera":["12","next"],"safari":["5.1"]}},"gitHead":"40056e932b53c767d42a1d06eefd1fa318360609","_id":"date-now@1.0.1","_shasum":"bb7d086438debe4182a485fb3df3fbfb99d6153c","_from":".","_npmVersion":"1.4.12","_npmUser":{"name":"raynos","email":"raynos2@gmail.com"},"maintainers":[{"name":"raynos","email":"raynos2@gmail.com"}],"dist":{"shasum":"bb7d086438debe4182a485fb3df3fbfb99d6153c","tarball":"https://registry.npmjs.org/date-now/-/date-now-1.0.1.tgz"},"directories":{}}},"readme":"# date-now\n\n[![build status][1]][2]\n\n[![browser support][3]][4]\n\n\nA requirable version of Date.now()\n\nUse-case is to be able to mock out Date.now() using require interception.\n\n## Example\n\n```js\nvar now = require(\"date-now\")\n\nvar ts = now()\nvar ts2 = Date.now()\nassert.equal(ts, ts2)\n```\n\n## example of seed\n\n```\nvar now = require(\"date-now/seed\")(timeStampFromServer)\n\n// ts is in \"sync\" with the seed value from the server\n// useful if your users have their local time being a few minutes\n// out of your server time.\nvar ts = now()\n```\n\n## Installation\n\n`npm install date-now`\n\n## Contributors\n\n - Raynos\n\n## MIT Licenced\n\n  [1]: https://secure.travis-ci.org/Raynos/date-now.png\n  [2]: http://travis-ci.org/Raynos/date-now\n  [3]: http://ci.testling.com/Raynos/date-now.png\n  [4]: http://ci.testling.com/Raynos/date-now\n","maintainers":[{"name":"raynos","email":"raynos2@gmail.com"}],"time":{"modified":"2016-11-01T17:11:48.969Z","created":"2013-01-23T01:05:20.672Z","0.1.0":"2013-01-23T01:05:21.504Z","0.1.1":"2013-01-27T05:41:43.303Z","0.1.3":"2013-01-29T17:13:27.623Z","0.1.2":"2013-02-09T03:00:29.539Z","0.1.4":"2013-02-09T03:01:53.400Z","1.0.0":"2014-04-09T07:05:44.849Z","1.0.1":"2014-06-11T23:21:08.828Z"},"author":{"name":"Raynos","email":"raynos2@gmail.com"},"repository":{"type":"git","url":"git://github.com/Raynos/date-now.git"},"homepage":"https://github.com/Raynos/date-now","keywords":[],"contributors":[{"name":"Artem Shoobovych"}],"bugs":{"url":"https://github.com/Raynos/date-now/issues","email":"raynos2@gmail.com"},"readmeFilename":"README.md","users":{"rouabhi":true,"mojaray2k":true},"_attachments":{},"_etag":"W/\"5818ccd4-2ac1\"","_lastModified":"Tue, 01 Nov 2016 17:11:48 GMT","_cached":true}