{"digest":"a812c45bf13bc5cfb9b4050eb8eb9214071ab015","css":".markdown-preview:not([data-use-github-style]) {\n  padding: 2em;\n  font-size: 1.2em;\n  color: #abb2bf;\n  background-color: #282c34;\n  overflow: auto;\n}\n.markdown-preview:not([data-use-github-style]) > :first-child {\n  margin-top: 0;\n}\n.markdown-preview:not([data-use-github-style]) h1,\n.markdown-preview:not([data-use-github-style]) h2,\n.markdown-preview:not([data-use-github-style]) h3,\n.markdown-preview:not([data-use-github-style]) h4,\n.markdown-preview:not([data-use-github-style]) h5,\n.markdown-preview:not([data-use-github-style]) h6 {\n  line-height: 1.2;\n  margin-top: 1.5em;\n  margin-bottom: 0.5em;\n  color: #ffffff;\n}\n.markdown-preview:not([data-use-github-style]) h1 {\n  font-size: 2.4em;\n  font-weight: 300;\n}\n.markdown-preview:not([data-use-github-style]) h2 {\n  font-size: 1.8em;\n  font-weight: 400;\n}\n.markdown-preview:not([data-use-github-style]) h3 {\n  font-size: 1.5em;\n  font-weight: 500;\n}\n.markdown-preview:not([data-use-github-style]) h4 {\n  font-size: 1.2em;\n  font-weight: 600;\n}\n.markdown-preview:not([data-use-github-style]) h5 {\n  font-size: 1.1em;\n  font-weight: 600;\n}\n.markdown-preview:not([data-use-github-style]) h6 {\n  font-size: 1.0em;\n  font-weight: 600;\n}\n.markdown-preview:not([data-use-github-style]) strong {\n  color: #ffffff;\n}\n.markdown-preview:not([data-use-github-style]) del {\n  color: #7c879c;\n}\n.markdown-preview:not([data-use-github-style]) a,\n.markdown-preview:not([data-use-github-style]) a code {\n  color: #528bff;\n}\n.markdown-preview:not([data-use-github-style]) img {\n  max-width: 100%;\n}\n.markdown-preview:not([data-use-github-style]) > p {\n  margin-top: 0;\n  margin-bottom: 1.5em;\n}\n.markdown-preview:not([data-use-github-style]) > ul,\n.markdown-preview:not([data-use-github-style]) > ol {\n  margin-bottom: 1.5em;\n}\n.markdown-preview:not([data-use-github-style]) blockquote {\n  margin: 1.5em 0;\n  font-size: inherit;\n  color: #7c879c;\n  border-color: #4b5362;\n  border-width: 4px;\n}\n.markdown-preview:not([data-use-github-style]) hr {\n  margin: 3em 0;\n  border-top: 2px dashed #4b5362;\n  background: none;\n}\n.markdown-preview:not([data-use-github-style]) table {\n  margin: 1.5em 0;\n}\n.markdown-preview:not([data-use-github-style]) th {\n  color: #ffffff;\n}\n.markdown-preview:not([data-use-github-style]) th,\n.markdown-preview:not([data-use-github-style]) td {\n  padding: .66em 1em;\n  border: 1px solid #4b5362;\n}\n.markdown-preview:not([data-use-github-style]) code {\n  color: #ffffff;\n  background-color: #3a3f4b;\n}\n.markdown-preview:not([data-use-github-style]) atom-text-editor {\n  margin: 1.5em 0;\n  padding: 1em;\n  font-size: .92em;\n  border-radius: 3px;\n  background-color: #31363f;\n}\n.markdown-preview:not([data-use-github-style]) kbd {\n  color: #ffffff;\n  border: 1px solid #4b5362;\n  border-bottom: 2px solid #3e4451;\n  background-color: #3a3f4b;\n}\n","imports":[{"path":"static\\variables\\ui-variables.less","digest":"e3029f763111ec391f6dcea8178d35be7c798b4f"},{"path":"static\\variables\\syntax-variables.less","digest":"812c1b7883a023f768773d14294653adcdb932d7"},{"path":"node_modules\\one-dark-syntax\\styles\\syntax-variables.less","digest":"3c7face5194cc85d83f478b41471c2ac17f6bef1"},{"path":"node_modules\\one-dark-syntax\\styles\\colors.less","digest":"66bba03e9aabff000a84c2839a9d3e9a9fa08e0e"}],"version":1}