{"digest":"61743ae59cf2dd4caf7f148985be6bccc3d74d0a","css":".scrollbars-visible-always .markdown-preview atom-text-editor .vertical-scrollbar,\n.scrollbars-visible-always .markdown-preview atom-text-editor .horizontal-scrollbar {\n  visibility: hidden;\n}\n.scrollbars-visible-always .markdown-preview atom-text-editor:hover .vertical-scrollbar,\n.scrollbars-visible-always .markdown-preview atom-text-editor:hover .horizontal-scrollbar {\n  visibility: visible;\n}\n.markdown-preview .task-list-item-checkbox {\n  position: absolute;\n  margin: 0.25em 0 0 -1.4em;\n}\n.markdown-spinner {\n  margin: auto;\n  background-image: url(images/octocat-spinner-128.gif);\n  background-repeat: no-repeat;\n  background-size: 64px;\n  background-position: top center;\n  padding-top: 70px;\n  text-align: center;\n}\n","imports":[{"path":"static\\variables\\ui-variables.less","digest":"e3029f763111ec391f6dcea8178d35be7c798b4f"},{"path":"static\\variables\\syntax-variables.less","digest":"812c1b7883a023f768773d14294653adcdb932d7"}],"version":1}