{"digest":"b72a2e8e65c33a2673ae5014690605f96af9ded4","css":".timecop {\n  overflow: auto;\n}\n.timecop .timecop-panel {\n  background-color: #263238;\n}\n.timecop .list-item {\n  margin-top: 10px;\n  margin-bottom: 10px;\n}\n.timecop .panels {\n  display: -webkit-flex;\n  -webkit-flex-direction: row;\n}\n.timecop .package-panel {\n  display: -webkit-flex;\n  -webkit-flex-direction: row;\n  flex: 1;\n}\n.timecop .package-panel .list-group {\n  overflow: hidden;\n}\n.timecop .package-panel .inset-panel {\n  width: 100%;\n}\n.timecop .timing {\n  margin-bottom: 10px;\n}\n","imports":[{"path":"static\\variables\\ui-variables.less","digest":"e3029f763111ec391f6dcea8178d35be7c798b4f"},{"path":"static\\variables\\syntax-variables.less","digest":"812c1b7883a023f768773d14294653adcdb932d7"},{"path":"static\\variables\\octicon-mixins.less","digest":"ae3c4b031911e5fcb5ff6abeb3606418817fb318"},{"path":"static\\variables\\octicon-utf-codes.less","digest":"b4d5267375a52ceb1dda28ee7c224ba03040e52d"},{"path":"static\\variables\\octicon-utf-codes.less","digest":"b4d5267375a52ceb1dda28ee7c224ba03040e52d"},{"path":"C:\\Users\\JRodr\\.atom\\packages\\material-ui\\styles\\ui-variables.less","digest":"45819ad5bbf7b4233dbc3fad269f8a93510eee14"},{"path":"static\\variables\\syntax-variables.less","digest":"812c1b7883a023f768773d14294653adcdb932d7"}],"version":1}