{"digest":"115afd2150bbb4e88896f137b0272f953b365858","css":"atom-notifications:empty {\n  pointer-events: none;\n}\natom-text-editor[with-minimap] {\n  display: flex;\n}\natom-text-editor[with-minimap] .editor--private {\n  order: 2;\n  flex: 1 0 90%;\n  width: 90%;\n}\natom-text-editor atom-text-editor-minimap,\nhtml atom-text-editor-minimap {\n  display: block;\n  overflow: hidden;\n  position: relative;\n  -webkit-user-select: none;\n}\natom-text-editor atom-text-editor-minimap:not([stand-alone]),\nhtml atom-text-editor-minimap:not([stand-alone]) {\n  height: 100%;\n  order: 3;\n  width: 10%;\n  flex: 0 0 10%;\n}\natom-text-editor atom-text-editor-minimap:not([stand-alone]).left,\nhtml atom-text-editor-minimap:not([stand-alone]).left {\n  order: 1;\n}\natom-text-editor atom-text-editor-minimap.absolute,\nhtml atom-text-editor-minimap.absolute {\n  position: absolute;\n  right: 0;\n}\natom-text-editor atom-text-editor-minimap.absolute.adjust-absolute-height,\nhtml atom-text-editor-minimap.absolute.adjust-absolute-height {\n  pointer-events: none;\n}\natom-text-editor atom-text-editor-minimap.absolute.adjust-absolute-height canvas,\nhtml atom-text-editor-minimap.absolute.adjust-absolute-height canvas {\n  pointer-events: auto;\n}\natom-text-editor atom-text-editor-minimap.absolute.left,\nhtml atom-text-editor-minimap.absolute.left {\n  position: relative;\n  right: initial;\n}\natom-text-editor atom-text-editor-minimap.absolute .open-minimap-quick-settings,\nhtml atom-text-editor-minimap.absolute .open-minimap-quick-settings {\n  right: 16px;\n}\natom-text-editor atom-text-editor-minimap canvas,\nhtml atom-text-editor-minimap canvas {\n  position: absolute;\n  top: 0;\n  left: 0;\n  transform-origin: 0 0;\n}\natom-text-editor atom-text-editor-minimap .minimap-visible-area,\nhtml atom-text-editor-minimap .minimap-visible-area {\n  position: absolute;\n  display: block;\n  cursor: -webkit-grab;\n  border-left: 0px solid rgba(127, 127, 127, 0.1);\n}\natom-text-editor atom-text-editor-minimap .minimap-visible-area:active,\nhtml atom-text-editor-minimap .minimap-visible-area:active {\n  cursor: -webkit-grabbing;\n}\natom-text-editor atom-text-editor-minimap .minimap-visible-area::after,\nhtml atom-text-editor-minimap .minimap-visible-area::after {\n  content: '';\n  position: absolute;\n  top: 0;\n  left: 0;\n  right: 0;\n  bottom: 0;\n  background-color: rgba(127, 127, 127, 0.2);\n}\natom-text-editor atom-text-editor-minimap .minimap-controls,\nhtml atom-text-editor-minimap .minimap-controls {\n  position: relative;\n  height: 100%;\n  pointer-events: none;\n}\natom-text-editor atom-text-editor-minimap .minimap-scroll-indicator,\nhtml atom-text-editor-minimap .minimap-scroll-indicator {\n  position: absolute;\n  display: block;\n  right: 0;\n  width: 2px;\n  min-height: 2px;\n  z-index: 10;\n  background: #3a3f4b;\n}\natom-text-editor atom-text-editor-minimap .open-minimap-quick-settings,\nhtml atom-text-editor-minimap .open-minimap-quick-settings {\n  opacity: 0;\n  position: absolute;\n  z-index: 1;\n  cursor: pointer;\n  pointer-events: auto;\n  color: #9da5b4;\n  font-size: 20px;\n  text-align: center;\n  line-height: 24px;\n  width: 24px;\n  height: 24px;\n  display: block;\n  right: 8px;\n  transition: opacity 0.4s;\n}\natom-text-editor atom-text-editor-minimap .open-minimap-quick-settings:before,\nhtml atom-text-editor-minimap .open-minimap-quick-settings:before {\n  content: '\\f02f';\n  font-family: 'Octicons Regular';\n}\natom-text-editor atom-text-editor-minimap:hover .open-minimap-quick-settings,\nhtml atom-text-editor-minimap:hover .open-minimap-quick-settings {\n  opacity: 1;\n  transition: opacity 0.1s;\n}\nminimap-quick-settings {\n  position: absolute !important;\n  z-index: 5;\n}\nminimap-quick-settings .hidden-input {\n  position: absolute;\n  width: 0;\n  height: 0;\n  background: transparent;\n  border: none;\n}\nminimap-quick-settings ol {\n  margin-top: 0 !important;\n}\nminimap-quick-settings ol .separator {\n  background: #31363f;\n  height: 1px;\n}\nminimap-quick-settings ol .separator:first-child {\n  display: none;\n}\nminimap-quick-settings ol li:hover {\n  background: #31363f;\n}\nminimap-quick-settings .select-list.popover-list ol.list-group {\n  overflow: visible;\n  max-height: none;\n}\nminimap-quick-settings .btn-group {\n  width: 100%;\n}\nminimap-quick-settings .btn-group .btn {\n  width: 50%;\n}\n","imports":[{"path":"static\\variables\\ui-variables.less","digest":"e3029f763111ec391f6dcea8178d35be7c798b4f"},{"path":"static\\variables\\syntax-variables.less","digest":"812c1b7883a023f768773d14294653adcdb932d7"},{"path":"node_modules\\one-dark-ui\\styles\\ui-variables.less","digest":"ade239ee28a3515a891063cf32f6ab0f6abbee09"},{"path":"node_modules\\one-dark-ui\\styles\\ui-variables-custom.less","digest":"92eb775b31e95606771953333016577d686314d9"},{"path":"node_modules\\one-dark-syntax\\styles\\syntax-variables.less","digest":"3c7face5194cc85d83f478b41471c2ac17f6bef1"},{"path":"node_modules\\one-dark-syntax\\styles\\colors.less","digest":"66bba03e9aabff000a84c2839a9d3e9a9fa08e0e"}],"version":1}