{"_id":"repeat-element","_rev":"6-503ce8bbe6f0cdd9277da397d6e36af3","name":"repeat-element","description":"Create an array by repeating the given value n times.","dist-tags":{"latest":"1.1.2"},"versions":{"1.0.0":{"name":"repeat-element","description":"Create an array by repeating the given string n times.","version":"1.0.0","homepage":"https://github.com/jonschlinkert/repeat-element","author":{"name":"Jon Schlinkert","url":"https://github.com/jonschlinkert"},"repository":{"type":"git","url":"git://github.com/jonschlinkert/repeat-element.git"},"bugs":{"url":"https://github.com/jonschlinkert/repeat-element/issues"},"license":{"type":"MIT","url":"https://github.com/jonschlinkert/repeat-element/blob/master/LICENSE-MIT"},"main":"index.js","engines":{"node":">=0.10.0"},"scripts":{"test":"mocha -R spec"},"devDependencies":{"mocha":"*"},"keywords":["array","element","repeat","string"],"gitHead":"156ba7d5b3b8c36c15b09f1a60d4d26ce0ccb02e","_id":"repeat-element@1.0.0","_shasum":"8eb69be1627e61adb320e121be0e6621c7476918","_from":".","_npmVersion":"1.4.23","_npmUser":{"name":"jonschlinkert","email":"github@sellside.com"},"maintainers":[{"name":"jonschlinkert","email":"github@sellside.com"}],"dist":{"shasum":"8eb69be1627e61adb320e121be0e6621c7476918","tarball":"https://registry.npmjs.org/repeat-element/-/repeat-element-1.0.0.tgz"},"directories":{}},"1.1.0":{"name":"repeat-element","description":"Create an array by repeating the given string n times.","version":"1.1.0","homepage":"https://github.com/jonschlinkert/repeat-element","author":{"name":"Jon Schlinkert","url":"https://github.com/jonschlinkert"},"repository":{"type":"git","url":"git://github.com/jonschlinkert/repeat-element.git"},"bugs":{"url":"https://github.com/jonschlinkert/repeat-element/issues"},"license":{"type":"MIT","url":"https://github.com/jonschlinkert/repeat-element/blob/master/LICENSE-MIT"},"main":"index.js","engines":{"node":">=0.10.0"},"scripts":{"test":"mocha -R spec"},"files":["index.js"],"devDependencies":{"benchmarked":"^0.1.3","chalk":"^0.5.1","glob":"^4.3.5","minimist":"^1.1.0","mocha":"*"},"keywords":["array","element","repeat","string"],"gitHead":"4810bfdaa6749c3f7e5013f2c23fe1bc43c61e1f","_id":"repeat-element@1.1.0","_shasum":"3307c041c52bb36a36e380de2d252ef61a907cca","_from":".","_npmVersion":"1.4.28","_npmUser":{"name":"jonschlinkert","email":"github@sellside.com"},"maintainers":[{"name":"jonschlinkert","email":"github@sellside.com"}],"dist":{"shasum":"3307c041c52bb36a36e380de2d252ef61a907cca","tarball":"https://registry.npmjs.org/repeat-element/-/repeat-element-1.1.0.tgz"},"directories":{}},"1.1.1":{"name":"repeat-element","description":"Create an array by repeating the given value n times.","version":"1.1.1","homepage":"https://github.com/jonschlinkert/repeat-element","author":{"name":"Jon Schlinkert","url":"https://github.com/jonschlinkert"},"repository":{"type":"git","url":"git://github.com/jonschlinkert/repeat-element.git"},"bugs":{"url":"https://github.com/jonschlinkert/repeat-element/issues"},"license":{"type":"MIT","url":"https://github.com/jonschlinkert/repeat-element/blob/master/LICENSE"},"main":"index.js","engines":{"node":">=0.10.0"},"scripts":{"test":"mocha"},"files":["index.js"],"keywords":["array","element","repeat","string"],"devDependencies":{"benchmarked":"^0.1.4","chalk":"^1.0.0","glob":"^5.0.5","minimist":"^1.1.1"},"gitHead":"8cc3318bd824c364102de01e3afe53a4290f4ae3","_id":"repeat-element@1.1.1","_shasum":"18120b13aa79a932495b357529c76935522ff599","_from":".","_npmVersion":"2.5.1","_nodeVersion":"0.12.0","_npmUser":{"name":"jonschlinkert","email":"github@sellside.com"},"maintainers":[{"name":"jonschlinkert","email":"github@sellside.com"}],"dist":{"shasum":"18120b13aa79a932495b357529c76935522ff599","tarball":"https://registry.npmjs.org/repeat-element/-/repeat-element-1.1.1.tgz"},"directories":{}},"1.1.2":{"name":"repeat-element","description":"Create an array by repeating the given value n times.","version":"1.1.2","homepage":"https://github.com/jonschlinkert/repeat-element","author":{"name":"Jon Schlinkert","url":"https://github.com/jonschlinkert"},"repository":{"type":"git","url":"git://github.com/jonschlinkert/repeat-element.git"},"bugs":{"url":"https://github.com/jonschlinkert/repeat-element/issues"},"license":{"type":"MIT","url":"https://github.com/jonschlinkert/repeat-element/blob/master/LICENSE"},"main":"index.js","engines":{"node":">=0.10.0"},"scripts":{"test":"mocha"},"files":["index.js"],"keywords":["array","element","repeat","string"],"devDependencies":{"benchmarked":"^0.1.4","chalk":"^1.0.0","glob":"^5.0.5","minimist":"^1.1.1","mocha":"^2.2.4"},"gitHead":"7a6b21d58eafcc44fc8de133c70a8398ee9fdd8d","_id":"repeat-element@1.1.2","_shasum":"ef089a178d1483baae4d93eb98b4f9e4e11d990a","_from":".","_npmVersion":"2.5.1","_nodeVersion":"0.12.0","_npmUser":{"name":"jonschlinkert","email":"github@sellside.com"},"maintainers":[{"name":"jonschlinkert","email":"github@sellside.com"}],"dist":{"shasum":"ef089a178d1483baae4d93eb98b4f9e4e11d990a","tarball":"https://registry.npmjs.org/repeat-element/-/repeat-element-1.1.2.tgz"},"directories":{}}},"readme":"# repeat-element [![NPM version](https://badge.fury.io/js/repeat-element.svg)](http://badge.fury.io/js/repeat-element)\n\n> Create an array by repeating the given value n times.\n\n## Install\n\nInstall with [npm](https://www.npmjs.com/)\n\n```bash\nnpm i repeat-element --save\n```\n\n## Usage\n\n```js\nvar repeat = require('repeat-element');\n\nrepeat('a', 5);\n//=> ['a', 'a', 'a', 'a', 'a']\n\nrepeat('a', 1);\n//=> ['a']\n\nrepeat('a', 0);\n//=> []\n\nrepeat(null, 5)\n//» [ null, null, null, null, null ]\n\nrepeat({some: 'object'}, 5)\n//» [ { some: 'object' },\n//    { some: 'object' },\n//    { some: 'object' },\n//    { some: 'object' },\n//    { some: 'object' } ]\n\nrepeat(5, 5)\n//» [ 5, 5, 5, 5, 5 ]\n```\n\n## Related projects\n\n[repeat-string](https://github.com/jonschlinkert/repeat-string): Repeat the given string n times. Fastest implementation for repeating a string.\n\n## Running tests\n\nInstall dev dependencies:\n\n```bash\nnpm i -d && npm test\n```\n\n## Contributing\n\nPull requests and stars are always welcome. For bugs and feature requests, [please create an issue](https://github.com/jonschlinkert/repeat-element/issues)\n\n## Author\n\n**Jon Schlinkert**\n\n+ [github/jonschlinkert](https://github.com/jonschlinkert)\n+ [twitter/jonschlinkert](http://twitter.com/jonschlinkert)\n\n## License\n\nCopyright (c) 2015 Jon Schlinkert\nReleased under the MIT license.\n\n***\n\n_This file was generated by [verb-cli](https://github.com/assemble/verb-cli) on May 06, 2015._\n","maintainers":[{"name":"jonschlinkert","email":"github@sellside.com"}],"time":{"modified":"2015-05-07T03:19:33.716Z","created":"2015-01-11T23:45:10.936Z","1.0.0":"2015-01-11T23:45:10.936Z","1.1.0":"2015-01-26T17:56:50.027Z","1.1.1":"2015-05-07T03:17:19.496Z","1.1.2":"2015-05-07T03:19:33.716Z"},"homepage":"https://github.com/jonschlinkert/repeat-element","keywords":["array","element","repeat","string"],"repository":{"type":"git","url":"git://github.com/jonschlinkert/repeat-element.git"},"author":{"name":"Jon Schlinkert","url":"https://github.com/jonschlinkert"},"bugs":{"url":"https://github.com/jonschlinkert/repeat-element/issues"},"license":{"type":"MIT","url":"https://github.com/jonschlinkert/repeat-element/blob/master/LICENSE"},"readmeFilename":"README.md","_attachments":{},"_etag":"W/\"554ad9c5-1d07\"","_lastModified":"Thu, 07 May 2015 03:19:33 GMT"}