{"_id":"sb-config-file","_rev":"8-91a51fa2d3e0faa2075ec9f9a6ce7427","name":"sb-config-file","description":"Manage JSON configuration files without race conditions","dist-tags":{"latest":"3.0.2"},"versions":{"1.0.0":{"name":"sb-config-file","version":"1.0.0","description":"Manage JSON configuration files without race conditions","main":"lib/index.js","scripts":{"test":"(apm test) && (flow check) && (eslint . )","clean":"rm -rf lib","build":"npm run clean; babel src --out-dir lib","watch":"npm run build -- -w"},"repository":{"type":"git","url":"git+https://github.com/steelbrain/config-file.git"},"keywords":["cli","app","config"],"author":{"name":"steelbrain","email":"i@steelbrain.me"},"license":"MIT","bugs":{"url":"https://github.com/steelbrain/config-file/issues"},"dependencies":{"strip-bom":"^3.0.0","strip-json-comments":"^2.0.1","write-file-atomic":"^1.3.1"},"devDependencies":{"babel-cli":"^6.11.4","babel-preset-steelbrain":"^4.0.2","eslint-config-steelbrain":"^1.0.4","flow-bin":"^0.32.0","jasmine-fix":"^1.0.1","rimraf":"^2.5.4","sb-copy":"^1.0.1","sb-fs":"^1.1.1"},"gitHead":"9e8f3c4baf10af1fc543eb67bff8511df542b100","homepage":"https://github.com/steelbrain/config-file#readme","_id":"sb-config-file@1.0.0","_shasum":"0d74aeca4946955894f6c4c98cef96771461b775","_from":".","_npmVersion":"4.0.5","_nodeVersion":"7.4.0","_npmUser":{"name":"steelbrain","email":"i@steelbrain.me"},"dist":{"shasum":"0d74aeca4946955894f6c4c98cef96771461b775","tarball":"https://registry.npmjs.org/sb-config-file/-/sb-config-file-1.0.0.tgz"},"maintainers":[{"name":"steelbrain","email":"i@steelbrain.me"}],"_npmOperationalInternal":{"host":"packages-18-east.internal.npmjs.com","tmp":"tmp/sb-config-file-1.0.0.tgz_1486512979862_0.505558863049373"},"directories":{}},"1.1.0":{"name":"sb-config-file","version":"1.1.0","description":"Manage JSON configuration files without race conditions","main":"lib/index.js","scripts":{"test":"(apm test) && (flow check) && (eslint . )","clean":"rm -rf lib","build":"npm run clean; babel src --out-dir lib","watch":"npm run build -- -w"},"repository":{"type":"git","url":"git+https://github.com/steelbrain/config-file.git"},"keywords":["cli","app","config"],"author":{"name":"steelbrain","email":"i@steelbrain.me"},"license":"MIT","bugs":{"url":"https://github.com/steelbrain/config-file/issues"},"dependencies":{"strip-bom":"^3.0.0","strip-json-comments":"^2.0.1","write-file-atomic":"^1.3.1"},"devDependencies":{"babel-cli":"^6.11.4","babel-preset-steelbrain":"^4.0.2","eslint-config-steelbrain":"^1.0.4","flow-bin":"^0.32.0","jasmine-fix":"^1.0.1","rimraf":"^2.5.4","sb-copy":"^1.0.1","sb-fs":"^1.1.1"},"gitHead":"a568b4937505714ee4e23147fca10c4a046b24b5","homepage":"https://github.com/steelbrain/config-file#readme","_id":"sb-config-file@1.1.0","_shasum":"49da2eecaf5f29d5e95adda54ed194ef1826577f","_from":".","_npmVersion":"4.0.5","_nodeVersion":"7.4.0","_npmUser":{"name":"steelbrain","email":"i@steelbrain.me"},"dist":{"shasum":"49da2eecaf5f29d5e95adda54ed194ef1826577f","tarball":"https://registry.npmjs.org/sb-config-file/-/sb-config-file-1.1.0.tgz"},"maintainers":[{"name":"steelbrain","email":"i@steelbrain.me"}],"_npmOperationalInternal":{"host":"packages-12-west.internal.npmjs.com","tmp":"tmp/sb-config-file-1.1.0.tgz_1486514041570_0.7233716223854572"},"directories":{}},"1.2.0":{"name":"sb-config-file","version":"1.2.0","description":"Manage JSON configuration files without race conditions","main":"lib/index.js","scripts":{"test":"(apm test) && (flow check) && (eslint . )","clean":"rm -rf lib","build":"npm run clean; babel src --out-dir lib","watch":"npm run build -- -w"},"repository":{"type":"git","url":"git+https://github.com/steelbrain/config-file.git"},"keywords":["cli","app","config"],"author":{"name":"steelbrain","email":"i@steelbrain.me"},"license":"MIT","bugs":{"url":"https://github.com/steelbrain/config-file/issues"},"dependencies":{"strip-bom":"^3.0.0","strip-json-comments":"^2.0.1","write-file-atomic":"^1.3.1"},"devDependencies":{"babel-cli":"^6.11.4","babel-preset-steelbrain":"^4.0.2","eslint-config-steelbrain":"^1.0.4","flow-bin":"^0.32.0","jasmine-fix":"^1.0.1","rimraf":"^2.5.4","sb-copy":"^1.0.1","sb-fs":"^1.1.1"},"gitHead":"56efb13a78dd781027ab9e39416327066bd6b186","homepage":"https://github.com/steelbrain/config-file#readme","_id":"sb-config-file@1.2.0","_shasum":"c357053730047d9e5b88920e03bc4b3faaf0a448","_from":".","_npmVersion":"4.0.5","_nodeVersion":"7.4.0","_npmUser":{"name":"steelbrain","email":"i@steelbrain.me"},"dist":{"shasum":"c357053730047d9e5b88920e03bc4b3faaf0a448","tarball":"https://registry.npmjs.org/sb-config-file/-/sb-config-file-1.2.0.tgz"},"maintainers":[{"name":"steelbrain","email":"i@steelbrain.me"}],"_npmOperationalInternal":{"host":"packages-18-east.internal.npmjs.com","tmp":"tmp/sb-config-file-1.2.0.tgz_1486681540159_0.3919312655925751"},"directories":{}},"1.2.1":{"name":"sb-config-file","version":"1.2.1","description":"Manage JSON configuration files without race conditions","main":"lib/index.js","scripts":{"test":"(apm test) && (flow check) && (eslint . )","clean":"rm -rf lib","compile":"npm run clean; babel src --out-dir lib","watch":"npm run compile -- -w"},"repository":{"type":"git","url":"git+https://github.com/steelbrain/config-file.git"},"keywords":["cli","app","config"],"author":{"name":"steelbrain","email":"i@steelbrain.me"},"license":"MIT","bugs":{"url":"https://github.com/steelbrain/config-file/issues"},"dependencies":{"strip-bom":"^3.0.0","strip-json-comments":"^2.0.1","write-file-atomic":"^1.3.1"},"devDependencies":{"babel-cli":"^6.11.4","babel-preset-steelbrain":"^4.0.2","eslint-config-steelbrain":"^1.0.4","flow-bin":"^0.32.0","jasmine-fix":"^1.0.1","rimraf":"^2.5.4","sb-copy":"^1.0.1","sb-fs":"^1.1.1"},"gitHead":"c08bcf7bc44768575f2a37955bfda4cd84ed2edc","homepage":"https://github.com/steelbrain/config-file#readme","_id":"sb-config-file@1.2.1","_shasum":"ce487895af6595218bdee4369bf7d03897d6222c","_from":".","_npmVersion":"4.0.5","_nodeVersion":"7.4.0","_npmUser":{"name":"steelbrain","email":"i@steelbrain.me"},"dist":{"shasum":"ce487895af6595218bdee4369bf7d03897d6222c","tarball":"https://registry.npmjs.org/sb-config-file/-/sb-config-file-1.2.1.tgz"},"maintainers":[{"name":"steelbrain","email":"i@steelbrain.me"}],"_npmOperationalInternal":{"host":"packages-18-east.internal.npmjs.com","tmp":"tmp/sb-config-file-1.2.1.tgz_1486681734659_0.11747864284552634"},"directories":{}},"2.0.0":{"name":"sb-config-file","version":"2.0.0","description":"Manage JSON configuration files without race conditions","main":"lib/index.js","scripts":{"test":"(apm test) && (flow check) && (eslint . )","clean":"rm -rf lib","compile":"npm run clean; babel src --out-dir lib","watch":"npm run compile -- -w"},"repository":{"type":"git","url":"git+https://github.com/steelbrain/config-file.git"},"keywords":["cli","app","config"],"author":{"name":"steelbrain","email":"i@steelbrain.me"},"license":"MIT","bugs":{"url":"https://github.com/steelbrain/config-file/issues"},"dependencies":{"strip-bom":"^3.0.0","write-file-atomic":"^1.3.1"},"devDependencies":{"babel-cli":"^6.11.4","babel-preset-steelbrain":"^4.0.2","eslint-config-steelbrain":"^1.0.4","flow-bin":"^0.32.0","jasmine-fix":"^1.0.1","rimraf":"^2.5.4","sb-copy":"^1.0.1","sb-fs":"^1.1.1"},"gitHead":"6e7fbfcde2ea6598a0f19c168d4f6b8d8665b168","homepage":"https://github.com/steelbrain/config-file#readme","_id":"sb-config-file@2.0.0","_shasum":"e6bcfcfa29d66522edd0b7d47f3128db6b5220a7","_from":".","_npmVersion":"4.0.5","_nodeVersion":"7.4.0","_npmUser":{"name":"steelbrain","email":"i@steelbrain.me"},"dist":{"shasum":"e6bcfcfa29d66522edd0b7d47f3128db6b5220a7","tarball":"https://registry.npmjs.org/sb-config-file/-/sb-config-file-2.0.0.tgz"},"maintainers":[{"name":"steelbrain","email":"i@steelbrain.me"}],"_npmOperationalInternal":{"host":"packages-12-west.internal.npmjs.com","tmp":"tmp/sb-config-file-2.0.0.tgz_1487021316506_0.6149059198796749"},"directories":{}},"3.0.0":{"name":"sb-config-file","version":"3.0.0","description":"Manage JSON configuration files without race conditions","main":"lib/index.js","scripts":{"test":"(apm test) && (flow check) && (eslint . )","clean":"rm -rf lib","compile":"npm run clean; babel src --out-dir lib","watch":"npm run compile -- -w"},"repository":{"type":"git","url":"git+https://github.com/steelbrain/config-file.git"},"keywords":["cli","app","config"],"author":{"name":"steelbrain","email":"i@steelbrain.me"},"license":"MIT","bugs":{"url":"https://github.com/steelbrain/config-file/issues"},"dependencies":{"sb-fs":"^1.1.1","strip-bom":"^3.0.0","write-file-atomic":"^1.3.1"},"devDependencies":{"babel-cli":"^6.11.4","babel-preset-steelbrain":"^4.0.2","eslint-config-steelbrain":"^1.0.4","flow-bin":"^0.32.0","jasmine-fix":"^1.0.1","rimraf":"^2.5.4","sb-copy":"^1.0.1","sb-fs":"^1.1.1"},"gitHead":"a8f106be67500109aa8190ae3bdefcdce3798b73","homepage":"https://github.com/steelbrain/config-file#readme","_id":"sb-config-file@3.0.0","_shasum":"e261c3ebb56be4c0f7833dd4ae7443a6eeae0598","_from":".","_npmVersion":"4.0.5","_nodeVersion":"7.4.0","_npmUser":{"name":"steelbrain","email":"i@steelbrain.me"},"dist":{"shasum":"e261c3ebb56be4c0f7833dd4ae7443a6eeae0598","tarball":"https://registry.npmjs.org/sb-config-file/-/sb-config-file-3.0.0.tgz"},"maintainers":[{"name":"steelbrain","email":"i@steelbrain.me"}],"_npmOperationalInternal":{"host":"packages-12-west.internal.npmjs.com","tmp":"tmp/sb-config-file-3.0.0.tgz_1487037340221_0.2247736006975174"},"directories":{}},"3.0.1":{"name":"sb-config-file","version":"3.0.1","description":"Manage JSON configuration files without race conditions","main":"lib/index.js","scripts":{"test":"(apm test) && (flow check) && (eslint . )","clean":"rm -rf lib","compile":"npm run clean; babel src --out-dir lib","watch":"npm run compile -- -w"},"repository":{"type":"git","url":"git+https://github.com/steelbrain/config-file.git"},"keywords":["cli","app","config"],"author":{"name":"steelbrain","email":"i@steelbrain.me"},"license":"MIT","bugs":{"url":"https://github.com/steelbrain/config-file/issues"},"dependencies":{"sb-fs":"^1.1.1","strip-bom":"^3.0.0","write-file-atomic":"^1.3.1"},"devDependencies":{"babel-cli":"^6.11.4","babel-preset-steelbrain":"^4.0.2","eslint-config-steelbrain":"^1.0.4","flow-bin":"^0.32.0","jasmine-fix":"^1.0.1","rimraf":"^2.5.4","sb-copy":"^1.0.1","sb-fs":"^1.1.1"},"gitHead":"20282e876fb604f28a30feb0709d0edf23790fb8","homepage":"https://github.com/steelbrain/config-file#readme","_id":"sb-config-file@3.0.1","_shasum":"bccc4709f5eaf0da0d6c969b39c5f9796db9c63d","_from":".","_npmVersion":"4.0.5","_nodeVersion":"7.4.0","_npmUser":{"name":"steelbrain","email":"i@steelbrain.me"},"dist":{"shasum":"bccc4709f5eaf0da0d6c969b39c5f9796db9c63d","tarball":"https://registry.npmjs.org/sb-config-file/-/sb-config-file-3.0.1.tgz"},"maintainers":[{"name":"steelbrain","email":"i@steelbrain.me"}],"_npmOperationalInternal":{"host":"packages-12-west.internal.npmjs.com","tmp":"tmp/sb-config-file-3.0.1.tgz_1487039038206_0.8830831761006266"},"directories":{}},"3.0.2":{"name":"sb-config-file","version":"3.0.2","description":"Manage JSON configuration files without race conditions","main":"lib/index.js","scripts":{"test":"(apm test) && (flow check) && (eslint . )","clean":"rm -rf lib","compile":"npm run clean; babel src --out-dir lib","watch":"npm run compile -- -w"},"repository":{"type":"git","url":"git+https://github.com/steelbrain/config-file.git"},"keywords":["cli","app","config"],"author":{"name":"steelbrain","email":"i@steelbrain.me"},"license":"MIT","bugs":{"url":"https://github.com/steelbrain/config-file/issues"},"dependencies":{"sb-fs":"^1.1.1","strip-bom":"^3.0.0","write-file-atomic":"^1.3.1"},"devDependencies":{"babel-cli":"^6.11.4","babel-preset-steelbrain":"^4.0.2","eslint-config-steelbrain":"^1.0.4","flow-bin":"^0.32.0","jasmine-fix":"^1.0.1","rimraf":"^2.5.4","sb-copy":"^1.0.1","sb-fs":"^1.1.1"},"gitHead":"fb30d3003aa0dd7bafe0a2582922fa17eb8b31fd","homepage":"https://github.com/steelbrain/config-file#readme","_id":"sb-config-file@3.0.2","_shasum":"48b033a3e45dbc9ced9943af44921ab5eb834313","_from":".","_npmVersion":"4.1.2","_nodeVersion":"7.5.0","_npmUser":{"name":"steelbrain","email":"i@steelbrain.me"},"dist":{"shasum":"48b033a3e45dbc9ced9943af44921ab5eb834313","tarball":"https://registry.npmjs.org/sb-config-file/-/sb-config-file-3.0.2.tgz"},"maintainers":[{"name":"steelbrain","email":"i@steelbrain.me"}],"_npmOperationalInternal":{"host":"packages-12-west.internal.npmjs.com","tmp":"tmp/sb-config-file-3.0.2.tgz_1487636462529_0.8010003410745412"},"directories":{}}},"readme":"sb-config-file\n=========\n\nsb-config-file is a Node.js module to help you manage your JSON configuration files without worrying about concurrency issues and double writes\n\n## API\n\n```js\ntype Options = {\n  prettyPrint: boolean = true,\n  atomicWrites: boolean = true,\n  createIfNonExistent: boolean = false,\n}\n\nexport default class ConfigFile {\n  get(dotSeparatedKey: string, defaultValue = null): Promise<any>\n  getSync(dotSeparatedKey: string, defaultValue = null): any\n  set(dotSeparatedKey: string, value, strict = false): Promise<void>\n  setSync(dotSeparatedKey: string, value, strict = false): void\n  append(dotSeparatedKey: string, value, strict = false): Promise<void>\n  appendSync(dotSeparatedKey: string, value, strict = false): void\n  delete(dotSeparatedKey: string, strict = false): Promise<void>\n  deleteSync(dotSeparatedKey: string, strict = false): void\n\n  static get(filePath: string, defaultConfig: Object, options: Options): ConfigFile\n}}\n```\n\n## Example Usage\n\n```js\nconst Path = require('path')\nconst ConfigFile = require('sb-config-file')\n\nConfigFile.get(Path.join(__dirname, 'config.json')).then(function(configFile) {\n  configFile.set('database.host', 'localhost')\n  configFile.set('database.user', 'steelbrain')\n\n  console.log(configFile.get('database.host')) // 'localhost'\n  console.log(configFile.get('database.user')) // 'steelbrain'\n  console.log(configFile.get('database'))      // { host: 'localhost', user: 'steelbrain' }\n\n  configFile.delete('database.host')\n  console.log(configFile.get('database'))      // { user: 'steelbrain' }\n\n  configFile.set('someArray', [1, 2, 3])\n  console.log(configFile.get('someArray.0')) // 1\n  console.log(configFile.get('someArray.1')) // 2\n  console.log(configFile.get('someArray.2')) // 3\n\n  configFile.set('someArray.5', 50)\n  console.log(configFile.get('someArray.0')) // 1\n  console.log(configFile.get('someArray.1')) // 2\n  console.log(configFile.get('someArray.2')) // 3\n  console.log(configFile.get('someArray.3')) // null\n  console.log(configFile.get('someArray.4')) // null\n  console.log(configFile.get('someArray.5')) // 50\n\n  configFile.set('newArray', [1, 2, 3])\n  console.log(configFile.get('newArray')) // [1, 2, 3]\n  configFile.append('newArray', 20)\n  console.log(configFile.get('newArray')) // [1, 2, 3, 20]\n})\n```\n\n## LICENSE\n\nThis package is licensed under the terms of MIT License. See the LICENSE file for more info.\n","maintainers":[{"name":"steelbrain","email":"i@steelbrain.me"}],"time":{"modified":"2017-02-21T00:21:04.329Z","created":"2017-02-08T00:16:20.472Z","1.0.0":"2017-02-08T00:16:20.472Z","1.1.0":"2017-02-08T00:34:03.560Z","1.2.0":"2017-02-09T23:05:40.839Z","1.2.1":"2017-02-09T23:08:55.378Z","2.0.0":"2017-02-13T21:28:38.700Z","3.0.0":"2017-02-14T01:55:42.127Z","3.0.1":"2017-02-14T02:23:59.955Z","3.0.2":"2017-02-21T00:21:04.329Z"},"homepage":"https://github.com/steelbrain/config-file#readme","keywords":["cli","app","config"],"repository":{"type":"git","url":"git+https://github.com/steelbrain/config-file.git"},"author":{"name":"steelbrain","email":"i@steelbrain.me"},"bugs":{"url":"https://github.com/steelbrain/config-file/issues"},"license":"MIT","readmeFilename":"README.md","_attachments":{},"_etag":"W/\"58ab87f0-3e09\"","_lastModified":"Tue, 21 Feb 2017 00:21:04 GMT","_cached":true}