{"_id":"atom-utils","_rev":"61-8fe815c940c800483b09720623553beb","name":"atom-utils","description":"A bunch of general purpose utilities for Atom packages","dist-tags":{"latest":"0.9.2"},"versions":{"0.0.1":{"name":"atom-utils","version":"0.0.1","description":"A bunch of general purpose utilities for Atom packages","main":"lib/atom-utils.js","scripts":{"test":"grunt test "},"repository":{"type":"git","url":"https://github.com/abe33/atom-utils.git"},"keywords":["atom","utils"],"author":{"name":"Cédric Néhémie","email":"cedric.nehemie@gmail.com"},"license":"MIT","bugs":{"url":"https://github.com/abe33/atom-utils/issues"},"homepage":"https://github.com/abe33/atom-utils","devDependencies":{"jasmine-focused":"1.x","grunt-contrib-coffee":"~0.7.0","grunt-cli":"~0.1.8","grunt":"~0.4.1","grunt-contrib-watch":"~0.5.3","grunt-shell":"~0.2.2","grunt-coffeelint":"0.0.6","promise":"*"},"gitHead":"964e71d0ef1f7b9b3f5a0e55c9aecc27ca877ef3","_id":"atom-utils@0.0.1","_shasum":"79ceae5ed9d5321586b27f35f27131068f7295fb","_from":".","_npmVersion":"2.0.2","_nodeVersion":"0.10.21","_npmUser":{"name":"abe33","email":"cedric.nehemie@gmail.com"},"maintainers":[{"name":"abe33","email":"cedric.nehemie@gmail.com"}],"dist":{"shasum":"79ceae5ed9d5321586b27f35f27131068f7295fb","tarball":"https://registry.npmjs.org/atom-utils/-/atom-utils-0.0.1.tgz"},"directories":{}},"0.1.0":{"name":"atom-utils","version":"0.1.0","description":"A bunch of general purpose utilities for Atom packages","main":"lib/atom-utils","repository":{"type":"git","url":"https://github.com/abe33/atom-utils.git"},"keywords":["atom","utils"],"author":{"name":"Cédric Néhémie","email":"cedric.nehemie@gmail.com"},"license":"MIT","bugs":{"url":"https://github.com/abe33/atom-utils/issues"},"homepage":"https://github.com/abe33/atom-utils","dependencies":{"event-kit":"^1","mixto":"^1"},"_id":"atom-utils@0.1.0","dist":{"shasum":"8fbcf03d0b049ae2f346e343eb689717ee446037","tarball":"https://registry.npmjs.org/atom-utils/-/atom-utils-0.1.0.tgz"},"_from":".","_npmVersion":"1.3.11","_npmUser":{"name":"abe33","email":"cedric.nehemie@gmail.com"},"maintainers":[{"name":"abe33","email":"cedric.nehemie@gmail.com"}],"directories":{}},"0.1.1":{"name":"atom-utils","version":"0.1.1","description":"A bunch of general purpose utilities for Atom packages","main":"lib/atom-utils","repository":{"type":"git","url":"https://github.com/abe33/atom-utils.git"},"keywords":["atom","utils"],"author":{"name":"Cédric Néhémie","email":"cedric.nehemie@gmail.com"},"license":"MIT","bugs":{"url":"https://github.com/abe33/atom-utils/issues"},"homepage":"https://github.com/abe33/atom-utils","dependencies":{"event-kit":"^1","mixto":"^1"},"_id":"atom-utils@0.1.1","dist":{"shasum":"896801ff7b768e360fa5efc265ca58ac1e897f79","tarball":"https://registry.npmjs.org/atom-utils/-/atom-utils-0.1.1.tgz"},"_from":".","_npmVersion":"1.3.11","_npmUser":{"name":"abe33","email":"cedric.nehemie@gmail.com"},"maintainers":[{"name":"abe33","email":"cedric.nehemie@gmail.com"}],"directories":{}},"0.1.2":{"name":"atom-utils","version":"0.1.2","description":"A bunch of general purpose utilities for Atom packages","main":"lib/atom-utils.js","repository":{"type":"git","url":"https://github.com/abe33/atom-utils.git"},"keywords":["atom","utils"],"author":{"name":"Cédric Néhémie","email":"cedric.nehemie@gmail.com"},"license":"MIT","bugs":{"url":"https://github.com/abe33/atom-utils/issues"},"homepage":"https://github.com/abe33/atom-utils","dependencies":{"event-kit":"^1","mixto":"^1"},"devDependencies":{"jasmine-focused":"1.x","grunt-contrib-coffee":"~0.7.0","grunt-cli":"~0.1.8","grunt":"~0.4.1","grunt-contrib-watch":"~0.5.3","grunt-shell":"~0.2.2","grunt-coffeelint":"0.0.6","promise":"*"},"gitHead":"569e8e045cb467ef2f8b28e4ecd8d8b2d9275be4","_id":"atom-utils@0.1.2","scripts":{},"_shasum":"b91bb34a19c4da4daf17c162be60e5d894ed7998","_from":".","_npmVersion":"2.0.2","_nodeVersion":"0.10.21","_npmUser":{"name":"abe33","email":"cedric.nehemie@gmail.com"},"maintainers":[{"name":"abe33","email":"cedric.nehemie@gmail.com"}],"dist":{"shasum":"b91bb34a19c4da4daf17c162be60e5d894ed7998","tarball":"https://registry.npmjs.org/atom-utils/-/atom-utils-0.1.2.tgz"},"directories":{}},"0.2.0":{"name":"atom-utils","version":"0.2.0","description":"A bunch of general purpose utilities for Atom packages","main":"lib/atom-utils.js","repository":{"type":"git","url":"https://github.com/abe33/atom-utils.git"},"keywords":["atom","utils"],"author":{"name":"Cédric Néhémie","email":"cedric.nehemie@gmail.com"},"license":"MIT","bugs":{"url":"https://github.com/abe33/atom-utils/issues"},"homepage":"https://github.com/abe33/atom-utils","dependencies":{"event-kit":"^1","mixto":"^1"},"devDependencies":{"jasmine-focused":"1.x","grunt-contrib-coffee":"~0.7.0","grunt-cli":"~0.1.8","grunt":"~0.4.1","grunt-contrib-watch":"~0.5.3","grunt-shell":"~0.2.2","grunt-coffeelint":"0.0.6","promise":"*"},"_id":"atom-utils@0.2.0","dist":{"shasum":"c01210c206a2980dbde55125438b154b1988c4ce","tarball":"https://registry.npmjs.org/atom-utils/-/atom-utils-0.2.0.tgz"},"_from":".","_npmVersion":"1.3.11","_npmUser":{"name":"abe33","email":"cedric.nehemie@gmail.com"},"maintainers":[{"name":"abe33","email":"cedric.nehemie@gmail.com"}],"directories":{}},"0.3.0":{"name":"atom-utils","version":"0.3.0","description":"A bunch of general purpose utilities for Atom packages","main":"lib/atom-utils.js","repository":{"type":"git","url":"https://github.com/abe33/atom-utils.git"},"keywords":["atom","utils"],"author":{"name":"Cédric Néhémie","email":"cedric.nehemie@gmail.com"},"license":"MIT","bugs":{"url":"https://github.com/abe33/atom-utils/issues"},"homepage":"https://github.com/abe33/atom-utils","dependencies":{"event-kit":"^1","mixto":"^1"},"devDependencies":{"jasmine-focused":"1.x","grunt-contrib-coffee":"~0.7.0","grunt-cli":"~0.1.8","grunt":"~0.4.1","grunt-contrib-watch":"~0.5.3","grunt-shell":"~0.2.2","grunt-coffeelint":"0.0.6","promise":"*"},"gitHead":"65249dd3cb7dbd2945cdb84be856e65af4074396","_id":"atom-utils@0.3.0","scripts":{},"_shasum":"4ef1ff2e6d5ed5b880b5ffec6ad815d1316c7ad2","_from":".","_npmVersion":"2.0.2","_nodeVersion":"0.10.21","_npmUser":{"name":"abe33","email":"cedric.nehemie@gmail.com"},"maintainers":[{"name":"abe33","email":"cedric.nehemie@gmail.com"}],"dist":{"shasum":"4ef1ff2e6d5ed5b880b5ffec6ad815d1316c7ad2","tarball":"https://registry.npmjs.org/atom-utils/-/atom-utils-0.3.0.tgz"},"directories":{}},"0.3.1":{"name":"atom-utils","version":"0.3.1","description":"A bunch of general purpose utilities for Atom packages","main":"lib/atom-utils.js","repository":{"type":"git","url":"https://github.com/abe33/atom-utils.git"},"keywords":["atom","utils"],"author":{"name":"Cédric Néhémie","email":"cedric.nehemie@gmail.com"},"license":"MIT","bugs":{"url":"https://github.com/abe33/atom-utils/issues"},"homepage":"https://github.com/abe33/atom-utils","dependencies":{"event-kit":"^1","mixto":"^1"},"devDependencies":{"jasmine-focused":"1.x","grunt-contrib-coffee":"~0.7.0","grunt-cli":"~0.1.8","grunt":"~0.4.1","grunt-contrib-watch":"~0.5.3","grunt-shell":"~0.2.2","grunt-coffeelint":"0.0.6","promise":"*"},"_id":"atom-utils@0.3.1","dist":{"shasum":"a7322502e5b190665f8e2f54d03cc0b2b31faebc","tarball":"https://registry.npmjs.org/atom-utils/-/atom-utils-0.3.1.tgz"},"_from":".","_npmVersion":"1.3.11","_npmUser":{"name":"abe33","email":"cedric.nehemie@gmail.com"},"maintainers":[{"name":"abe33","email":"cedric.nehemie@gmail.com"}],"directories":{}},"0.3.2":{"name":"atom-utils","version":"0.3.2","description":"A bunch of general purpose utilities for Atom packages","main":"lib/atom-utils.js","repository":{"type":"git","url":"https://github.com/abe33/atom-utils.git"},"keywords":["atom","utils"],"author":{"name":"Cédric Néhémie","email":"cedric.nehemie@gmail.com"},"license":"MIT","bugs":{"url":"https://github.com/abe33/atom-utils/issues"},"homepage":"https://github.com/abe33/atom-utils","dependencies":{"event-kit":"^1","mixto":"^1"},"devDependencies":{"jasmine-focused":"1.x","grunt-contrib-coffee":"~0.7.0","grunt-cli":"~0.1.8","grunt":"~0.4.1","grunt-contrib-watch":"~0.5.3","grunt-shell":"~0.2.2","grunt-coffeelint":"0.0.6","promise":"*"},"_id":"atom-utils@0.3.2","dist":{"shasum":"b33a16bdeece80d287b9374838ad69f61391b78d","tarball":"https://registry.npmjs.org/atom-utils/-/atom-utils-0.3.2.tgz"},"_from":".","_npmVersion":"1.3.11","_npmUser":{"name":"abe33","email":"cedric.nehemie@gmail.com"},"maintainers":[{"name":"abe33","email":"cedric.nehemie@gmail.com"}],"directories":{}},"0.4.1":{"name":"atom-utils","version":"0.4.1","description":"A bunch of general purpose utilities for Atom packages","main":"lib/atom-utils.js","repository":{"type":"git","url":"https://github.com/abe33/atom-utils.git"},"keywords":["atom","utils"],"author":{"name":"Cédric Néhémie","email":"cedric.nehemie@gmail.com"},"license":"MIT","bugs":{"url":"https://github.com/abe33/atom-utils/issues"},"homepage":"https://github.com/abe33/atom-utils","dependencies":{"event-kit":"^1","mixto":"^1"},"devDependencies":{"jasmine-focused":"1.x","grunt-contrib-coffee":"~0.7.0","grunt-cli":"~0.1.8","grunt":"~0.4.1","grunt-contrib-watch":"~0.5.3","grunt-shell":"~0.2.2","grunt-coffeelint":"0.0.6","promise":"*"},"_id":"atom-utils@0.4.1","dist":{"shasum":"da93fa9747e17fa9811e4b019443d52ffb54abf4","tarball":"https://registry.npmjs.org/atom-utils/-/atom-utils-0.4.1.tgz"},"_from":".","_npmVersion":"1.3.11","_npmUser":{"name":"abe33","email":"cedric.nehemie@gmail.com"},"maintainers":[{"name":"abe33","email":"cedric.nehemie@gmail.com"}],"directories":{}},"0.4.2":{"name":"atom-utils","version":"0.4.2","description":"A bunch of general purpose utilities for Atom packages","main":"lib/atom-utils.js","repository":{"type":"git","url":"https://github.com/abe33/atom-utils.git"},"keywords":["atom","utils"],"author":{"name":"Cédric Néhémie","email":"cedric.nehemie@gmail.com"},"license":"MIT","bugs":{"url":"https://github.com/abe33/atom-utils/issues"},"homepage":"https://github.com/abe33/atom-utils","dependencies":{"event-kit":"^1","mixto":"^1"},"devDependencies":{"jasmine-focused":"1.x","grunt-contrib-coffee":"~0.7.0","grunt-cli":"~0.1.8","grunt":"~0.4.1","grunt-contrib-watch":"~0.5.3","grunt-shell":"~0.2.2","grunt-coffeelint":"0.0.6","promise":"*"},"_id":"atom-utils@0.4.2","dist":{"shasum":"05e40f1a41fe85efe5de8402e1e2a92ac90ea4f6","tarball":"https://registry.npmjs.org/atom-utils/-/atom-utils-0.4.2.tgz"},"_from":".","_npmVersion":"1.3.11","_npmUser":{"name":"abe33","email":"cedric.nehemie@gmail.com"},"maintainers":[{"name":"abe33","email":"cedric.nehemie@gmail.com"}],"directories":{}},"0.4.3":{"name":"atom-utils","version":"0.4.3","description":"A bunch of general purpose utilities for Atom packages","main":"lib/atom-utils.js","repository":{"type":"git","url":"https://github.com/abe33/atom-utils.git"},"keywords":["atom","utils"],"author":{"name":"Cédric Néhémie","email":"cedric.nehemie@gmail.com"},"license":"MIT","bugs":{"url":"https://github.com/abe33/atom-utils/issues"},"homepage":"https://github.com/abe33/atom-utils","dependencies":{"event-kit":"^1","mixto":"^1"},"devDependencies":{"jasmine-focused":"1.x","grunt-contrib-coffee":"~0.7.0","grunt-cli":"~0.1.8","grunt":"~0.4.1","grunt-contrib-watch":"~0.5.3","grunt-shell":"~0.2.2","grunt-coffeelint":"0.0.6","promise":"*"},"_id":"atom-utils@0.4.3","dist":{"shasum":"904c8ffb877ce3b8cb1ee2fb0dbbdf57398e6dbe","tarball":"https://registry.npmjs.org/atom-utils/-/atom-utils-0.4.3.tgz"},"_from":".","_npmVersion":"1.3.11","_npmUser":{"name":"abe33","email":"cedric.nehemie@gmail.com"},"maintainers":[{"name":"abe33","email":"cedric.nehemie@gmail.com"}],"directories":{}},"0.4.4":{"name":"atom-utils","version":"0.4.4","description":"A bunch of general purpose utilities for Atom packages","main":"lib/atom-utils.js","repository":{"type":"git","url":"https://github.com/abe33/atom-utils.git"},"keywords":["atom","utils"],"author":{"name":"Cédric Néhémie","email":"cedric.nehemie@gmail.com"},"license":"MIT","bugs":{"url":"https://github.com/abe33/atom-utils/issues"},"homepage":"https://github.com/abe33/atom-utils","dependencies":{"event-kit":"^1","mixto":"^1"},"devDependencies":{"jasmine-focused":"1.x","grunt-contrib-coffee":"~0.7.0","grunt-cli":"~0.1.8","grunt":"~0.4.1","grunt-contrib-watch":"~0.5.3","grunt-shell":"~0.2.2","grunt-coffeelint":"0.0.6","promise":"*"},"_id":"atom-utils@0.4.4","dist":{"shasum":"b83711167054161f5b0f7fa6455bdcd7cc5eb684","tarball":"https://registry.npmjs.org/atom-utils/-/atom-utils-0.4.4.tgz"},"_from":".","_npmVersion":"1.3.11","_npmUser":{"name":"abe33","email":"cedric.nehemie@gmail.com"},"maintainers":[{"name":"abe33","email":"cedric.nehemie@gmail.com"}],"directories":{}},"0.5.0":{"name":"atom-utils","version":"0.5.0","description":"A bunch of general purpose utilities for Atom packages","main":"lib/atom-utils.js","repository":{"type":"git","url":"https://github.com/abe33/atom-utils.git"},"keywords":["atom","utils"],"author":{"name":"Cédric Néhémie","email":"cedric.nehemie@gmail.com"},"license":"MIT","bugs":{"url":"https://github.com/abe33/atom-utils/issues"},"homepage":"https://github.com/abe33/atom-utils","dependencies":{"event-kit":"^1","mixto":"^1"},"devDependencies":{"jasmine-focused":"1.x","grunt-contrib-coffee":"~0.7.0","grunt-cli":"~0.1.8","grunt":"~0.4.1","grunt-contrib-watch":"~0.5.3","grunt-shell":"~0.2.2","grunt-coffeelint":"0.0.6","promise":"*"},"gitHead":"6b6c7a87b84f98ad0432fce4f7fd1be924e7fe0b","_id":"atom-utils@0.5.0","scripts":{},"_shasum":"70a6fb65a1eba62dc39c9ba07449ff6776728eaa","_from":".","_npmVersion":"2.0.2","_nodeVersion":"0.10.21","_npmUser":{"name":"abe33","email":"cedric.nehemie@gmail.com"},"maintainers":[{"name":"abe33","email":"cedric.nehemie@gmail.com"}],"dist":{"shasum":"70a6fb65a1eba62dc39c9ba07449ff6776728eaa","tarball":"https://registry.npmjs.org/atom-utils/-/atom-utils-0.5.0.tgz"},"directories":{}},"0.6.0":{"name":"atom-utils","version":"0.6.0","description":"A bunch of general purpose utilities for Atom packages","main":"lib/atom-utils.js","repository":{"type":"git","url":"https://github.com/abe33/atom-utils.git"},"keywords":["atom","utils"],"author":{"name":"Cédric Néhémie","email":"cedric.nehemie@gmail.com"},"license":"MIT","bugs":{"url":"https://github.com/abe33/atom-utils/issues"},"homepage":"https://github.com/abe33/atom-utils","dependencies":{"event-kit":"^1","mixto":"^1"},"devDependencies":{"jasmine-focused":"1.x","grunt-contrib-coffee":"~0.7.0","grunt-cli":"~0.1.8","grunt":"~0.4.1","grunt-contrib-watch":"~0.5.3","grunt-shell":"~0.2.2","grunt-coffeelint":"0.0.6","promise":"*"},"gitHead":"06dd800ca4e8b90179f64981dafbcc4e50ae5882","_id":"atom-utils@0.6.0","scripts":{},"_shasum":"710dc6c5e83cb587d4c4472ccc5dd4d7a54b1091","_from":".","_npmVersion":"2.5.1","_nodeVersion":"1.2.0","_npmUser":{"name":"abe33","email":"cedric.nehemie@gmail.com"},"maintainers":[{"name":"abe33","email":"cedric.nehemie@gmail.com"}],"dist":{"shasum":"710dc6c5e83cb587d4c4472ccc5dd4d7a54b1091","tarball":"https://registry.npmjs.org/atom-utils/-/atom-utils-0.6.0.tgz"},"directories":{}},"0.6.1":{"name":"atom-utils","version":"0.6.1","description":"A bunch of general purpose utilities for Atom packages","main":"lib/atom-utils.js","repository":{"type":"git","url":"https://github.com/abe33/atom-utils.git"},"keywords":["atom","utils"],"author":{"name":"Cédric Néhémie","email":"cedric.nehemie@gmail.com"},"license":"MIT","bugs":{"url":"https://github.com/abe33/atom-utils/issues"},"homepage":"https://github.com/abe33/atom-utils","dependencies":{"event-kit":"^1","mixto":"^1"},"devDependencies":{"jasmine-focused":"1.x","grunt-contrib-coffee":"~0.7.0","grunt-cli":"~0.1.8","grunt":"~0.4.1","grunt-contrib-watch":"~0.5.3","grunt-shell":"~0.2.2","grunt-coffeelint":"0.0.6","promise":"*"},"gitHead":"2aa6996b8cbc217742b03f17bf9f3ebd94d8cc31","_id":"atom-utils@0.6.1","scripts":{},"_shasum":"48b1d302feaf931f6cb6245dd5b96965a50d7570","_from":".","_npmVersion":"2.5.1","_nodeVersion":"1.2.0","_npmUser":{"name":"abe33","email":"cedric.nehemie@gmail.com"},"maintainers":[{"name":"abe33","email":"cedric.nehemie@gmail.com"}],"dist":{"shasum":"48b1d302feaf931f6cb6245dd5b96965a50d7570","tarball":"https://registry.npmjs.org/atom-utils/-/atom-utils-0.6.1.tgz"},"directories":{}},"0.6.2":{"name":"atom-utils","version":"0.6.2","description":"A bunch of general purpose utilities for Atom packages","main":"lib/atom-utils.js","repository":{"type":"git","url":"https://github.com/abe33/atom-utils.git"},"keywords":["atom","utils"],"author":{"name":"Cédric Néhémie","email":"cedric.nehemie@gmail.com"},"license":"MIT","bugs":{"url":"https://github.com/abe33/atom-utils/issues"},"homepage":"https://github.com/abe33/atom-utils","dependencies":{"event-kit":"^1","mixto":"^1"},"devDependencies":{"jasmine-focused":"1.x","grunt-contrib-coffee":"~0.7.0","grunt-cli":"~0.1.8","grunt":"~0.4.1","grunt-contrib-watch":"~0.5.3","grunt-shell":"~0.2.2","grunt-coffeelint":"0.0.6","promise":"*"},"gitHead":"e1bcbd705ea3c722933c2a3eae8a9778743e1d38","_id":"atom-utils@0.6.2","scripts":{},"_shasum":"77f333af9c4af50bbd23d82165afe7b590f38995","_from":".","_npmVersion":"2.5.1","_nodeVersion":"1.2.0","_npmUser":{"name":"abe33","email":"cedric.nehemie@gmail.com"},"maintainers":[{"name":"abe33","email":"cedric.nehemie@gmail.com"}],"dist":{"shasum":"77f333af9c4af50bbd23d82165afe7b590f38995","tarball":"https://registry.npmjs.org/atom-utils/-/atom-utils-0.6.2.tgz"},"directories":{}},"0.6.3":{"name":"atom-utils","version":"0.6.3","description":"A bunch of general purpose utilities for Atom packages","main":"lib/atom-utils.js","repository":{"type":"git","url":"git+https://github.com/abe33/atom-utils.git"},"keywords":["atom","utils"],"author":{"name":"Cédric Néhémie","email":"cedric.nehemie@gmail.com"},"license":"MIT","bugs":{"url":"https://github.com/abe33/atom-utils/issues"},"homepage":"https://github.com/abe33/atom-utils","dependencies":{"event-kit":"^1","mixto":"^1"},"devDependencies":{"jasmine-focused":"1.x","grunt-contrib-coffee":"~0.7.0","grunt-cli":"~0.1.8","grunt":"~0.4.1","grunt-contrib-watch":"~0.5.3","grunt-shell":"~0.2.2","grunt-coffeelint":"0.0.6","promise":"*"},"gitHead":"fcbaf708b7a7716a0d61d114144a4be4b12cdeea","_id":"atom-utils@0.6.3","scripts":{},"_shasum":"56a5f7c4ec3855ad049f86541822cab5f7e7beb4","_from":".","_npmVersion":"2.14.3","_nodeVersion":"4.1.0","_npmUser":{"name":"abe33","email":"cedric.nehemie@gmail.com"},"dist":{"shasum":"56a5f7c4ec3855ad049f86541822cab5f7e7beb4","tarball":"https://registry.npmjs.org/atom-utils/-/atom-utils-0.6.3.tgz"},"maintainers":[{"name":"abe33","email":"cedric.nehemie@gmail.com"}],"directories":{}},"0.7.0":{"name":"atom-utils","version":"0.7.0","description":"A bunch of general purpose utilities for Atom packages","main":"lib/atom-utils.js","repository":{"type":"git","url":"git+https://github.com/abe33/atom-utils.git"},"keywords":["atom","utils"],"author":{"name":"Cédric Néhémie","email":"cedric.nehemie@gmail.com"},"license":"MIT","bugs":{"url":"https://github.com/abe33/atom-utils/issues"},"homepage":"https://github.com/abe33/atom-utils","dependencies":{"event-kit":"^1","mixto":"^1","grim":"^2"},"devDependencies":{"jasmine-focused":"1.x","grunt-contrib-coffee":"~0.7.0","grunt-cli":"~0.1.8","grunt":"~0.4.1","grunt-contrib-watch":"~0.5.3","grunt-shell":"~0.2.2","grunt-coffeelint":"0.0.6","promise":"*"},"gitHead":"bc18f35fc9f2a1e80337386317425288d80b204a","_id":"atom-utils@0.7.0","scripts":{},"_shasum":"c1a4d66e378edc1ec03466afdea64799a8ed131d","_from":".","_npmVersion":"2.14.3","_nodeVersion":"4.1.0","_npmUser":{"name":"abe33","email":"cedric.nehemie@gmail.com"},"maintainers":[{"name":"abe33","email":"cedric.nehemie@gmail.com"}],"dist":{"shasum":"c1a4d66e378edc1ec03466afdea64799a8ed131d","tarball":"https://registry.npmjs.org/atom-utils/-/atom-utils-0.7.0.tgz"},"directories":{}},"0.7.1":{"name":"atom-utils","version":"0.7.1","description":"A bunch of general purpose utilities for Atom packages","main":"lib/atom-utils.js","repository":{"type":"git","url":"git+https://github.com/abe33/atom-utils.git"},"keywords":["atom","utils"],"author":{"name":"Cédric Néhémie","email":"cedric.nehemie@gmail.com"},"license":"MIT","bugs":{"url":"https://github.com/abe33/atom-utils/issues"},"homepage":"https://github.com/abe33/atom-utils","dependencies":{"event-kit":"^1","mixto":"^1","grim":"^2"},"devDependencies":{"jasmine-focused":"1.x","grunt-contrib-coffee":"~0.7.0","grunt-cli":"~0.1.8","grunt":"~0.4.1","grunt-contrib-watch":"~0.5.3","grunt-shell":"~0.2.2","grunt-coffeelint":"0.0.6","promise":"*"},"gitHead":"1bbdad260f264419f1f175f4b3dc11d64b7312f7","_id":"atom-utils@0.7.1","scripts":{},"_shasum":"fe98deb7132f93799b47d7eb468364a8a56a13cc","_from":".","_npmVersion":"2.14.3","_nodeVersion":"4.1.0","_npmUser":{"name":"abe33","email":"cedric.nehemie@gmail.com"},"maintainers":[{"name":"abe33","email":"cedric.nehemie@gmail.com"}],"dist":{"shasum":"fe98deb7132f93799b47d7eb468364a8a56a13cc","tarball":"https://registry.npmjs.org/atom-utils/-/atom-utils-0.7.1.tgz"},"directories":{}},"0.7.2":{"name":"atom-utils","version":"0.7.2","description":"A bunch of general purpose utilities for Atom packages","main":"lib/atom-utils.js","repository":{"type":"git","url":"git+https://github.com/abe33/atom-utils.git"},"keywords":["atom","utils"],"author":{"name":"Cédric Néhémie","email":"cedric.nehemie@gmail.com"},"license":"MIT","bugs":{"url":"https://github.com/abe33/atom-utils/issues"},"homepage":"https://github.com/abe33/atom-utils","dependencies":{"event-kit":"^1","mixto":"^1","grim":"^2"},"devDependencies":{"jasmine-focused":"1.x","grunt-contrib-coffee":"~0.7.0","grunt-cli":"~0.1.8","grunt":"~0.4.1","grunt-contrib-watch":"~0.5.3","grunt-shell":"~0.2.2","grunt-coffeelint":"0.0.6","promise":"*"},"gitHead":"35cea913f3de328c29d707a507c7eb01a1864e75","_id":"atom-utils@0.7.2","scripts":{},"_shasum":"c70721622e4545bdfbbc29787ca724cf95fbede1","_from":".","_npmVersion":"2.14.3","_nodeVersion":"4.1.0","_npmUser":{"name":"abe33","email":"cedric.nehemie@gmail.com"},"maintainers":[{"name":"abe33","email":"cedric.nehemie@gmail.com"}],"dist":{"shasum":"c70721622e4545bdfbbc29787ca724cf95fbede1","tarball":"https://registry.npmjs.org/atom-utils/-/atom-utils-0.7.2.tgz"},"directories":{}},"0.7.3":{"name":"atom-utils","version":"0.7.3","description":"A bunch of general purpose utilities for Atom packages","main":"lib/atom-utils.js","repository":{"type":"git","url":"git+https://github.com/abe33/atom-utils.git"},"keywords":["atom","utils"],"author":{"name":"Cédric Néhémie","email":"cedric.nehemie@gmail.com"},"license":"MIT","bugs":{"url":"https://github.com/abe33/atom-utils/issues"},"homepage":"https://github.com/abe33/atom-utils","dependencies":{"event-kit":"^1","mixto":"^1","grim":"^2"},"devDependencies":{"jasmine-focused":"1.x","grunt-contrib-coffee":"~0.7.0","grunt-cli":"~0.1.8","grunt":"~0.4.1","grunt-contrib-watch":"~0.5.3","grunt-shell":"~0.2.2","grunt-coffeelint":"0.0.6","promise":"*"},"gitHead":"a5e7f5da9f58c05396c315315b7863fd248bb8bb","_id":"atom-utils@0.7.3","scripts":{},"_shasum":"9aaf315c2dc17147220a30d7fe6a307c7caf72fa","_from":".","_npmVersion":"2.14.3","_nodeVersion":"4.1.0","_npmUser":{"name":"abe33","email":"cedric.nehemie@gmail.com"},"maintainers":[{"name":"abe33","email":"cedric.nehemie@gmail.com"}],"dist":{"shasum":"9aaf315c2dc17147220a30d7fe6a307c7caf72fa","tarball":"https://registry.npmjs.org/atom-utils/-/atom-utils-0.7.3.tgz"},"directories":{}},"0.7.4":{"name":"atom-utils","version":"0.7.4","description":"A bunch of general purpose utilities for Atom packages","main":"lib/atom-utils.js","repository":{"type":"git","url":"git+https://github.com/abe33/atom-utils.git"},"keywords":["atom","utils"],"author":{"name":"Cédric Néhémie","email":"cedric.nehemie@gmail.com"},"license":"MIT","bugs":{"url":"https://github.com/abe33/atom-utils/issues"},"homepage":"https://github.com/abe33/atom-utils","dependencies":{"event-kit":"^1","mixto":"^1","grim":"^2"},"devDependencies":{"jasmine-focused":"1.x","grunt-contrib-coffee":"~0.7.0","grunt-cli":"~0.1.8","grunt":"~0.4.1","grunt-contrib-watch":"~0.5.3","grunt-shell":"~0.2.2","grunt-coffeelint":"0.0.6","promise":"*"},"gitHead":"c92dcae38dbc39a1b2425c1c91a70869d529eb9d","_id":"atom-utils@0.7.4","scripts":{},"_shasum":"4585bfffce2ca131e5f9f2020b7c76d6cb6e0c0a","_from":".","_npmVersion":"2.14.3","_nodeVersion":"4.1.0","_npmUser":{"name":"abe33","email":"cedric.nehemie@gmail.com"},"maintainers":[{"name":"abe33","email":"cedric.nehemie@gmail.com"}],"dist":{"shasum":"4585bfffce2ca131e5f9f2020b7c76d6cb6e0c0a","tarball":"https://registry.npmjs.org/atom-utils/-/atom-utils-0.7.4.tgz"},"directories":{}},"0.7.5":{"name":"atom-utils","version":"0.7.5","description":"A bunch of general purpose utilities for Atom packages","main":"lib/atom-utils.js","repository":{"type":"git","url":"git+https://github.com/abe33/atom-utils.git"},"keywords":["atom","utils"],"author":{"name":"Cédric Néhémie","email":"cedric.nehemie@gmail.com"},"license":"MIT","bugs":{"url":"https://github.com/abe33/atom-utils/issues"},"homepage":"https://github.com/abe33/atom-utils","dependencies":{"event-kit":"^1","mixto":"^1","grim":"^2"},"devDependencies":{"jasmine-focused":"1.x","grunt-contrib-coffee":"~0.7.0","grunt-cli":"~0.1.8","grunt":"~0.4.1","grunt-contrib-watch":"~0.5.3","grunt-shell":"~0.2.2","grunt-coffeelint":"0.0.6","promise":"*"},"gitHead":"7e285b56e893cac5df2cf4f6ac1158468564db69","_id":"atom-utils@0.7.5","scripts":{},"_shasum":"4c130e6ff0b0470f6fb2942545ff99e45679ecc8","_from":".","_npmVersion":"2.14.3","_nodeVersion":"4.1.0","_npmUser":{"name":"abe33","email":"cedric.nehemie@gmail.com"},"maintainers":[{"name":"abe33","email":"cedric.nehemie@gmail.com"}],"dist":{"shasum":"4c130e6ff0b0470f6fb2942545ff99e45679ecc8","tarball":"https://registry.npmjs.org/atom-utils/-/atom-utils-0.7.5.tgz"},"directories":{}},"0.8.0":{"name":"atom-utils","version":"0.8.0","description":"A bunch of general purpose utilities for Atom packages","main":"lib/atom-utils.js","repository":{"type":"git","url":"git+https://github.com/abe33/atom-utils.git"},"keywords":["atom","utils"],"author":{"name":"Cédric Néhémie","email":"cedric.nehemie@gmail.com"},"license":"MIT","bugs":{"url":"https://github.com/abe33/atom-utils/issues"},"homepage":"https://github.com/abe33/atom-utils","dependencies":{"event-kit":"^1","mixto":"^1","grim":"^2"},"devDependencies":{"jasmine-focused":"1.x","grunt-contrib-coffee":"~0.7.0","grunt-cli":"~0.1.8","grunt":"~0.4.1","grunt-contrib-watch":"~0.5.3","grunt-shell":"~0.2.2","grunt-coffeelint":"0.0.6","promise":"*"},"gitHead":"ff38c699ac1f51922a77d638007b52934a16ec91","_id":"atom-utils@0.8.0","scripts":{},"_shasum":"40874b3154d1e3c71f20dac2ab5ca1997df57cbb","_from":".","_npmVersion":"2.14.3","_nodeVersion":"4.1.0","_npmUser":{"name":"abe33","email":"cedric.nehemie@gmail.com"},"maintainers":[{"name":"abe33","email":"cedric.nehemie@gmail.com"}],"dist":{"shasum":"40874b3154d1e3c71f20dac2ab5ca1997df57cbb","tarball":"https://registry.npmjs.org/atom-utils/-/atom-utils-0.8.0.tgz"},"directories":{}},"0.8.1":{"name":"atom-utils","version":"0.8.1","description":"A bunch of general purpose utilities for Atom packages","main":"lib/atom-utils.js","repository":{"type":"git","url":"git+https://github.com/abe33/atom-utils.git"},"keywords":["atom","utils"],"author":{"name":"Cédric Néhémie","email":"cedric.nehemie@gmail.com"},"license":"MIT","bugs":{"url":"https://github.com/abe33/atom-utils/issues"},"homepage":"https://github.com/abe33/atom-utils","dependencies":{"event-kit":"^1","mixto":"^1","grim":"^2"},"devDependencies":{"jasmine-focused":"1.x","grunt-contrib-coffee":"~0.7.0","grunt-cli":"~0.1.8","grunt":"~0.4.1","grunt-contrib-watch":"~0.5.3","grunt-shell":"~0.2.2","grunt-coffeelint":"0.0.6","promise":"*"},"gitHead":"56f25ba74657770bf37e1158f438c4372005e2f6","_id":"atom-utils@0.8.1","scripts":{},"_shasum":"20113b145ef7aa26b2579bc573a222330873e013","_from":".","_npmVersion":"2.14.3","_nodeVersion":"4.1.0","_npmUser":{"name":"abe33","email":"cedric.nehemie@gmail.com"},"maintainers":[{"name":"abe33","email":"cedric.nehemie@gmail.com"}],"dist":{"shasum":"20113b145ef7aa26b2579bc573a222330873e013","tarball":"https://registry.npmjs.org/atom-utils/-/atom-utils-0.8.1.tgz"},"directories":{}},"0.9.0":{"name":"atom-utils","version":"0.9.0","description":"A bunch of general purpose utilities for Atom packages","main":"lib/atom-utils.js","repository":{"type":"git","url":"git+https://github.com/abe33/atom-utils.git"},"keywords":["atom","utils"],"author":{"name":"Cédric Néhémie","email":"cedric.nehemie@gmail.com"},"license":"MIT","bugs":{"url":"https://github.com/abe33/atom-utils/issues"},"homepage":"https://github.com/abe33/atom-utils","dependencies":{"event-kit":"^1","mixto":"^1","grim":"^2"},"devDependencies":{"jasmine-focused":"1.x","grunt-contrib-coffee":"~0.7.0","grunt-cli":"~0.1.8","grunt":"~0.4.1","grunt-contrib-watch":"~0.5.3","grunt-shell":"~0.2.2","grunt-coffeelint":"0.0.6","promise":"*"},"gitHead":"d7398a3588cda249d2f24a434951f25e7720b63a","_id":"atom-utils@0.9.0","scripts":{},"_shasum":"9efa2b451ec09420ae1d75beb24dbe3065b1b01e","_from":".","_npmVersion":"2.14.3","_nodeVersion":"4.1.0","_npmUser":{"name":"abe33","email":"cedric.nehemie@gmail.com"},"dist":{"shasum":"9efa2b451ec09420ae1d75beb24dbe3065b1b01e","tarball":"https://registry.npmjs.org/atom-utils/-/atom-utils-0.9.0.tgz"},"maintainers":[{"name":"abe33","email":"cedric.nehemie@gmail.com"}],"directories":{}},"0.9.1":{"name":"atom-utils","version":"0.9.1","description":"A bunch of general purpose utilities for Atom packages","main":"lib/atom-utils.js","repository":{"type":"git","url":"git+https://github.com/abe33/atom-utils.git"},"keywords":["atom","utils"],"author":{"name":"Cédric Néhémie","email":"cedric.nehemie@gmail.com"},"license":"MIT","bugs":{"url":"https://github.com/abe33/atom-utils/issues"},"homepage":"https://github.com/abe33/atom-utils","dependencies":{"event-kit":"^1","mixto":"^1","grim":"^2"},"devDependencies":{"jasmine-focused":"1.x","grunt-contrib-coffee":"~0.7.0","grunt-cli":"~0.1.8","grunt":"~0.4.1","grunt-contrib-watch":"~0.5.3","grunt-shell":"~0.2.2","grunt-coffeelint":"0.0.6","promise":"*"},"gitHead":"3877e43aba4681022ca7be21e1f59c94290ea4ad","_id":"atom-utils@0.9.1","scripts":{},"_shasum":"549bd45799b3669025695cddacde1a8c213bb07a","_from":".","_npmVersion":"2.14.3","_nodeVersion":"4.1.0","_npmUser":{"name":"abe33","email":"cedric.nehemie@gmail.com"},"maintainers":[{"name":"abe33","email":"cedric.nehemie@gmail.com"}],"dist":{"shasum":"549bd45799b3669025695cddacde1a8c213bb07a","tarball":"https://registry.npmjs.org/atom-utils/-/atom-utils-0.9.1.tgz"},"directories":{}},"0.9.2":{"name":"atom-utils","version":"0.9.2","description":"A bunch of general purpose utilities for Atom packages","main":"lib/atom-utils.js","repository":{"type":"git","url":"https://github.com/abe33/atom-utils.git"},"keywords":["atom","utils"],"author":{"name":"Cédric Néhémie","email":"cedric.nehemie@gmail.com"},"license":"MIT","bugs":{"url":"https://github.com/abe33/atom-utils/issues"},"homepage":"https://github.com/abe33/atom-utils","dependencies":{"event-kit":"^1","mixto":"^1","grim":"^2"},"devDependencies":{"jasmine-focused":"1.x","grunt-contrib-coffee":"~0.7.0","grunt-cli":"~0.1.8","grunt":"~0.4.1","grunt-contrib-watch":"~0.5.3","grunt-shell":"~0.2.2","grunt-coffeelint":"0.0.6","promise":"*"},"gitHead":"5d63f7abec3141be43e494ede28e8927e9b7b4df","_id":"atom-utils@0.9.2","scripts":{},"_shasum":"de9c759df98c119a685f709736336df8703a623e","_from":".","_npmVersion":"2.5.1","_nodeVersion":"1.2.0","_npmUser":{"name":"abe33","email":"cedric.nehemie@gmail.com"},"maintainers":[{"name":"abe33","email":"cedric.nehemie@gmail.com"}],"dist":{"shasum":"de9c759df98c119a685f709736336df8703a623e","tarball":"https://registry.npmjs.org/atom-utils/-/atom-utils-0.9.2.tgz"},"directories":{}}},"readme":"## atom-utils\n\n[![Build Status](https://travis-ci.org/abe33/atom-utils.svg?branch=master)](https://travis-ci.org/abe33/atom-utils)\n\nA bunch of general purpose utilities for Atom packages.\n\n### requirePackages(packageNames...)\n\nReturns a promise that is only resolved when all the requested packages have been activated.\n\n```coffee\n{requirePackages} = require 'atom-utils'\n\nrequirePackages('tree-view', 'find-and-replace', 'snippets')\n.then ([treeView, findAndReplace, snippets]) ->\n  # Do something with the required packages\n```\n\n### registerOrUpdateElement(elementName, prototype)\n\nRegisters or updates a custom element whose name is `elementName`.\n\n```coffee\n{registerOrUpdateElement} = require 'atom-utils'\n\nclass MyElement\n  createdCallback: ->\n    console.log 'element created'\n\nregisterOrUpdateElement('my-element', MyElement.prototype)\n```\n\nThe update is performed by copying the properties from the passed-in prototype in the registered element prototype. As a node's callback methods can't be overriden once the element have been registered, a generic version is created that will invoke the concrete callback when called, that way even the node's callback methods can be updated.\n\n### Ancestors (previously AncestorsMethods)\n\nA mixin that provides jQuery a like method to retrieve a node's parents:\n\n```coffee\n{Ancestors} = require 'atom-utils'\n\nclass DummyNode extends HTMLElement\n  Ancestors.includeInto(this)\n\n  attachedCallback: ->\n    # Returns all the ancestors to the html element\n    parents = @parents()\n\n    # Returns all the ancestors that matches the selector\n    filteredParents = @parents('selector')\n\n# It creates the custom element and register it as the `dummy-node` tag.\nDummyNode = document.registerElement 'dummy-node', prototype: DummyNode.prototype\n```\n\n#### ::parents(selector)\n\nCan be called with or without the selector argument.\n\nIf called without argument, the method will return every parents of the current\nnode.\n\nIf called with an argument, the method will return only the parent elements that match the passed-in selector.\n\nParents in the returned array are sorted by their distance from the node.\n\n#### ::queryParentSelectorAll(selector)\n\nAn alias of `::parents` except it throw an error if called without a selector.\n\n#### ::queryParentSelector(selector)\n\nReturns only the first parent element that matches the passed-in selector.\n\nThrows an error when called without a selector.\n\n### ::eachParent(iterator)\n\nIterates over each parent the node and calls `iterator` with the current parent node.\n\n### DisposableEvents\n\nA mixin that provides a `addDisposableEventListener` method that registers an event listener on an element and returns a `Disposable` to unregister it:\n\n```coffee\n{DisposableEvents} = require 'atom-utils'\n{CompositeDisposable} = require 'event-kit'\n\nclass DummyNode extends HTMLElement\n  DisposableEvents.includeInto(this)\n\n  createdCallback: ->\n    @subscriptions = new CompositeDisposable\n\n    @subscriptions.add @addDisposableEventListener this, 'click', (e) =>\n      # ...\n\n# It creates the custom element and register it as the `dummy-node` tag.\nDummyNode = document.registerElement 'dummy-node', prototype: DummyNode.prototype\n```\n\n### EventsDelegation\n\nA mixin that provides events delegation ala jQuery without jQuery.\nUse it by including it into your custom element:\n\n```coffee\n{EventsDelegation} = require 'atom-utils'\n{CompositeDisposable} = require 'event-kit'\n\nclass DummyNode extends HTMLElement\n  # It includes the mixin on the class prototype.\n  EventsDelegation.includeInto(this)\n\n  # Custom element's callback on creation.\n  createdCallback: ->\n    @subscriptions = new CompositeDisposable\n\n    @appendChild(document.createElement('div'))\n    @firstChild.appendChild(document.createElement('span'))\n\n    # Without a target and a selector, it registers to the event on the\n    # element itself.\n    # The `subscribeTo` method returns a disposable that unsubscribe from\n    # all the events that was added by this call.\n    @subscriptions.add @subscribeTo\n      click: (e) ->\n        console.log(\"won't be called if the click is done on the child div\")\n\n    # With just a selector, it registers to the event on the elements children\n    # matching the passed-in selector.\n    @subscriptions.add @subscribeTo 'div',\n      click: (e) ->\n        console.log(\"won't be called if the click is done on the child span\")\n        # Events propagation can be used to prevents the delegated handlers\n        # to catch the events in continuation.\n        e.stopPropagation()\n\n    # By passing a node and a selector, it registers to the event on the\n    # elements children matching the passed-in selector.\n    @subscriptions.add @subscribeTo @firstChild, 'span',\n      click: (e) ->\n        e.stopPropagation()\n\n# It creates the custom element and register it as the `dummy-node` tag.\nDummyNode = document.registerElement 'dummy-node', prototype: DummyNode.prototype\n```\n\n### ResizeDetection\n\nAs there is no standard way to detect when an element size changed this mixin provides a DOM polling mechanism to custom element whose display and logic may rely on the element size:\n\n```coffee\n{ResizeDetection} = require 'atom-utils'\n\nclass DummyNode extends HTMLElement\n  ResizeDetection.includeInto(this)\n\n  # Starts the DOM poll when the element is attached\n  attachedCallback: -> @initializeDOMPolling()\n\n  # Stops the DOM poll when the element is detached\n  detachedCallback: -> @disposeDOMPolling()\n\n  # Callback called when the poll routine has detected a size change.\n  # The callback receive the new width and height as arguments.\n  resizeDetected: (width, height) ->\n\n  # If you need to prevent the poll routine to check the element size,\n  # redefine this method with your own conditions. The function should return\n  # false when the polling can occurs.\n  # isDOMPollingPrevented: -> @domPollingPaused\n```\n\nIf you need to suspend the polling while keeping the interval active you can use the `pauseDOMPolling` to pause the polling routine and `resumeDOMPolling` to resume it.\n\n### SpacePenDSL\n\nA mixin that provides the same content creation mechanism as `space-pen` but for custom elements:\n\n```coffee\n{SpacePenDSL} = require 'atom-utils'\n\nclass DummyNode extends HTMLElement\n  SpacePenDSL.includeInto(this)\n\n  @content: ->\n    @div outlet: 'container', class: 'container', =>\n      @span outlet: 'label', class: 'label'\n\n  createdCallback: ->\n    # Content is available in the created callback\n\n# It creates the custom element and register it as the `dummy-node` tag.\nDummyNode = document.registerElement 'dummy-node', prototype: DummyNode.prototype\n```\n","maintainers":[{"name":"abe33","email":"cedric.nehemie@gmail.com"}],"time":{"modified":"2015-12-11T08:43:23.536Z","created":"2014-10-23T14:40:50.145Z","0.0.1":"2014-10-23T14:40:50.145Z","0.1.0":"2015-01-12T19:43:01.938Z","0.1.1":"2015-01-12T19:53:30.047Z","0.1.2":"2015-01-13T09:23:29.853Z","0.2.0":"2015-01-18T22:19:26.202Z","0.3.0":"2015-01-19T09:58:40.701Z","0.3.1":"2015-01-19T18:16:10.827Z","0.3.2":"2015-01-19T18:31:53.672Z","0.4.1":"2015-01-19T18:34:33.441Z","0.4.2":"2015-01-19T18:35:08.179Z","0.4.3":"2015-01-19T21:31:17.044Z","0.4.4":"2015-01-19T21:45:59.003Z","0.5.0":"2015-02-05T15:30:16.150Z","0.6.0":"2015-06-29T13:41:33.152Z","0.6.1":"2015-06-29T13:46:10.639Z","0.6.2":"2015-06-29T13:52:03.470Z","0.6.3":"2015-09-21T12:30:58.136Z","0.7.0":"2015-11-01T15:13:35.632Z","0.7.1":"2015-11-01T16:38:46.816Z","0.7.2":"2015-11-01T16:55:44.399Z","0.7.3":"2015-11-01T17:55:21.262Z","0.7.4":"2015-11-01T18:56:23.796Z","0.7.5":"2015-12-06T23:30:24.054Z","0.8.0":"2015-12-07T00:03:16.503Z","0.8.1":"2015-12-07T00:06:07.604Z","0.9.0":"2015-12-08T16:16:32.009Z","0.9.1":"2015-12-10T23:18:25.851Z","0.9.2":"2015-12-11T08:43:23.536Z"},"homepage":"https://github.com/abe33/atom-utils","keywords":["atom","utils"],"repository":{"type":"git","url":"https://github.com/abe33/atom-utils.git"},"author":{"name":"Cédric Néhémie","email":"cedric.nehemie@gmail.com"},"bugs":{"url":"https://github.com/abe33/atom-utils/issues"},"license":"MIT","readmeFilename":"README.md","users":{"brzrkr":true},"_attachments":{},"_etag":"W/\"566a8cab-9d41\"","_lastModified":"Fri, 11 Dec 2015 08:43:23 GMT"}