{"_id":"delegato","_rev":"15-0e1fa5edecf806c1a0e4dae9a1badf8d","name":"delegato","description":"A mixin that provides a @delegates class method.","dist-tags":{"latest":"1.0.0"},"versions":{"0.1.0":{"name":"delegato","version":"0.1.0","description":"A mixin that provides a @delegates class method.","main":"lib/delegator.js","scripts":{"test":"grunt test","prepublish":"grunt clean lint coffee"},"repository":{"type":"git","url":"http://github.com/atom/delegato.git"},"bugs":{"url":"https://github.com/atom/delegato/issues"},"homepage":"http://atom.github.io/delegato","keywords":["event-emitter","events","subscribe","subscriber"],"author":{"name":"Nathan Sobo"},"licenses":[{"type":"MIT","url":"http://github.com/atom/delegato/raw/master/LICENSE.md"}],"dependencies":{"mixto":"0.1.0"},"devDependencies":{"jasmine-focused":"~0.14.0","grunt-contrib-coffee":"~0.7.0","grunt-cli":"~0.1.8","grunt":"~0.4.1","grunt-shell":"~0.2.2","grunt-coffeelint":"0.0.6","rimraf":"~2.2.2"},"_id":"delegato@0.1.0","dist":{"shasum":"d97ff21446d1c442efa302721f9dbef18cbe3cf3","tarball":"https://registry.npmjs.org/delegato/-/delegato-0.1.0.tgz"},"_from":".","_npmVersion":"1.3.8","_npmUser":{"name":"nathansobo","email":"nathansobo@gmail.com"},"maintainers":[{"name":"nathansobo","email":"nathansobo@gmail.com"}],"directories":{}},"0.2.0":{"name":"delegato","version":"0.2.0","description":"A mixin that provides a @delegates class method.","main":"lib/delegator.js","scripts":{"test":"grunt test","prepublish":"grunt clean lint coffee"},"repository":{"type":"git","url":"http://github.com/atom/delegato.git"},"bugs":{"url":"https://github.com/atom/delegato/issues"},"homepage":"http://atom.github.io/delegato","keywords":["event-emitter","events","subscribe","subscriber"],"author":{"name":"Nathan Sobo"},"licenses":[{"type":"MIT","url":"http://github.com/atom/delegato/raw/master/LICENSE.md"}],"dependencies":{"mixto":"0.2.0"},"devDependencies":{"jasmine-focused":"~0.14.0","grunt-contrib-coffee":"~0.7.0","grunt-cli":"~0.1.8","grunt":"~0.4.1","grunt-shell":"~0.2.2","grunt-coffeelint":"0.0.6","rimraf":"~2.2.2"},"_id":"delegato@0.2.0","dist":{"shasum":"d85caad02009ff4bd13891f0a18a3e9a5a727589","tarball":"https://registry.npmjs.org/delegato/-/delegato-0.2.0.tgz"},"_from":".","_npmVersion":"1.3.8","_npmUser":{"name":"nathansobo","email":"nathansobo@gmail.com"},"maintainers":[{"name":"nathansobo","email":"nathansobo@gmail.com"}],"directories":{}},"0.3.0":{"name":"delegato","version":"0.3.0","description":"A mixin that provides a @delegates class method.","main":"lib/delegator.js","scripts":{"test":"grunt test","prepublish":"grunt clean lint coffee"},"repository":{"type":"git","url":"http://github.com/atom/delegato.git"},"bugs":{"url":"https://github.com/atom/delegato/issues"},"homepage":"http://atom.github.io/delegato","keywords":["event-emitter","events","subscribe","subscriber"],"author":{"name":"Nathan Sobo"},"licenses":[{"type":"MIT","url":"http://github.com/atom/delegato/raw/master/LICENSE.md"}],"dependencies":{"mixto":"0.3.0"},"devDependencies":{"jasmine-focused":"~0.14.0","grunt-contrib-coffee":"~0.7.0","grunt-cli":"~0.1.8","grunt":"~0.4.1","grunt-shell":"~0.2.2","grunt-coffeelint":"0.0.6","rimraf":"~2.2.2"},"_id":"delegato@0.3.0","dist":{"shasum":"cf91834199f660c32ddddf1eb6abaef905f70af9","tarball":"https://registry.npmjs.org/delegato/-/delegato-0.3.0.tgz"},"_from":".","_npmVersion":"1.3.8","_npmUser":{"name":"nathansobo","email":"nathansobo@gmail.com"},"maintainers":[{"name":"nathansobo","email":"nathansobo@gmail.com"}],"directories":{}},"0.4.0":{"name":"delegato","version":"0.4.0","description":"A mixin that provides a @delegates class method.","main":"lib/delegator.js","scripts":{"test":"grunt test","prepublish":"grunt clean lint coffee"},"repository":{"type":"git","url":"http://github.com/atom/delegato.git"},"bugs":{"url":"https://github.com/atom/delegato/issues"},"homepage":"http://atom.github.io/delegato","keywords":["event-emitter","events","subscribe","subscriber"],"author":{"name":"Nathan Sobo"},"licenses":[{"type":"MIT","url":"http://github.com/atom/delegato/raw/master/LICENSE.md"}],"dependencies":{"mixto":"0.3.0"},"devDependencies":{"jasmine-focused":"~0.14.0","grunt-contrib-coffee":"~0.7.0","grunt-cli":"~0.1.8","grunt":"~0.4.1","grunt-shell":"~0.2.2","grunt-coffeelint":"0.0.6","rimraf":"~2.2.2"},"_id":"delegato@0.4.0","dist":{"shasum":"1295db55eebbe79933392734c06ce0e84d1537b8","tarball":"https://registry.npmjs.org/delegato/-/delegato-0.4.0.tgz"},"_from":".","_npmVersion":"1.3.14","_npmUser":{"name":"nathansobo","email":"nathansobo@gmail.com"},"maintainers":[{"name":"nathansobo","email":"nathansobo@gmail.com"}],"directories":{}},"1.0.0":{"name":"delegato","version":"1.0.0","description":"A mixin that provides a @delegates class method.","main":"lib/delegator.js","scripts":{"test":"grunt test","prepublish":"grunt clean lint coffee"},"repository":{"type":"git","url":"http://github.com/atom/delegato.git"},"bugs":{"url":"https://github.com/atom/delegato/issues"},"homepage":"http://atom.github.io/delegato","keywords":["delegate","delegates"],"author":{"name":"Nathan Sobo"},"licenses":[{"type":"MIT","url":"http://github.com/atom/delegato/raw/master/LICENSE.md"}],"dependencies":{"mixto":"1.x"},"devDependencies":{"jasmine-focused":"~0.19.0","grunt-contrib-coffee":"~0.7.0","grunt-cli":"~0.1.8","grunt":"~0.4.1","grunt-shell":"~0.2.2","grunt-coffeelint":"0.0.6","rimraf":"~2.2.2"},"_id":"delegato@1.0.0","dist":{"shasum":"c7324adbf31fa3d96d1fd60bf368c5fcca269510","tarball":"https://registry.npmjs.org/delegato/-/delegato-1.0.0.tgz"},"_from":".","_npmVersion":"1.3.2","_npmUser":{"name":"kevinsawicki","email":"kevinsawicki@gmail.com"},"maintainers":[{"name":"nathansobo","email":"nathansobo@gmail.com"},{"name":"kevinsawicki","email":"kevinsawicki@gmail.com"}],"directories":{}}},"readme":"# delegato [![Build Status](https://travis-ci.org/atom/delegato.png?branch=master)](https://travis-ci.org/atom/delegato)\n\n## Delegate Methods\n\n```coffee\nDelegato = require 'delegato'\n\nclass Ship\n  Delegato.includeInto(this)\n  \n  @delegatesMethods 'dropAnchor', 'raiseAnchor', toProperty: 'winch'\n  @delegatesMethod 'leavePort', toMethod: 'getCaptain'\n```\n\n## Delegate Properties\n\n```coffee\nclass MyClass\n  Delegato.includeInto(this)\n  \n  @delegatesProperty 'steamPressure', toProperty: 'engineRoom'\n  @delegatesProperties 'heading', 'speed', toMethod: 'getVelocity'\n```\n","maintainers":[{"name":"atom","email":"nathan@github.com"},{"name":"benogle","email":"ogle.ben@gmail.com"},{"name":"kevinsawicki","email":"kevinsawicki@gmail.com"},{"name":"nathansobo","email":"nathan@github.com"}],"time":{"modified":"2016-04-11T16:59:28.266Z","created":"2013-10-29T16:57:41.154Z","0.1.0":"2013-10-29T16:57:42.616Z","0.2.0":"2013-11-08T02:06:52.756Z","0.3.0":"2013-11-12T21:58:30.168Z","0.4.0":"2013-12-12T20:21:48.331Z","1.0.0":"2014-01-16T23:49:20.329Z"},"author":{"name":"Nathan Sobo"},"repository":{"type":"git","url":"http://github.com/atom/delegato.git"},"readmeFilename":"README.md","homepage":"http://atom.github.io/delegato","keywords":["delegate","delegates"],"bugs":{"url":"https://github.com/atom/delegato/issues"},"_attachments":{},"_etag":"W/\"570bd7f0-1c20\"","_lastModified":"Mon, 11 Apr 2016 16:59:28 GMT"}