{"digest":"0a32f6af9911bcbee86977943ecc9d6e776e9841","css":"/*============================================================================*\n\tPALETTE\t\n\tBase16 colours from https://github.com/chriskempson/base16\n/*============================================================================*/\n/*============================================================================*\n\tCSS CLASSES\n/*============================================================================*/\n.light-red:before {\n  color: #c97071;\n}\n.medium-red:before {\n  color: #ac4142;\n}\n.dark-red:before {\n  color: #be2f31;\n}\n.light-green:before {\n  color: #b2c38b;\n}\n.medium-green:before {\n  color: #90a959;\n}\n.dark-green:before {\n  color: #66783e;\n}\n.light-yellow:before {\n  color: #fae0bc;\n}\n.medium-yellow:before {\n  color: #f4bf75;\n}\n.dark-yellow:before {\n  color: #ee9e2e;\n}\n.light-blue:before {\n  color: #9dc0ce;\n}\n.medium-blue:before {\n  color: #6a9fb5;\n}\n.dark-blue:before {\n  color: #46788d;\n}\n.light-maroon:before {\n  color: #be7953;\n}\n.medium-maroon:before {\n  color: #8f5536;\n}\n.dark-maroon:before {\n  color: #7c4426;\n}\n.light-purple:before {\n  color: #c7a4c0;\n}\n.medium-purple:before {\n  color: #aa759f;\n}\n.dark-purple:before {\n  color: #825078;\n}\n.light-orange:before {\n  color: #e1ad83;\n}\n.medium-orange:before {\n  color: #d28445;\n}\n.dark-orange:before {\n  color: #a35f27;\n}\n.light-cyan:before {\n  color: #a7d0c9;\n}\n.medium-cyan:before {\n  color: #75b5aa;\n}\n.dark-cyan:before {\n  color: #4d9085;\n}\n.light-pink:before {\n  color: #ff4ddb;\n}\n.medium-pink:before {\n  color: #ff00cc;\n}\n.dark-pink:before {\n  color: #cc00a3;\n}\n.theme-colour-check {\n  background: #263238;\n}\n","imports":[{"path":"static\\variables\\ui-variables.less","digest":"e3029f763111ec391f6dcea8178d35be7c798b4f"},{"path":"static\\variables\\syntax-variables.less","digest":"812c1b7883a023f768773d14294653adcdb932d7"},{"path":"C:\\Users\\JRodr\\.atom\\packages\\material-ui\\styles\\ui-variables.less","digest":"45819ad5bbf7b4233dbc3fad269f8a93510eee14"},{"path":"static\\variables\\syntax-variables.less","digest":"812c1b7883a023f768773d14294653adcdb932d7"}],"version":1}