{"digest":"9ec66689ad1ab4c04e008cef98375de8664af519","css":"atom-text-editor .syntax--entity.syntax--name.syntax--tag.syntax--block.syntax--any.syntax--html.syntax--angular,\natom-text-editor .syntax--entity.syntax--other.syntax--attribute-name.syntax--html.syntax--angular {\n  color: #e2c08d;\n}\natom-text-editor .syntax--punctuation.syntax--definition.syntax--block.syntax--begin.syntax--angular,\natom-text-editor .syntax--punctuation.syntax--definition.syntax--block.syntax--end.syntax--angular {\n  color: #73c990;\n}\n","imports":[{"path":"static\\variables\\ui-variables.less","digest":"e3029f763111ec391f6dcea8178d35be7c798b4f"},{"path":"static\\variables\\syntax-variables.less","digest":"812c1b7883a023f768773d14294653adcdb932d7"},{"path":"node_modules\\one-dark-ui\\styles\\ui-variables.less","digest":"ade239ee28a3515a891063cf32f6ab0f6abbee09"},{"path":"node_modules\\one-dark-ui\\styles\\ui-variables-custom.less","digest":"92eb775b31e95606771953333016577d686314d9"},{"path":"node_modules\\one-dark-syntax\\styles\\syntax-variables.less","digest":"3c7face5194cc85d83f478b41471c2ac17f6bef1"},{"path":"node_modules\\one-dark-syntax\\styles\\colors.less","digest":"66bba03e9aabff000a84c2839a9d3e9a9fa08e0e"}],"version":1}