{"digest":"a25a3b8c740ed552295164442b4ff8d8d1515f52","css":".key-binding-resolver {\n  -webkit-flex: 0.25;\n  overflow: auto;\n}\n.key-binding-resolver .keystroke {\n  margin-right: 1em;\n}\n.key-binding-resolver table .used {\n  color: #73c990;\n}\n.key-binding-resolver table .unused {\n  color: #a8a8a8;\n}\n.key-binding-resolver table .unmatched {\n  color: rgba(168, 168, 168, 0.6);\n}\n.key-binding-resolver table .used .command::before,\n.key-binding-resolver table .unused .command::before {\n  font-family: 'Octicons Regular';\n  font-weight: normal;\n  font-style: normal;\n  display: inline-block;\n  line-height: 1;\n  -webkit-font-smoothing: antialiased;\n  text-decoration: none;\n  font-size: 16px;\n  width: 16px;\n  height: 16px;\n  content: \"\\f03a\";\n}\n.key-binding-resolver table .unmatched .command::before {\n  font-family: 'Octicons Regular';\n  font-weight: normal;\n  font-style: normal;\n  display: inline-block;\n  line-height: 1;\n  -webkit-font-smoothing: antialiased;\n  text-decoration: none;\n  font-size: 16px;\n  width: 16px;\n  height: 16px;\n  content: \"\\f081\";\n}\n.key-binding-resolver table .command,\n.key-binding-resolver table .selector,\n.key-binding-resolver table .source {\n  min-width: 10em;\n}\n.key-binding-resolver table .source {\n  cursor: pointer;\n}\n","imports":[{"path":"static\\variables\\ui-variables.less","digest":"e3029f763111ec391f6dcea8178d35be7c798b4f"},{"path":"static\\variables\\syntax-variables.less","digest":"812c1b7883a023f768773d14294653adcdb932d7"},{"path":"C:\\Users\\JRodr\\.atom\\packages\\material-ui\\styles\\ui-variables.less","digest":"45819ad5bbf7b4233dbc3fad269f8a93510eee14"},{"path":"static\\variables\\syntax-variables.less","digest":"812c1b7883a023f768773d14294653adcdb932d7"},{"path":"static\\variables\\octicon-mixins.less","digest":"ae3c4b031911e5fcb5ff6abeb3606418817fb318"},{"path":"static\\variables\\octicon-utf-codes.less","digest":"b4d5267375a52ceb1dda28ee7c224ba03040e52d"},{"path":"static\\variables\\octicon-utf-codes.less","digest":"b4d5267375a52ceb1dda28ee7c224ba03040e52d"}],"version":1}