{"digest":"bc6a33f6efd0913c97e9f8296cac5f0aa8f2ccd3","css":"atom-text-editor .wrap-guide {\n  height: 100%;\n  width: 1px;\n  z-index: 3;\n  position: absolute;\n  top: 0;\n  background-color: #cccccc;\n  -webkit-transform: translateZ(0);\n}\n","imports":[{"path":"static\\variables\\ui-variables.less","digest":"e3029f763111ec391f6dcea8178d35be7c798b4f"},{"path":"static\\variables\\syntax-variables.less","digest":"812c1b7883a023f768773d14294653adcdb932d7"},{"path":"static\\variables\\syntax-variables.less","digest":"812c1b7883a023f768773d14294653adcdb932d7"}],"version":1}