{"_id":"emmet","_rev":"38-29c83116b09532a5fecb4515524deec0","name":"emmet","description":"Emmet — the essential toolkit for web-developers","dist-tags":{"latest":"1.6.2"},"versions":{"1.1.0":{"name":"emmet","version":"1.1.0","description":"Emmet — the essential toolkit for web-developers","main":"./lib/emmet.js","scripts":{"test":"make test"},"repository":{"type":"git","url":"git://github.com/emmetio/emmet.git"},"keywords":["emmet","html","css","coding","speed"],"author":{"name":"Sergey Chikuyonok"},"license":"MIT","bugs":{"url":"https://github.com/emmetio/emmet/issues"},"devDependencies":{"grunt":"~0.4.1","mocha":"~1.13.0","grunt-contrib-requirejs":"~0.4.1","grunt-contrib-uglify":"~0.2.4"},"dependencies":{"lodash":"~2.1.0","requirejs":"~2.1.9"},"homepage":"https://github.com/emmetio/emmet","_id":"emmet@1.1.0","dist":{"shasum":"dab63778d9b67d581bc32dea3da64f970ea07d01","tarball":"https://registry.npmjs.org/emmet/-/emmet-1.1.0.tgz"},"_from":".","_npmVersion":"1.4.3","_npmUser":{"name":"serge.che","email":"serge.che@gmail.com"},"maintainers":[{"name":"serge.che","email":"serge.che@gmail.com"}],"directories":{}},"1.1.1":{"name":"emmet","version":"1.1.1","description":"Emmet — the essential toolkit for web-developers","main":"./lib/emmet.js","scripts":{"test":"make test"},"repository":{"type":"git","url":"git://github.com/emmetio/emmet.git"},"keywords":["emmet","html","css","coding","speed"],"author":{"name":"Sergey Chikuyonok"},"license":"MIT","bugs":{"url":"https://github.com/emmetio/emmet/issues"},"devDependencies":{"grunt":"~0.4.1","mocha":"~1.13.0","grunt-contrib-requirejs":"~0.4.1","grunt-contrib-uglify":"~0.2.4"},"dependencies":{"lodash":"~2.1.0","requirejs":"~2.1.9"},"homepage":"https://github.com/emmetio/emmet","_id":"emmet@1.1.1","dist":{"shasum":"9395437d76d85af15c907fa3d6489a795ae083eb","tarball":"https://registry.npmjs.org/emmet/-/emmet-1.1.1.tgz"},"_from":".","_npmVersion":"1.4.3","_npmUser":{"name":"serge.che","email":"serge.che@gmail.com"},"maintainers":[{"name":"serge.che","email":"serge.che@gmail.com"}],"directories":{}},"1.1.2":{"name":"emmet","version":"1.1.2","description":"Emmet — the essential toolkit for web-developers","main":"./lib/emmet.js","scripts":{"test":"make test"},"repository":{"type":"git","url":"git://github.com/emmetio/emmet.git"},"keywords":["emmet","html","css","coding","speed"],"author":{"name":"Sergey Chikuyonok"},"license":"MIT","bugs":{"url":"https://github.com/emmetio/emmet/issues"},"devDependencies":{"grunt":"~0.4.1","mocha":"~1.13.0","grunt-contrib-requirejs":"~0.4.1","grunt-contrib-uglify":"~0.2.4"},"dependencies":{"lodash":"~2.1.0","requirejs":"~2.1.9"},"homepage":"https://github.com/emmetio/emmet","_id":"emmet@1.1.2","dist":{"shasum":"83f642ff78c2686b2a4a773989b1cf502da52ba7","tarball":"https://registry.npmjs.org/emmet/-/emmet-1.1.2.tgz"},"_from":".","_npmVersion":"1.4.3","_npmUser":{"name":"serge.che","email":"serge.che@gmail.com"},"maintainers":[{"name":"serge.che","email":"serge.che@gmail.com"}],"directories":{}},"1.1.3":{"name":"emmet","version":"1.1.3","description":"Emmet — the essential toolkit for web-developers","main":"./lib/emmet.js","scripts":{"test":"make test"},"repository":{"type":"git","url":"git://github.com/emmetio/emmet.git"},"keywords":["emmet","html","css","coding","speed"],"author":{"name":"Sergey Chikuyonok"},"license":"MIT","bugs":{"url":"https://github.com/emmetio/emmet/issues"},"devDependencies":{"grunt":"~0.4.1","mocha":"~1.13.0","grunt-contrib-requirejs":"~0.4.1","grunt-contrib-uglify":"~0.2.4"},"dependencies":{"lodash":"~2.1.0","requirejs":"~2.1.9"},"homepage":"https://github.com/emmetio/emmet","_id":"emmet@1.1.3","dist":{"shasum":"917ee8bb3b738bdc7f330e84fe920cc25d223646","tarball":"https://registry.npmjs.org/emmet/-/emmet-1.1.3.tgz"},"_from":".","_npmVersion":"1.4.3","_npmUser":{"name":"serge.che","email":"serge.che@gmail.com"},"maintainers":[{"name":"serge.che","email":"serge.che@gmail.com"}],"directories":{}},"1.1.4":{"name":"emmet","version":"1.1.4","description":"Emmet — the essential toolkit for web-developers","main":"./lib/emmet.js","scripts":{"test":"make test"},"repository":{"type":"git","url":"git://github.com/emmetio/emmet.git"},"keywords":["emmet","html","css","coding","speed"],"author":{"name":"Sergey Chikuyonok"},"license":"MIT","bugs":{"url":"https://github.com/emmetio/emmet/issues"},"devDependencies":{"grunt":"~0.4.1","mocha":"~1.13.0","grunt-contrib-requirejs":"~0.4.1","grunt-contrib-uglify":"~0.2.4"},"dependencies":{"lodash":"git://github.com/emmetio/lodash.git","requirejs":"~2.1.9"},"homepage":"https://github.com/emmetio/emmet","_id":"emmet@1.1.4","dist":{"shasum":"ffc95ca1d39869504bb17036f43d6e84c8106bf6","tarball":"https://registry.npmjs.org/emmet/-/emmet-1.1.4.tgz"},"_from":".","_npmVersion":"1.4.3","_npmUser":{"name":"serge.che","email":"serge.che@gmail.com"},"maintainers":[{"name":"serge.che","email":"serge.che@gmail.com"}],"directories":{}},"1.1.5":{"name":"emmet","version":"1.1.5","description":"Emmet — the essential toolkit for web-developers","main":"./lib/emmet.js","scripts":{"test":"make test"},"repository":{"type":"git","url":"git://github.com/emmetio/emmet.git"},"keywords":["emmet","html","css","coding","speed"],"author":{"name":"Sergey Chikuyonok"},"license":"MIT","bugs":{"url":"https://github.com/emmetio/emmet/issues"},"devDependencies":{"grunt":"~0.4.1","mocha":"~1.13.0","grunt-contrib-requirejs":"~0.4.1","grunt-contrib-uglify":"~0.2.4"},"dependencies":{"lodash":"git://github.com/emmetio/lodash.git","requirejs":"~2.1.9"},"homepage":"https://github.com/emmetio/emmet","_id":"emmet@1.1.5","dist":{"shasum":"84ed4d16daa7a45d71fe5d4fb0d0d80ab8ac95b3","tarball":"https://registry.npmjs.org/emmet/-/emmet-1.1.5.tgz"},"_from":".","_npmVersion":"1.4.3","_npmUser":{"name":"serge.che","email":"serge.che@gmail.com"},"maintainers":[{"name":"serge.che","email":"serge.che@gmail.com"}],"directories":{}},"1.1.6":{"name":"emmet","version":"1.1.6","description":"Emmet — the essential toolkit for web-developers","main":"./lib/emmet.js","scripts":{"test":"make test"},"repository":{"type":"git","url":"git://github.com/emmetio/emmet.git"},"keywords":["emmet","html","css","coding","speed"],"author":{"name":"Sergey Chikuyonok"},"license":"MIT","bugs":{"url":"https://github.com/emmetio/emmet/issues"},"devDependencies":{"grunt":"~0.4.1","mocha":"~1.13.0","grunt-contrib-requirejs":"~0.4.1","grunt-contrib-uglify":"~0.2.4"},"dependencies":{"lodash":"git://github.com/emmetio/lodash.git","requirejs":"~2.1.9"},"homepage":"https://github.com/emmetio/emmet","_id":"emmet@1.1.6","dist":{"shasum":"d886522b2b7a03375e6f2ab5368e857d54df6653","tarball":"https://registry.npmjs.org/emmet/-/emmet-1.1.6.tgz"},"_from":".","_npmVersion":"1.4.3","_npmUser":{"name":"serge.che","email":"serge.che@gmail.com"},"maintainers":[{"name":"serge.che","email":"serge.che@gmail.com"}],"directories":{}},"1.1.7":{"name":"emmet","version":"1.1.7","description":"Emmet — the essential toolkit for web-developers","main":"./lib/emmet.js","scripts":{"test":"make test"},"repository":{"type":"git","url":"git://github.com/emmetio/emmet.git"},"keywords":["emmet","html","css","coding","speed"],"author":{"name":"Sergey Chikuyonok"},"license":"MIT","bugs":{"url":"https://github.com/emmetio/emmet/issues"},"devDependencies":{"grunt":"~0.4.1","mocha":"~1.13.0","grunt-contrib-requirejs":"~0.4.1","grunt-contrib-uglify":"~0.2.4"},"dependencies":{"lodash":"git://github.com/emmetio/lodash.git","requirejs":"~2.1.9"},"homepage":"https://github.com/emmetio/emmet","_id":"emmet@1.1.7","_shasum":"17e015bacc151c9c4324ed3d688d905dffb9c67e","_from":".","_npmVersion":"1.4.9","_npmUser":{"name":"serge.che","email":"serge.che@gmail.com"},"maintainers":[{"name":"serge.che","email":"serge.che@gmail.com"}],"dist":{"shasum":"17e015bacc151c9c4324ed3d688d905dffb9c67e","tarball":"https://registry.npmjs.org/emmet/-/emmet-1.1.7.tgz"},"directories":{}},"1.2.0":{"name":"emmet","version":"1.2.0","description":"Emmet — the essential toolkit for web-developers","main":"./lib/emmet.js","scripts":{"test":"make test"},"repository":{"type":"git","url":"git://github.com/emmetio/emmet.git"},"keywords":["emmet","html","css","coding","speed"],"author":{"name":"Sergey Chikuyonok"},"license":"MIT","bugs":{"url":"https://github.com/emmetio/emmet/issues"},"devDependencies":{"browserify":"^6.3.2","gulp":"^3.8.10","gulp-rename":"^1.2.0","gulp-streamify":"0.0.5","gulp-uglify":"^1.0.1","mocha":"~1.13.0","through2":"^0.6.3","vinyl-source-stream":"^1.0.0"},"homepage":"https://github.com/emmetio/emmet","_id":"emmet@1.2.0","dist":{"shasum":"3df42ecac92e0bd2d51a28595d26a8f2a24a879c","tarball":"https://registry.npmjs.org/emmet/-/emmet-1.2.0.tgz"},"_from":".","_npmVersion":"1.4.3","_npmUser":{"name":"serge.che","email":"serge.che@gmail.com"},"maintainers":[{"name":"serge.che","email":"serge.che@gmail.com"}],"directories":{}},"1.2.1":{"name":"emmet","version":"1.2.1","description":"Emmet — the essential toolkit for web-developers","main":"./lib/emmet.js","scripts":{"test":"make test"},"repository":{"type":"git","url":"git://github.com/emmetio/emmet.git"},"keywords":["emmet","html","css","coding","speed"],"author":{"name":"Sergey Chikuyonok"},"license":"MIT","bugs":{"url":"https://github.com/emmetio/emmet/issues"},"devDependencies":{"browserify":"^6.3.2","gulp":"^3.8.10","gulp-rename":"^1.2.0","gulp-streamify":"0.0.5","gulp-uglify":"^1.0.1","mocha":"~1.13.0","through2":"^0.6.3","vinyl-source-stream":"^1.0.0"},"homepage":"https://github.com/emmetio/emmet","_id":"emmet@1.2.1","dist":{"shasum":"f2da46a4712ff5ccb4e5097d6cd30ceba16558d2","tarball":"https://registry.npmjs.org/emmet/-/emmet-1.2.1.tgz"},"_from":".","_npmVersion":"1.4.3","_npmUser":{"name":"serge.che","email":"serge.che@gmail.com"},"maintainers":[{"name":"serge.che","email":"serge.che@gmail.com"}],"directories":{}},"1.2.2":{"name":"emmet","version":"1.2.2","description":"Emmet — the essential toolkit for web-developers","main":"./lib/emmet.js","scripts":{"test":"make test"},"repository":{"type":"git","url":"git://github.com/emmetio/emmet.git"},"keywords":["emmet","html","css","coding","speed"],"author":{"name":"Sergey Chikuyonok"},"license":"MIT","bugs":{"url":"https://github.com/emmetio/emmet/issues"},"devDependencies":{"browserify":"^6.3.2","gulp":"^3.8.10","gulp-rename":"^1.2.0","gulp-streamify":"0.0.5","gulp-uglify":"^1.0.1","mocha":"~1.13.0","through2":"^0.6.3","vinyl-source-stream":"^1.0.0"},"homepage":"https://github.com/emmetio/emmet","_id":"emmet@1.2.2","dist":{"shasum":"6aa7c42fbbf2b1d0f817ddb149327ff3e8560f2e","tarball":"https://registry.npmjs.org/emmet/-/emmet-1.2.2.tgz"},"_from":".","_npmVersion":"1.4.3","_npmUser":{"name":"serge.che","email":"serge.che@gmail.com"},"maintainers":[{"name":"serge.che","email":"serge.che@gmail.com"}],"directories":{}},"1.2.3":{"name":"emmet","version":"1.2.3","description":"Emmet — the essential toolkit for web-developers","main":"./lib/emmet.js","scripts":{"test":"make test"},"repository":{"type":"git","url":"git://github.com/emmetio/emmet.git"},"keywords":["emmet","html","css","coding","speed"],"author":{"name":"Sergey Chikuyonok"},"license":"MIT","bugs":{"url":"https://github.com/emmetio/emmet/issues"},"devDependencies":{"browserify":"^6.3.2","gulp":"^3.8.10","gulp-rename":"^1.2.0","gulp-streamify":"0.0.5","gulp-uglify":"^1.0.1","mocha":"~1.13.0","through2":"^0.6.3","vinyl-source-stream":"^1.0.0"},"gitHead":"44c41327b412a9cb4f73105d93305239ebaf2d66","homepage":"https://github.com/emmetio/emmet","_id":"emmet@1.2.3","_shasum":"88074653d20d8a1d59faa5551080221c8308a6fe","_from":".","_npmVersion":"2.6.1","_nodeVersion":"0.12.0","_npmUser":{"name":"serge.che","email":"serge.che@gmail.com"},"maintainers":[{"name":"serge.che","email":"serge.che@gmail.com"}],"dist":{"shasum":"88074653d20d8a1d59faa5551080221c8308a6fe","tarball":"https://registry.npmjs.org/emmet/-/emmet-1.2.3.tgz"},"directories":{}},"1.2.4":{"name":"emmet","version":"1.2.4","description":"Emmet — the essential toolkit for web-developers","main":"./lib/emmet.js","scripts":{"test":"make test"},"repository":{"type":"git","url":"git://github.com/emmetio/emmet.git"},"keywords":["emmet","html","css","coding","speed"],"author":{"name":"Sergey Chikuyonok"},"license":"MIT","bugs":{"url":"https://github.com/emmetio/emmet/issues"},"devDependencies":{"browserify":"^6.3.2","gulp":"^3.8.10","gulp-rename":"^1.2.0","gulp-streamify":"0.0.5","gulp-uglify":"^1.0.1","mocha":"~1.13.0","through2":"^0.6.3","vinyl-source-stream":"^1.0.0"},"gitHead":"4b28c0565c14515abb6044534f8a16c37db36a17","homepage":"https://github.com/emmetio/emmet","_id":"emmet@1.2.4","_shasum":"204ced5121f70331113b7a9bffa60fc51a3e6bb4","_from":".","_npmVersion":"2.6.1","_nodeVersion":"0.12.0","_npmUser":{"name":"serge.che","email":"serge.che@gmail.com"},"maintainers":[{"name":"serge.che","email":"serge.che@gmail.com"}],"dist":{"shasum":"204ced5121f70331113b7a9bffa60fc51a3e6bb4","tarball":"https://registry.npmjs.org/emmet/-/emmet-1.2.4.tgz"},"directories":{}},"1.3.0":{"name":"emmet","version":"1.3.0","description":"Emmet — the essential toolkit for web-developers","main":"./lib/emmet.js","scripts":{"test":"make test"},"repository":{"type":"git","url":"git://github.com/emmetio/emmet.git"},"keywords":["emmet","html","css","coding","speed"],"author":{"name":"Sergey Chikuyonok"},"license":"MIT","bugs":{"url":"https://github.com/emmetio/emmet/issues"},"devDependencies":{"browserify":"^6.3.2","gulp":"^3.8.10","gulp-rename":"^1.2.0","gulp-streamify":"0.0.5","gulp-uglify":"^1.0.1","mocha":"^2.2.1","through2":"^0.6.3","vinyl-source-stream":"^1.0.0"},"gitHead":"109425e2432f230bad7575ce86fd4e3e9f078e66","homepage":"https://github.com/emmetio/emmet","_id":"emmet@1.3.0","_shasum":"c56261d1db31821fcf5a1b3fd00122877988ef41","_from":".","_npmVersion":"2.6.1","_nodeVersion":"0.12.0","_npmUser":{"name":"serge.che","email":"serge.che@gmail.com"},"maintainers":[{"name":"serge.che","email":"serge.che@gmail.com"}],"dist":{"shasum":"c56261d1db31821fcf5a1b3fd00122877988ef41","tarball":"https://registry.npmjs.org/emmet/-/emmet-1.3.0.tgz"},"directories":{}},"1.3.1":{"name":"emmet","version":"1.3.1","description":"Emmet — the essential toolkit for web-developers","main":"./lib/emmet.js","scripts":{"test":"make test"},"repository":{"type":"git","url":"git://github.com/emmetio/emmet.git"},"keywords":["emmet","html","css","coding","speed"],"author":{"name":"Sergey Chikuyonok"},"license":"MIT","bugs":{"url":"https://github.com/emmetio/emmet/issues"},"devDependencies":{"browserify":"^6.3.2","gulp":"^3.8.10","gulp-rename":"^1.2.0","gulp-streamify":"0.0.5","gulp-uglify":"^1.0.1","mocha":"^2.2.1","through2":"^0.6.3","vinyl-source-stream":"^1.0.0"},"gitHead":"1cb7e8101b9885d27f86a5cf13ade3a23b99c5b4","homepage":"https://github.com/emmetio/emmet#readme","_id":"emmet@1.3.1","_shasum":"391f31a239ecdc99f2675afd8a15b5e76aa13335","_from":".","_npmVersion":"2.9.0","_nodeVersion":"0.10.38","_npmUser":{"name":"serge.che","email":"serge.che@gmail.com"},"maintainers":[{"name":"serge.che","email":"serge.che@gmail.com"}],"dist":{"shasum":"391f31a239ecdc99f2675afd8a15b5e76aa13335","tarball":"https://registry.npmjs.org/emmet/-/emmet-1.3.1.tgz"},"directories":{}},"1.3.2":{"name":"emmet","version":"1.3.2","description":"Emmet — the essential toolkit for web-developers","main":"./lib/emmet.js","scripts":{"test":"make test"},"repository":{"type":"git","url":"git://github.com/emmetio/emmet.git"},"keywords":["emmet","html","css","coding","speed"],"author":{"name":"Sergey Chikuyonok"},"license":"MIT","bugs":{"url":"https://github.com/emmetio/emmet/issues"},"devDependencies":{"browserify":"^6.3.2","gulp":"^3.8.10","gulp-rename":"^1.2.0","gulp-streamify":"0.0.5","gulp-uglify":"^1.0.1","mocha":"^2.2.1","through2":"^0.6.3","vinyl-source-stream":"^1.0.0"},"gitHead":"3a946a2ca2c4b0e5878547dab9911e04edc1bd64","homepage":"https://github.com/emmetio/emmet","_id":"emmet@1.3.2","_shasum":"a45a36bb696331171e8b6eb3cb8c2df8fe304003","_from":".","_npmVersion":"2.14.12","_nodeVersion":"4.2.4","_npmUser":{"name":"serge.che","email":"serge.che@gmail.com"},"maintainers":[{"name":"serge.che","email":"serge.che@gmail.com"}],"dist":{"shasum":"a45a36bb696331171e8b6eb3cb8c2df8fe304003","tarball":"https://registry.npmjs.org/emmet/-/emmet-1.3.2.tgz"},"directories":{}},"1.4.0":{"name":"emmet","version":"1.4.0","description":"Emmet — the essential toolkit for web-developers","main":"./lib/emmet.js","scripts":{"test":"mocha --recursive --reporter list"},"repository":{"type":"git","url":"git://github.com/emmetio/emmet.git"},"keywords":["emmet","html","css","coding","speed"],"author":{"name":"Sergey Chikuyonok"},"license":"MIT","bugs":{"url":"https://github.com/emmetio/emmet/issues"},"devDependencies":{"browserify":"^6.3.2","gulp":"^3.8.10","gulp-rename":"^1.2.0","gulp-streamify":"0.0.5","gulp-uglify":"^1.0.1","mocha":"^2.2.1","through2":"^0.6.3","vinyl-source-stream":"^1.0.0"},"dependencies":{"caniuse-db":"^1.0.30000161"},"gitHead":"07a21d5fb60f3234d452a764b89341b6c298f8e2","homepage":"https://github.com/emmetio/emmet#readme","_id":"emmet@1.4.0","_shasum":"9e292ce1975a1e8f640cb33a804d6b61de5cb6c1","_from":".","_npmVersion":"3.7.3","_nodeVersion":"5.9.1","_npmUser":{"name":"serge.che","email":"serge.che@gmail.com"},"maintainers":[{"name":"serge.che","email":"serge.che@gmail.com"}],"dist":{"shasum":"9e292ce1975a1e8f640cb33a804d6b61de5cb6c1","tarball":"https://registry.npmjs.org/emmet/-/emmet-1.4.0.tgz"},"_npmOperationalInternal":{"host":"packages-12-west.internal.npmjs.com","tmp":"tmp/emmet-1.4.0.tgz_1467147636778_0.7560386103577912"},"directories":{}},"1.4.1":{"name":"emmet","version":"1.4.1","description":"Emmet — the essential toolkit for web-developers","main":"./lib/emmet.js","scripts":{"test":"mocha --recursive --reporter list"},"repository":{"type":"git","url":"git://github.com/emmetio/emmet.git"},"keywords":["emmet","html","css","coding","speed"],"author":{"name":"Sergey Chikuyonok"},"license":"MIT","bugs":{"url":"https://github.com/emmetio/emmet/issues"},"devDependencies":{"browserify":"^6.3.2","gulp":"^3.8.10","gulp-rename":"^1.2.0","gulp-streamify":"0.0.5","gulp-uglify":"^1.0.1","mocha":"^2.2.1","through2":"^0.6.3","vinyl-source-stream":"^1.0.0"},"dependencies":{"caniuse-db":"^1.0.30000161"},"gitHead":"c858973305e02f9ac36d2297345069b77f015ef8","homepage":"https://github.com/emmetio/emmet#readme","_id":"emmet@1.4.1","_shasum":"ae21c60cccf6f87dd849e9383dfda439e9958f23","_from":".","_npmVersion":"3.7.3","_nodeVersion":"5.9.1","_npmUser":{"name":"serge.che","email":"serge.che@gmail.com"},"maintainers":[{"name":"serge.che","email":"serge.che@gmail.com"}],"dist":{"shasum":"ae21c60cccf6f87dd849e9383dfda439e9958f23","tarball":"https://registry.npmjs.org/emmet/-/emmet-1.4.1.tgz"},"_npmOperationalInternal":{"host":"packages-16-east.internal.npmjs.com","tmp":"tmp/emmet-1.4.1.tgz_1467150995841_0.5971136421430856"},"directories":{}},"1.5.0":{"name":"emmet","version":"1.5.0","description":"Emmet — the essential toolkit for web-developers","main":"./lib/emmet.js","scripts":{"test":"mocha --recursive --reporter list"},"repository":{"type":"git","url":"git://github.com/emmetio/emmet.git"},"keywords":["emmet","html","css","coding","speed"],"author":{"name":"Sergey Chikuyonok"},"license":"MIT","bugs":{"url":"https://github.com/emmetio/emmet/issues"},"devDependencies":{"browserify":"^6.3.2","gulp":"^3.8.10","gulp-rename":"^1.2.0","gulp-streamify":"0.0.5","gulp-uglify":"^1.0.1","mocha":"^2.2.1","through2":"^0.6.3","vinyl-source-stream":"^1.0.0"},"dependencies":{"caniuse-db":"^1.0.30000161"},"gitHead":"afafbd27efa48e386513bfabf65756a10f4929ef","homepage":"https://github.com/emmetio/emmet#readme","_id":"emmet@1.5.0","_shasum":"32b8937367ae1ffdec969c516a499c26042c8126","_from":".","_npmVersion":"3.7.3","_nodeVersion":"5.9.1","_npmUser":{"name":"serge.che","email":"serge.che@gmail.com"},"maintainers":[{"name":"serge.che","email":"serge.che@gmail.com"}],"dist":{"shasum":"32b8937367ae1ffdec969c516a499c26042c8126","tarball":"https://registry.npmjs.org/emmet/-/emmet-1.5.0.tgz"},"_npmOperationalInternal":{"host":"packages-12-west.internal.npmjs.com","tmp":"tmp/emmet-1.5.0.tgz_1467153236285_0.9429928266908973"},"directories":{}},"1.6.0":{"name":"emmet","version":"1.6.0","description":"Emmet — the essential toolkit for web-developers","main":"./lib/emmet.js","scripts":{"test":"mocha --recursive --reporter list"},"repository":{"type":"git","url":"git://github.com/emmetio/emmet.git"},"keywords":["emmet","html","css","coding","speed"],"author":{"name":"Sergey Chikuyonok"},"license":"MIT","bugs":{"url":"https://github.com/emmetio/emmet/issues"},"devDependencies":{"browserify":"^6.3.2","gulp":"^3.8.10","gulp-rename":"^1.2.0","gulp-streamify":"0.0.5","gulp-uglify":"^1.0.1","mocha":"^2.2.1","through2":"^0.6.3","vinyl-source-stream":"^1.0.0"},"dependencies":{"caniuse-db":"^1.0.30000161"},"gitHead":"328812c879b56104b7c2bf580d79650a7c20f05b","homepage":"https://github.com/emmetio/emmet#readme","_id":"emmet@1.6.0","_shasum":"54f41160a817d1077dde188708b740e2429204d7","_from":".","_npmVersion":"3.9.5","_nodeVersion":"6.2.2","_npmUser":{"name":"serge.che","email":"serge.che@gmail.com"},"dist":{"shasum":"54f41160a817d1077dde188708b740e2429204d7","tarball":"https://registry.npmjs.org/emmet/-/emmet-1.6.0.tgz"},"maintainers":[{"name":"serge.che","email":"serge.che@gmail.com"}],"_npmOperationalInternal":{"host":"packages-12-west.internal.npmjs.com","tmp":"tmp/emmet-1.6.0.tgz_1467734919871_0.36803916143253446"},"directories":{}},"1.6.1":{"name":"emmet","version":"1.6.1","description":"Emmet — the essential toolkit for web-developers","main":"./lib/emmet.js","scripts":{"test":"mocha --recursive --reporter list"},"repository":{"type":"git","url":"git://github.com/emmetio/emmet.git"},"keywords":["emmet","html","css","coding","speed"],"author":{"name":"Sergey Chikuyonok"},"license":"MIT","bugs":{"url":"https://github.com/emmetio/emmet/issues"},"devDependencies":{"browserify":"^6.3.2","gulp":"^3.8.10","gulp-rename":"^1.2.0","gulp-streamify":"0.0.5","gulp-uglify":"^1.0.1","mocha":"^2.2.1","through2":"^0.6.3","vinyl-source-stream":"^1.0.0"},"dependencies":{"caniuse-db":"^1.0.30000161"},"gitHead":"75443b309ca90756b654f6baf742ea4d7fb7f984","homepage":"https://github.com/emmetio/emmet#readme","_id":"emmet@1.6.1","_shasum":"46d161cc580f51fe7b90527586134743c7670675","_from":".","_npmVersion":"3.10.3","_nodeVersion":"6.3.1","_npmUser":{"name":"serge.che","email":"serge.che@gmail.com"},"dist":{"shasum":"46d161cc580f51fe7b90527586134743c7670675","tarball":"https://registry.npmjs.org/emmet/-/emmet-1.6.1.tgz"},"maintainers":[{"name":"serge.che","email":"serge.che@gmail.com"}],"_npmOperationalInternal":{"host":"packages-12-west.internal.npmjs.com","tmp":"tmp/emmet-1.6.1.tgz_1481786871181_0.2910084780305624"},"directories":{}},"1.6.2":{"name":"emmet","version":"1.6.2","description":"Emmet — the essential toolkit for web-developers","main":"./lib/emmet.js","scripts":{"test":"mocha --recursive --reporter list"},"repository":{"type":"git","url":"git://github.com/emmetio/emmet.git"},"keywords":["emmet","html","css","coding","speed"],"author":{"name":"Sergey Chikuyonok"},"license":"MIT","bugs":{"url":"https://github.com/emmetio/emmet/issues"},"devDependencies":{"browserify":"^6.3.2","gulp":"^3.8.10","gulp-rename":"^1.2.0","gulp-streamify":"0.0.5","gulp-uglify":"^1.0.1","mocha":"^2.2.1","through2":"^0.6.3","vinyl-source-stream":"^1.0.0"},"dependencies":{"caniuse-db":"^1.0.30000161"},"gitHead":"4e55646f7357016514d7ee3f7bcbf2b79a6110f7","homepage":"https://github.com/emmetio/emmet#readme","_id":"emmet@1.6.2","_shasum":"ba860d84571b51189152b337503ddb0224dff2d7","_from":".","_npmVersion":"4.0.5","_nodeVersion":"7.4.0","_npmUser":{"name":"serge.che","email":"serge.che@gmail.com"},"dist":{"shasum":"ba860d84571b51189152b337503ddb0224dff2d7","tarball":"https://registry.npmjs.org/emmet/-/emmet-1.6.2.tgz"},"maintainers":[{"name":"serge.che","email":"serge.che@gmail.com"}],"_npmOperationalInternal":{"host":"packages-12-west.internal.npmjs.com","tmp":"tmp/emmet-1.6.2.tgz_1486112379074_0.23045114614069462"},"directories":{}}},"readme":"# Emmet — the essential toolkit for web-developers \n\nEmmet (formerly *Zen Coding*) is a web-developer’s toolkit that can greatly improve your HTML & CSS workflow.\n\nWith Emmet, you can type CSS-like expressions that can be dynamically parsed, and produce output depending on what you type in the abbreviation. Emmet is developed and optimised for web-developers whose workflow depends on HTML/XML and CSS, but can be used with programming languages too.\n\nFor example, this abbreviation:\n\n    ul#nav>li.item$*4>a{Item $}\n\n...can be expanded into:\n\n\t<ul id=\"nav\">\n\t\t<li class=\"item1\"><a href=\"\">Item 1</a></li>\n\t\t<li class=\"item2\"><a href=\"\">Item 2</a></li>\n\t\t<li class=\"item3\"><a href=\"\">Item 3</a></li>\n\t\t<li class=\"item4\"><a href=\"\">Item 4</a></li>\n\t</ul>\n\n[Learn more about Emmet features](http://docs.emmet.io)\n","maintainers":[{"name":"serge.che","email":"serge.che@gmail.com"}],"time":{"modified":"2017-02-03T08:59:41.092Z","created":"2014-04-12T18:39:29.189Z","1.1.0":"2014-04-12T18:39:29.189Z","1.1.1":"2014-04-13T21:36:29.273Z","1.1.2":"2014-04-27T10:29:51.568Z","1.1.3":"2014-05-02T12:29:17.643Z","1.1.4":"2014-05-03T19:57:21.603Z","1.1.5":"2014-05-05T22:22:53.220Z","1.1.6":"2014-05-07T22:27:42.833Z","1.1.7":"2014-11-05T10:49:33.689Z","1.2.0":"2014-12-22T22:55:55.109Z","1.2.1":"2015-01-05T21:30:41.380Z","1.2.2":"2015-01-07T20:43:00.487Z","1.2.3":"2015-03-15T20:40:25.301Z","1.2.4":"2015-03-16T21:49:36.426Z","1.3.0":"2015-04-01T21:02:10.300Z","1.3.1":"2015-05-08T08:18:15.976Z","1.3.2":"2016-01-17T19:17:04.181Z","1.4.0":"2016-06-28T21:00:39.475Z","1.4.1":"2016-06-28T21:56:37.008Z","1.5.0":"2016-06-28T22:33:59.250Z","1.6.0":"2016-07-05T16:08:42.323Z","1.6.1":"2016-12-15T07:27:53.157Z","1.6.2":"2017-02-03T08:59:41.092Z"},"homepage":"https://github.com/emmetio/emmet#readme","keywords":["emmet","html","css","coding","speed"],"repository":{"type":"git","url":"git://github.com/emmetio/emmet.git"},"author":{"name":"Sergey Chikuyonok"},"bugs":{"url":"https://github.com/emmetio/emmet/issues"},"license":"MIT","readmeFilename":"README.md","users":{"lichenhao":true,"daniellink":true,"filipve":true},"_attachments":{},"_etag":"W/\"5894467d-66e9\"","_lastModified":"Fri, 03 Feb 2017 08:59:41 GMT"}