{"digest":"71ee31d408f2f24808bcf566fd46049ea2e857bd","css":".image-view {\n  display: flex;\n  flex-direction: column;\n  background-color: #263238;\n}\n.image-view .image-controls {\n  display: flex;\n  justify-content: space-between;\n  align-items: center;\n  flex-wrap: wrap;\n  padding: 5px;\n  border-bottom: 1px solid #111314;\n  background-color: #1d1f21;\n}\n.image-view .image-controls a {\n  display: inline-block;\n  position: relative;\n  width: 24px;\n  height: 24px;\n  margin: 5px;\n  vertical-align: middle;\n  font-size: 0;\n  border-radius: 22px;\n  border: 2px solid #fff;\n  box-shadow: inset 0 1px 2px rgba(0, 0, 0, 0.4), 0 0 0 1px rgba(0, 0, 0, 0.1), 0 2px 2px rgba(0, 0, 0, 0.2);\n  background-clip: content-box;\n}\n.image-view .image-controls a:hover {\n  border-color: #ccc;\n}\n.image-view .image-controls a:active {\n  border-color: #999;\n}\n.image-view .image-controls-color-white {\n  color: #000;\n  background-color: #fff;\n  background-image: url(\"atom://image-view/images/transparent-background.png\");\n}\n.image-view .image-controls-color-black {\n  color: #fff;\n  background-color: #000;\n  background-image: url(\"atom://image-view/images/transparent-background.png\");\n}\n.image-view .image-controls .btn-group {\n  margin: 5px;\n}\n.image-view .image-controls .reset-zoom-button {\n  min-width: 5em;\n}\n.image-view .image-container {\n  flex: 1 1 0;\n  display: flex;\n  overflow: auto;\n}\n.image-view .image-container img {\n  flex: none;\n  margin: auto;\n}\n.image-view [background=\"white\"] {\n  background-color: white;\n  background-image: url(\"atom://image-view/images/transparent-background.png\");\n}\n.image-view [background=\"black\"] {\n  background-color: black;\n  background-image: url(\"atom://image-view/images/transparent-background.png\");\n}\n.image-view .zoom-to-fit.image-container {\n  padding: 10px;\n}\n.image-view .zoom-to-fit.image-container img {\n  flex: 1 1 0;\n  min-width: 0;\n  margin: 0;\n  object-fit: scale-down;\n}\n","imports":[{"path":"static\\variables\\ui-variables.less","digest":"e3029f763111ec391f6dcea8178d35be7c798b4f"},{"path":"static\\variables\\syntax-variables.less","digest":"812c1b7883a023f768773d14294653adcdb932d7"},{"path":"C:\\Users\\JRodr\\.atom\\packages\\material-ui\\styles\\ui-variables.less","digest":"45819ad5bbf7b4233dbc3fad269f8a93510eee14"},{"path":"node_modules\\atom-dark-syntax\\styles\\syntax-variables.less","digest":"df71fe29adb4c75717824afcb98e8d17e62d9e5d"}],"version":1}