{"digest":"87ae9eacbb89b22a213eaab089bbe02d1965a4c7","css":"atom-text-editor,\n:host {\n  background-color: #263238;\n  color: #f8f8f2;\n}\natom-text-editor .gutter,\n:host .gutter {\n  background-color: #263238;\n  color: #f8f8f2;\n}\natom-text-editor .gutter .line-number.cursor-line,\n:host .gutter .line-number.cursor-line {\n  background-color: #37474f;\n  color: #f8f8f2;\n}\natom-text-editor .gutter .line-number.cursor-line-no-selection,\n:host .gutter .line-number.cursor-line-no-selection {\n  color: #f8f8f2;\n}\natom-text-editor .wrap-guide,\n:host .wrap-guide {\n  color: #49483e;\n}\natom-text-editor .indent-guide,\n:host .indent-guide {\n  color: #49483e;\n}\natom-text-editor .invisible-character,\n:host .invisible-character {\n  color: #49483e;\n}\natom-text-editor .search-results .marker .region,\n:host .search-results .marker .region {\n  background-color: transparent;\n  border: #49483e;\n}\natom-text-editor .search-results .marker.current-result .region,\n:host .search-results .marker.current-result .region {\n  border: #f8f8f2;\n}\natom-text-editor.is-focused .cursor,\n:host(.is-focused) .cursor {\n  border-color: #f8f8f0;\n}\natom-text-editor.is-focused .selection .region,\n:host(.is-focused) .selection .region {\n  background-color: #37474f;\n}\natom-text-editor.is-focused .line-number.cursor-line-no-selection,\natom-text-editor.is-focused .line.cursor-line,\n:host(.is-focused) .line-number.cursor-line-no-selection,\n:host(.is-focused) .line.cursor-line {\n  background-color: #37474f;\n}\n.comment {\n  color: #616161;\n}\n.string {\n  color: #ffd54f;\n}\n.constant.numeric {\n  color: #7e57c2;\n}\n.constant.language {\n  color: #7e57c2;\n}\n.constant.character,\n.constant.other {\n  color: #7e57c2;\n}\n.variable {\n  color: #607d8b;\n}\n.keyword {\n  color: #ff5722;\n}\n.storage {\n  color: #e91e63;\n}\n.storage.type {\n  color: #259b24;\n}\n.entity.name.class {\n  color: #8bc34a;\n}\n.entity.other.inherited-class {\n  color: #8bc34a;\n}\n.entity.name.function {\n  color: #009688;\n}\n.variable.parameter {\n  color: #FD971F;\n}\n.entity.name.tag {\n  color: #26a69a;\n}\n.entity.other.attribute-name {\n  color: #ff5722;\n}\n.support.function {\n  color: #03a9f4;\n}\n.support.constant {\n  color: #03a9f4;\n}\n.support.type,\n.support.class {\n  color: #607d8b;\n}\n.invalid {\n  color: #F8F8F0;\n  background-color: #F92672;\n}\n.invalid.deprecated {\n  color: #F8F8F0;\n  background-color: #AE81FF;\n}\n.text.html.markdown .markup.raw.inline {\n  color: #6a3db5;\n}\n.text.html.markdown .meta.dummy.line-break {\n  color: #e10050;\n}\n.markdown.heading,\n.markup.heading,\n.markup.heading .entity.name,\n.markup.heading.markdown,\n.punctuation.definition.heading.markdown {\n  font-weight: bold;\n  color: #228d1b;\n}\n.markup.italic {\n  font-style: italic;\n  color: #fc3e1b;\n}\n.markup.bold {\n  font-weight: bold;\n  color: #fc3e1b;\n}\n.markup.underline {\n  text-decoration: underline;\n  color: #fc3e1b;\n}\n.markup.quote,\n.punctuation.definition.blockquote.markdown {\n  font-style: italic;\n  color: #fece3f;\n}\n.markup.quote {\n  font-style: italic;\n  color: #fece3f;\n}\n.string.other.link.title.markdown {\n  text-decoration: underline;\n  color: #fb8419;\n}\n.markup.raw.block {\n  color: #228d1b;\n}\n.punctuation.definition.fenced.markdown,\n.variable.language.fenced.markdown,\n.markup.raw.block.fenced.markdown {\n  color: #228d1b;\n}\n.variable.language.fenced.markdown {\n  color: #7aba3a;\n}\n.punctuation.definition.list_item.markdown,\n.meta.paragraph.list.markdown {\n  color: #1397f1;\n}\n.meta.separator {\n  font-weight: bold;\n  color: #1397f1;\n  background-color: #118675;\n}\n.markup.table {\n  color: #fb8419;\n}\n.meta.diff,\n.meta.diff.header {\n  font-style: italic;\n  color: #616161;\n}\n.markup.deleted {\n  color: #e10050;\n}\n.markup.inserted {\n  color: #7aba3a;\n}\n.markup.changed {\n  color: #fb8419;\n}\n.meta.diff,\n.meta.diff.range {\n  color: #1397f1;\n}\n.sublimelinter.gutter-mark {\n  color: #FFFFFF;\n}\n.sublimelinter.mark.error {\n  color: #D02000;\n}\n.sublimelinter.mark.warning {\n  color: #DDB700;\n}\n.comment.block.attribute.rust {\n  color: #ff9800;\n}\n.meta.preprocessor.rust {\n  color: #795548;\n}\n.meta.namespace-block.rust {\n  color: #ffccbc;\n}\n.support {\n  color: #d1c4e9;\n}\n.source.json .meta .meta.structure.dictionary .string {\n  color: #ff5722;\n}\n.source.json .meta .meta .meta.structure.dictionary .string {\n  color: #228d1b;\n}\n.source.json .meta .meta .meta .meta.structure.dictionary .string {\n  color: #ff5722;\n}\n.source.json .meta .meta .meta .meta .meta.structure.dictionary .string {\n  color: #03a9f4;\n}\n.source.json .meta .meta .meta .meta .meta .meta.structure.dictionary .string {\n  color: #ffd54f;\n}\n","imports":[{"path":"static\\variables\\ui-variables.less","digest":"e3029f763111ec391f6dcea8178d35be7c798b4f"},{"path":"static\\variables\\syntax-variables.less","digest":"812c1b7883a023f768773d14294653adcdb932d7"},{"path":"C:\\Users\\JRodr\\.atom\\packages\\material\\atom\\material-dark\\styles\\base.less","digest":"2045212c6e060f318820f06c4cb4ebfe3a2f8379"},{"path":"C:\\Users\\JRodr\\.atom\\packages\\material\\atom\\material-dark\\styles\\syntax-variables.less","digest":"ffbf308b4b6665f4ffcff20da89853ceadc15887"}],"version":1}