{"digest":"fb7e3f364b75acce30e629a0eaec8bda8cea5e16","css":".about {\n  display: flex;\n  flex-direction: column;\n  align-items: center;\n  justify-content: flex-start;\n  -webkit-user-select: none;\n  cursor: default;\n  overflow: auto;\n  text-align: center;\n  font-size: 1.25em;\n  line-height: 1.4;\n  padding: 4em;\n  color: #a8a8a8;\n  background-color: #333333;\n}\n.about button {\n  cursor: default;\n}\n.about a:focus {\n  color: inherit;\n}\n.about img,\n.about a {\n  -webkit-user-drag: none;\n}\n.about .input-checkbox {\n  margin-top: -0.2em;\n}\n.about .group-start {\n  margin-top: 4em;\n}\n.about .group-item {\n  margin-top: 1.5em;\n}\n.about-container {\n  width: 100%;\n  max-width: 500px;\n}\n.about-atom-io:hover .about-logo {\n  color: #40a977;\n}\n.about-logo {\n  display: block;\n  width: 100%;\n  max-width: 280px;\n  margin: 0 auto 1em auto;\n  color: #dbdbdb;\n  transition: color 0.2s;\n}\n.about-version-container:hover {\n  color: #cfcfcf;\n}\n.about-version-container:active {\n  color: #f5f5f5;\n}\n.about-version {\n  margin-right: .5em;\n  font-size: 1.25em;\n  vertical-align: middle;\n}\n.about-header-release-notes {\n  vertical-align: middle;\n  margin-left: 1em;\n}\n.about-updates-box {\n  display: flex;\n  align-items: center;\n  padding: 10px;\n  border: 1px solid #1f1f1f;\n  border-radius: 6px;\n  background-color: #3d3d3d;\n}\n.about-updates-status {\n  flex: 1;\n  margin-left: .5em;\n  text-align: left;\n}\n.about-updates-item,\n.about-default-update-message .about-updates-label {\n  display: block;\n}\n.about-updates-label {\n  color: rgba(168, 168, 168, 0.6);\n}\n.about-updates-label.is-strong {\n  color: #a8a8a8;\n}\n.about-updates-version {\n  margin: 0 .4em;\n}\n.about-updates-release-notes {\n  margin: 0 1em 0 1.5em;\n}\n.about-auto-updates {\n  margin-top: 1em;\n}\n.about-auto-updates input {\n  margin-right: .5em;\n}\n.about-love .icon::before {\n  position: relative;\n  width: auto;\n  height: auto;\n  margin-right: 0;\n  font-size: 1.5em;\n  vertical-align: text-top;\n}\n.about-love .icon-logo-github::before {\n  font-size: 3.6em;\n  height: .36em;\n}\n.about-credits {\n  color: rgba(168, 168, 168, 0.6);\n}\n.about-release-notes {\n  color: #0088ff;\n}\n.about-release-notes:hover {\n  color: #4dacff;\n}\n","imports":[{"path":"static\\variables\\ui-variables.less","digest":"e3029f763111ec391f6dcea8178d35be7c798b4f"},{"path":"static\\variables\\syntax-variables.less","digest":"812c1b7883a023f768773d14294653adcdb932d7"},{"path":"C:\\Users\\JRodr\\.atom\\packages\\material-ui\\styles\\ui-variables.less","digest":"45819ad5bbf7b4233dbc3fad269f8a93510eee14"},{"path":"static\\variables\\syntax-variables.less","digest":"812c1b7883a023f768773d14294653adcdb932d7"},{"path":"node_modules\\about\\styles\\variables.less","digest":"216f8c03eba841727de86545798d60b04e25ceb2"}],"version":1}