{"digest":"ef692077042a4fcc762e93a03d532c786c838578","css":".tab-bar {\n  display: flex;\n  -webkit-user-select: none;\n  margin: 0;\n  /* Drag and Drop */\n}\n.tab-bar .tab {\n  font-size: 11px;\n  position: relative;\n  padding-left: 10px;\n  padding-right: 24px;\n  -webkit-user-drag: element;\n  flex: 1;\n  max-width: 175px;\n  min-width: 40px;\n  transition: max-width 0.25s ease-in-out;\n}\n.tab-bar .tab.active {\n  flex: 2;\n  width: -webkit-fit-content;\n}\n.tab-bar .tab.active .title {\n  padding-right: 10px;\n}\n.tab-bar .tab .title {\n  overflow: hidden;\n  white-space: pre;\n  text-overflow: ellipsis;\n}\n.tab-bar .tab .title.temp {\n  font-style: italic;\n}\n.tab-bar .tab .hide-icon.icon:before {\n  display: none;\n}\n.tab-bar .tab .close-icon {\n  position: absolute;\n  top: 1px;\n  right: 10px;\n  cursor: default;\n}\n.tab-bar .tab .close-icon::before {\n  font-family: 'Octicons Regular';\n  font-weight: normal;\n  font-style: normal;\n  display: inline-block;\n  line-height: 1;\n  -webkit-font-smoothing: antialiased;\n  text-decoration: none;\n  font-size: 12px;\n  width: 12px;\n  height: 12px;\n  content: \"\\f081\";\n}\n.tab-bar .tab.modified:hover .close-icon {\n  color: #0088ff;\n}\n.tab-bar .tab.modified:not(:hover) .close-icon {\n  top: 11px;\n  right: 11px;\n  width: 8px;\n  height: 8px;\n  border: 2px solid #0088ff;\n  border-radius: 12px;\n}\n.tab-bar .tab.modified:not(:hover) .close-icon:before {\n  display: none;\n}\n.tab-bar .placeholder {\n  position: relative;\n  top: 0;\n  padding: 0;\n  height: 30px;\n  z-index: 999;\n  list-style: none;\n  background: #0088ff;\n  pointer-events: none;\n}\n.tab-bar .placeholder:before {\n  content: \"\";\n  position: absolute;\n  width: 2px;\n  margin: -1px;\n  padding: 0;\n  height: inherit;\n  background: inherit;\n}\n.tab-bar .placeholder:after {\n  content: \"\";\n  position: absolute;\n  top: 30px;\n  margin-top: -1px;\n  margin-left: -2px;\n  z-index: 9999;\n  width: 4px;\n  height: 4px;\n  background: inherit;\n  border-radius: 4px;\n  border: 1px solid transparent;\n}\n.tab-bar.hidden {\n  display: none;\n}\n","imports":[{"path":"static\\variables\\ui-variables.less","digest":"e3029f763111ec391f6dcea8178d35be7c798b4f"},{"path":"static\\variables\\syntax-variables.less","digest":"812c1b7883a023f768773d14294653adcdb932d7"},{"path":"C:\\Users\\JRodr\\.atom\\packages\\material-ui\\styles\\ui-variables.less","digest":"45819ad5bbf7b4233dbc3fad269f8a93510eee14"},{"path":"static\\variables\\syntax-variables.less","digest":"812c1b7883a023f768773d14294653adcdb932d7"},{"path":"static\\variables\\octicon-mixins.less","digest":"ae3c4b031911e5fcb5ff6abeb3606418817fb318"},{"path":"static\\variables\\octicon-utf-codes.less","digest":"b4d5267375a52ceb1dda28ee7c224ba03040e52d"},{"path":"static\\variables\\octicon-utf-codes.less","digest":"b4d5267375a52ceb1dda28ee7c224ba03040e52d"}],"version":1}