{"digest":"4102ef57c58b44edfe019ad1fd4381de1cfb7ff2","css":"@font-face {\n  font-family: FontAwesome;\n  font-weight: normal;\n  font-style: normal;\n  src: url(\"atom://file-icons/fonts/fontawesome.woff2\");\n}\n@font-face {\n  font-family: Mfizz;\n  src: url(\"atom://file-icons/fonts/mfixx.woff2\");\n  font-weight: normal;\n  font-style: normal;\n}\n@font-face {\n  font-family: Devicons;\n  src: url(\"atom://file-icons/fonts/devopicons.woff2\");\n  font-weight: normal;\n  font-style: normal;\n}\n@font-face {\n  font-family: file-icons;\n  src: url(\"atom://file-icons/fonts/file-icons.woff2\");\n  font-weight: normal;\n  font-style: normal;\n}\n","imports":[{"path":"static\\variables\\ui-variables.less","digest":"e3029f763111ec391f6dcea8178d35be7c798b4f"},{"path":"static\\variables\\syntax-variables.less","digest":"812c1b7883a023f768773d14294653adcdb932d7"}],"version":1}