{"digest":"bfc8ab8e5da9ee27226b38d7c2b7e986456c0972","css":"/* Fade-out \"On Changes\" setting when colours are disabled */\n.file-icons-colourless section.settings-panel label[for=\"file-icons.onChanges\"] input[type=\"checkbox\"]:checked {\n  background-color: #aaa;\n}\n.file-icons-colourless section.settings-panel label[for=\"file-icons.onChanges\"],\n.file-icons-colourless section.settings-panel label[for=\"file-icons.onChanges\"] ~ .setting-description {\n  pointer-events: none;\n  opacity: .4;\n}\n.unlinked--icon-file-text::before {\n  font: 16px/1 \"Octicons Regular\";\n  content: \"\\f011\";\n}\n","imports":[{"path":"static\\variables\\ui-variables.less","digest":"e3029f763111ec391f6dcea8178d35be7c798b4f"},{"path":"static\\variables\\syntax-variables.less","digest":"812c1b7883a023f768773d14294653adcdb932d7"}],"version":1}