{"digest":"80389b250662a84309aec0ae768965343823bbf1","css":".welcome {\n  display: flex;\n  font-size: 1.25em;\n  line-height: 1.4;\n  color: #9da5b4;\n  background-color: #282c34;\n  overflow-x: auto;\n}\n.welcome p {\n  line-height: inherit;\n}\n.welcome a {\n  color: #6494ed;\n}\n.welcome ul {\n  padding-left: 2em;\n}\n.welcome label {\n  margin-top: 1em;\n  font-weight: normal;\n}\n.welcome .input-checkbox {\n  margin-top: -0.2em;\n  margin-right: .5em;\n}\n.welcome-container {\n  width: 100%;\n  max-width: 580px;\n  min-width: 300px;\n  margin: auto;\n  padding: 3em 2em;\n}\n.welcome-header {\n  margin: 0 0 3em 0;\n}\n.welcome-logo {\n  display: block;\n  width: 100%;\n  max-width: 280px;\n  margin: 0 auto 2em auto;\n  color: #d7dae0;\n}\n.welcome-title {\n  font-size: 1.4em;\n  text-align: center;\n  line-height: 1.3;\n  margin: 1em 0;\n}\n.welcome-card {\n  margin: 1em 0;\n  border-radius: 6px;\n  border: 1px solid #181a1f;\n  background-color: #2f333d;\n}\n.welcome-summary {\n  padding: 1em 1.5em;\n  font-size: 1.1em;\n  font-weight: 300;\n  line-height: 1.2;\n  cursor: pointer;\n}\n.welcome-summary:hover {\n  color: #a9afbc;\n}\n.welcome-summary::-webkit-details-marker {\n  display: none;\n}\n.welcome-summary:before {\n  width: 20px;\n  color: rgba(157, 165, 180, 0.6);\n}\ndetails[open] .welcome-summary:before {\n  color: #d7dae0;\n}\ndetails[open] .welcome-summary {\n  color: #d7dae0;\n}\n.welcome-highlight {\n  color: #d7dae0;\n}\n.welcome-detail {\n  border-top: 1px solid #181a1f;\n  padding: 1.5em;\n}\n.welcome-detail .welcome-note {\n  margin-bottom: 0;\n}\n.welcome-img {\n  display: block;\n  max-width: 100%;\n  border-radius: 3px;\n  margin: 0 0 1em 0;\n  border: 1px solid #181a1f;\n}\n.welcome-consent {\n  margin-top: 3em;\n}\n.welcome-consent-choices {\n  display: flex;\n  flex-direction: row;\n  flex-wrap: wrap;\n  margin: 1em -1em;\n}\n.welcome-consent-choices button {\n  width: 100%;\n}\n.welcome-consent-choices div {\n  margin: .5em 1em;\n  flex: 1;\n}\n.welcome-consent-choices .welcome-note {\n  margin-top: 1em;\n}\n.welcome-key {\n  display: inline-block;\n  padding: .3em .4em;\n  font-size: .8em;\n  line-height: 1;\n  border-radius: 3px;\n  color: #d7dae0;\n  border: 1px solid rgba(157, 165, 180, 0.6);\n  background: rgba(0, 0, 0, 0.1);\n}\n.welcome-love {\n  color: rgba(157, 165, 180, 0.6);\n}\n.welcome-love a {\n  color: rgba(157, 165, 180, 0.6);\n}\n.welcome-love .icon::before {\n  position: relative;\n  top: 1px;\n  width: auto;\n  margin-right: 0;\n  font-size: 1.5em;\n}\n.welcome-love .icon-logo-github::before {\n  top: 3px;\n}\n.welcome-note {\n  font-size: .86em;\n  color: rgba(157, 165, 180, 0.6);\n}\n.welcome-footer {\n  margin-top: 1em;\n  text-align: center;\n}\n","imports":[{"path":"static\\variables\\ui-variables.less","digest":"e3029f763111ec391f6dcea8178d35be7c798b4f"},{"path":"static\\variables\\syntax-variables.less","digest":"812c1b7883a023f768773d14294653adcdb932d7"},{"path":"static\\variables\\octicon-mixins.less","digest":"ae3c4b031911e5fcb5ff6abeb3606418817fb318"},{"path":"static\\variables\\octicon-utf-codes.less","digest":"b4d5267375a52ceb1dda28ee7c224ba03040e52d"},{"path":"static\\variables\\octicon-utf-codes.less","digest":"b4d5267375a52ceb1dda28ee7c224ba03040e52d"},{"path":"C:\\Users\\JRodr\\.atom\\packages\\material-ui\\styles\\ui-variables.less","digest":"45819ad5bbf7b4233dbc3fad269f8a93510eee14"},{"path":"node_modules\\one-dark-syntax\\styles\\syntax-variables.less","digest":"3c7face5194cc85d83f478b41471c2ac17f6bef1"},{"path":"node_modules\\one-dark-syntax\\styles\\colors.less","digest":"66bba03e9aabff000a84c2839a9d3e9a9fa08e0e"}],"version":1}