{"_id":"is-posix-bracket","_rev":"3-d2bc7c187c4a80fd89feb196eefdca7f","name":"is-posix-bracket","description":"Returns true if the given string is a POSIX bracket expression (POSIX character class).","dist-tags":{"latest":"0.1.1"},"versions":{"0.1.0":{"name":"is-posix-bracket","description":"Returns true if the given string is a POSIX bracket expression (POSIX character class).","version":"0.1.0","homepage":"https://github.com/jonschlinkert/is-posix-bracket","author":{"name":"Jon Schlinkert","url":"https://github.com/jonschlinkert"},"repository":{"type":"git","url":"git+https://github.com/jonschlinkert/is-posix-bracket.git"},"bugs":{"url":"https://github.com/jonschlinkert/is-posix-bracket/issues"},"license":"MIT","files":["index.js"],"main":"index.js","engines":{"node":">=0.10.0"},"scripts":{"test":"mocha"},"devDependencies":{"mocha":"*","should":"*"},"keywords":["braces","brackets","character","character-class","class","expression","posix","regex","regexp","regular"],"verb":{"related":{"list":["is-glob","is-extglob","micromatch","braces","expand-brackets"]}},"gitHead":"c9e043156debf34fd895e033a344629da5bd3d6f","_id":"is-posix-bracket@0.1.0","_shasum":"757726f53acc0cafd1cfd4d696862faf98ef98b2","_from":".","_npmVersion":"2.10.1","_nodeVersion":"0.12.4","_npmUser":{"name":"jonschlinkert","email":"github@sellside.com"},"maintainers":[{"name":"jonschlinkert","email":"github@sellside.com"}],"dist":{"shasum":"757726f53acc0cafd1cfd4d696862faf98ef98b2","tarball":"https://registry.npmjs.org/is-posix-bracket/-/is-posix-bracket-0.1.0.tgz"},"directories":{}},"0.1.1":{"name":"is-posix-bracket","description":"Returns true if the given string is a POSIX bracket expression (POSIX character class).","version":"0.1.1","homepage":"https://github.com/jonschlinkert/is-posix-bracket","author":{"name":"Jon Schlinkert","url":"https://github.com/jonschlinkert"},"repository":{"type":"git","url":"git+https://github.com/jonschlinkert/is-posix-bracket.git"},"bugs":{"url":"https://github.com/jonschlinkert/is-posix-bracket/issues"},"license":"MIT","files":["index.js"],"main":"index.js","engines":{"node":">=0.10.0"},"scripts":{"test":"mocha"},"devDependencies":{"gulp-format-md":"^0.1.7","mocha":"^2.4.5"},"keywords":["braces","brackets","character","character-class","class","expression","posix","regex","regexp","regular"],"verb":{"run":true,"toc":false,"layout":"default","tasks":["readme"],"plugins":["gulp-format-md"],"related":{"list":["braces","expand-brackets","is-extglob","is-glob","micromatch"]},"reflinks":["verb"],"lint":{"reflinks":true}},"gitHead":"43972556cfdbb681a15072da75c97952c4e4deba","_id":"is-posix-bracket@0.1.1","_shasum":"3334dc79774368e92f016e6fbc0a88f5cd6e6bc4","_from":".","_npmVersion":"3.6.0","_nodeVersion":"5.5.0","_npmUser":{"name":"jonschlinkert","email":"github@sellside.com"},"maintainers":[{"name":"jonschlinkert","email":"github@sellside.com"}],"dist":{"shasum":"3334dc79774368e92f016e6fbc0a88f5cd6e6bc4","tarball":"https://registry.npmjs.org/is-posix-bracket/-/is-posix-bracket-0.1.1.tgz"},"_npmOperationalInternal":{"host":"packages-12-west.internal.npmjs.com","tmp":"tmp/is-posix-bracket-0.1.1.tgz_1459834297811_0.5273812564555556"},"directories":{}}},"readme":"# is-posix-bracket [![NPM version](https://img.shields.io/npm/v/is-posix-bracket.svg?style=flat)](https://www.npmjs.com/package/is-posix-bracket) [![NPM downloads](https://img.shields.io/npm/dm/is-posix-bracket.svg?style=flat)](https://npmjs.org/package/is-posix-bracket) [![Build Status](https://img.shields.io/travis/jonschlinkert/is-posix-bracket.svg?style=flat)](https://travis-ci.org/jonschlinkert/is-posix-bracket)\n\n> Returns true if the given string is a POSIX bracket expression (POSIX character class).\n\n## Install\n\nInstall with [npm](https://www.npmjs.com/):\n\n```sh\n$ npm install is-posix-bracket --save\n```\n\n## Usage\n\n```js\nvar isPosixBracket = require('is-posix-bracket');\n\nisPosixBracket('[foo:]]');\n//=> false\nisPosixBracket('[xdigit:]]');\n//=> false\nisPosixBracket('[[:xdigit:]]');\n//=> true\nisPosixBracket('[[:xdigit:]]');\n//=> true\nisPosixBracket('[[:alpha:]123]');\n//=> true\nisPosixBracket('[[:alpha:]123]');\n//=> true\nisPosixBracket('[a-c[:digit:]x-z]');\n//=> true\nisPosixBracket('[:al:]');\n//=> true\nisPosixBracket('[abc[:punct:][0-9]');\n//=> true\n```\n\n## Related projects\n\nYou might also be interested in these projects:\n\n* [braces](https://www.npmjs.com/package/braces): Fastest brace expansion for node.js, with the most complete support for the Bash 4.3 braces… [more](https://www.npmjs.com/package/braces) | [homepage](https://github.com/jonschlinkert/braces)\n* [expand-brackets](https://www.npmjs.com/package/expand-brackets): Expand POSIX bracket expressions (character classes) in glob patterns. | [homepage](https://github.com/jonschlinkert/expand-brackets)\n* [is-extglob](https://www.npmjs.com/package/is-extglob): Returns true if a string has an extglob. | [homepage](https://github.com/jonschlinkert/is-extglob)\n* [is-glob](https://www.npmjs.com/package/is-glob): Returns `true` if the given string looks like a glob pattern or an extglob pattern.… [more](https://www.npmjs.com/package/is-glob) | [homepage](https://github.com/jonschlinkert/is-glob)\n* [micromatch](https://www.npmjs.com/package/micromatch): Glob matching for javascript/node.js. A drop-in replacement and faster alternative to minimatch and multimatch. Just… [more](https://www.npmjs.com/package/micromatch) | [homepage](https://github.com/jonschlinkert/micromatch)\n\n## Contributing\n\nPull requests and stars are always welcome. For bugs and feature requests, [please create an issue](https://github.com/jonschlinkert/is-posix-bracket/issues/new).\n\n## Building docs\n\nGenerate readme and API documentation with [verb](https://github.com/verbose/verb):\n\n```sh\n$ npm install verb && npm run docs\n```\n\nOr, if [verb](https://github.com/verbose/verb) is installed globally:\n\n```sh\n$ verb\n```\n\n## Running tests\n\nInstall dev dependencies:\n\n```sh\n$ npm install -d && npm test\n```\n\n## Author\n\n**Jon Schlinkert**\n\n* [github/jonschlinkert](https://github.com/jonschlinkert)\n* [twitter/jonschlinkert](http://twitter.com/jonschlinkert)\n\n## License\n\nCopyright © 2016, [Jon Schlinkert](https://github.com/jonschlinkert).\nReleased under the [MIT license](https://github.com/jonschlinkert/is-posix-bracket/blob/master/LICENSE).\n\n***\n\n_This file was generated by [verb](https://github.com/verbose/verb), v, on April 05, 2016._","maintainers":[{"name":"jonschlinkert","email":"github@sellside.com"}],"time":{"modified":"2016-04-05T05:31:40.077Z","created":"2015-08-01T21:22:58.357Z","0.1.0":"2015-08-01T21:22:58.357Z","0.1.1":"2016-04-05T05:31:40.077Z"},"homepage":"https://github.com/jonschlinkert/is-posix-bracket","keywords":["braces","brackets","character","character-class","class","expression","posix","regex","regexp","regular"],"repository":{"type":"git","url":"git+https://github.com/jonschlinkert/is-posix-bracket.git"},"author":{"name":"Jon Schlinkert","url":"https://github.com/jonschlinkert"},"bugs":{"url":"https://github.com/jonschlinkert/is-posix-bracket/issues"},"license":"MIT","readmeFilename":"README.md","users":{"stanleyhlng":true},"_attachments":{},"_etag":"W/\"57034dbc-1c56\"","_lastModified":"Tue, 05 Apr 2016 05:31:40 GMT"}