{"_id":"atom-linter","_rev":"63-9322edb8c0fb5928622757eb5a60d5f6","name":"atom-linter","description":"Helper module for atom linter providers","dist-tags":{"latest":"9.0.1"},"versions":{"1.0.0":{"name":"atom-linter","version":"1.0.0","description":"base atom linter classes","main":"index.js","scripts":{"test":"echo \"Error: no test specified\" && exit 1"},"repository":{"type":"git","url":"git+ssh://git@github.com/AtomLinter/atom-linter.git"},"keywords":["atom","linter"],"author":{"name":"Dmitry Tsoy"},"license":"MIT","bugs":{"url":"https://github.com/AtomLinter/atom-linter/issues"},"homepage":"https://github.com/AtomLinter/atom-linter#readme","gitHead":"b722635ef3c559bfd82b941a83a61d2a51e1a540","_id":"atom-linter@1.0.0","_shasum":"fd6571f78656cd8b9072d59c49283431aaa14320","_from":".","_npmVersion":"2.10.1","_nodeVersion":"0.12.4","_npmUser":{"name":"hd-deman","email":"hd.deman@gmail.com"},"dist":{"shasum":"fd6571f78656cd8b9072d59c49283431aaa14320","tarball":"https://registry.npmjs.org/atom-linter/-/atom-linter-1.0.0.tgz"},"maintainers":[{"name":"hd-deman","email":"hd.deman@gmail.com"}],"directories":{}},"1.0.1":{"name":"atom-linter","version":"1.0.1","description":"base atom linter classes","main":"lib/helpers","scripts":{"test":"echo \"Error: no test specified\" && exit 1"},"repository":{"type":"git","url":"git+ssh://git@github.com/AtomLinter/atom-linter.git"},"keywords":["atom","linter"],"author":{"name":"Dmitry Tsoy"},"license":"MIT","bugs":{"url":"https://github.com/AtomLinter/atom-linter/issues"},"homepage":"https://github.com/AtomLinter/atom-linter#readme","dependencies":{"xregexp":"latest"},"gitHead":"5509bf819223f3c15ad64bcbaf396335e1223a85","_id":"atom-linter@1.0.1","_shasum":"b4e4afdec2d6723d9d2d9b995927fbcd6cb99c97","_from":".","_npmVersion":"2.11.0","_nodeVersion":"2.2.1","_npmUser":{"name":"steelbrain","email":"aneesiqbalbhatti@gmail.com"},"dist":{"shasum":"b4e4afdec2d6723d9d2d9b995927fbcd6cb99c97","tarball":"https://registry.npmjs.org/atom-linter/-/atom-linter-1.0.1.tgz"},"maintainers":[{"name":"hd-deman","email":"hd.deman@gmail.com"},{"name":"steelbrain","email":"aneesiqbalbhatti@gmail.com"},{"name":"asaayers","email":"Asa@AsaAyers.com"}],"directories":{}},"1.0.2":{"name":"atom-linter","version":"1.0.2","description":"base atom linter classes","main":"lib/helpers","scripts":{"test":"echo \"Error: no test specified\" && exit 1"},"repository":{"type":"git","url":"git+ssh://git@github.com/AtomLinter/atom-linter.git"},"keywords":["atom","linter"],"author":{"name":"Dmitry Tsoy"},"license":"MIT","bugs":{"url":"https://github.com/AtomLinter/atom-linter/issues"},"homepage":"https://github.com/AtomLinter/atom-linter#readme","dependencies":{"xregexp":"latest"},"gitHead":"e7201875a20a86648814c159417cab1c5b9774d6","_id":"atom-linter@1.0.2","_shasum":"604a9ffd65a147a142cff1c024acc4ef19b9e2bf","_from":".","_npmVersion":"2.11.0","_nodeVersion":"2.2.1","_npmUser":{"name":"steelbrain","email":"aneesiqbalbhatti@gmail.com"},"dist":{"shasum":"604a9ffd65a147a142cff1c024acc4ef19b9e2bf","tarball":"https://registry.npmjs.org/atom-linter/-/atom-linter-1.0.2.tgz"},"maintainers":[{"name":"hd-deman","email":"hd.deman@gmail.com"},{"name":"steelbrain","email":"aneesiqbalbhatti@gmail.com"},{"name":"asaayers","email":"Asa@AsaAyers.com"}],"directories":{}},"1.0.3":{"name":"atom-linter","version":"1.0.3","description":"base atom linter classes","main":"lib/helpers","scripts":{"test":"echo \"Error: no test specified\" && exit 1"},"repository":{"type":"git","url":"git+ssh://git@github.com/AtomLinter/atom-linter.git"},"keywords":["atom","linter"],"author":{"name":"Dmitry Tsoy"},"license":"MIT","bugs":{"url":"https://github.com/AtomLinter/atom-linter/issues"},"homepage":"https://github.com/AtomLinter/atom-linter#readme","dependencies":{"xregexp":"latest"},"gitHead":"922be38b2c5f19733c77c3c103d1d9c401d21310","_id":"atom-linter@1.0.3","_shasum":"5ba091bd16ab7fc116d22491f4793ad5e176495c","_from":".","_npmVersion":"2.12.1","_nodeVersion":"2.3.4","_npmUser":{"name":"steelbrain","email":"aneesiqbalbhatti@gmail.com"},"dist":{"shasum":"5ba091bd16ab7fc116d22491f4793ad5e176495c","tarball":"https://registry.npmjs.org/atom-linter/-/atom-linter-1.0.3.tgz"},"maintainers":[{"name":"hd-deman","email":"hd.deman@gmail.com"},{"name":"steelbrain","email":"aneesiqbalbhatti@gmail.com"},{"name":"asaayers","email":"Asa@AsaAyers.com"}],"directories":{}},"2.0.0":{"name":"atom-linter","version":"2.0.0","description":"base atom linter classes","main":"lib/helpers","scripts":{"test":"echo \"Error: no test specified\" && exit 1"},"repository":{"type":"git","url":"git+ssh://git@github.com/AtomLinter/atom-linter.git"},"keywords":["atom","linter"],"author":{"name":"Dmitry Tsoy"},"license":"MIT","bugs":{"url":"https://github.com/AtomLinter/atom-linter/issues"},"homepage":"https://github.com/AtomLinter/atom-linter#readme","dependencies":{"xregexp":"latest"},"gitHead":"b8b27f35bcfe393b178ac5e32c73fede0a6f80f3","_id":"atom-linter@2.0.0","_shasum":"84d275485a52f83f4e26b8a7d45dc56ff766b377","_from":".","_npmVersion":"2.12.1","_nodeVersion":"2.3.4","_npmUser":{"name":"steelbrain","email":"aneesiqbalbhatti@gmail.com"},"dist":{"shasum":"84d275485a52f83f4e26b8a7d45dc56ff766b377","tarball":"https://registry.npmjs.org/atom-linter/-/atom-linter-2.0.0.tgz"},"maintainers":[{"name":"hd-deman","email":"hd.deman@gmail.com"},{"name":"steelbrain","email":"aneesiqbalbhatti@gmail.com"},{"name":"asaayers","email":"Asa@AsaAyers.com"}],"directories":{}},"2.0.1":{"name":"atom-linter","version":"2.0.1","description":"base atom linter classes","main":"lib/helpers","scripts":{"test":"echo \"Error: no test specified\" && exit 1"},"repository":{"type":"git","url":"git+ssh://git@github.com/AtomLinter/atom-linter.git"},"keywords":["atom","linter"],"author":{"name":"Dmitry Tsoy"},"license":"MIT","bugs":{"url":"https://github.com/AtomLinter/atom-linter/issues"},"homepage":"https://github.com/AtomLinter/atom-linter#readme","dependencies":{"xregexp":"latest"},"gitHead":"7aefdf7554abbb4c9983730293a4f11726b944f4","_id":"atom-linter@2.0.1","_shasum":"dbe3fa35dcfd40752e62a6b07521a265f1829d8e","_from":".","_npmVersion":"2.12.1","_nodeVersion":"2.3.4","_npmUser":{"name":"steelbrain","email":"aneesiqbalbhatti@gmail.com"},"dist":{"shasum":"dbe3fa35dcfd40752e62a6b07521a265f1829d8e","tarball":"https://registry.npmjs.org/atom-linter/-/atom-linter-2.0.1.tgz"},"maintainers":[{"name":"hd-deman","email":"hd.deman@gmail.com"},{"name":"steelbrain","email":"aneesiqbalbhatti@gmail.com"},{"name":"asaayers","email":"Asa@AsaAyers.com"}],"directories":{}},"2.0.2":{"name":"atom-linter","version":"2.0.2","description":"base atom linter classes","main":"lib/helpers","scripts":{"test":"echo \"Error: no test specified\" && exit 1"},"repository":{"type":"git","url":"git+ssh://git@github.com/AtomLinter/atom-linter.git"},"keywords":["atom","linter"],"author":{"name":"Dmitry Tsoy"},"license":"MIT","bugs":{"url":"https://github.com/AtomLinter/atom-linter/issues"},"homepage":"https://github.com/AtomLinter/atom-linter#readme","dependencies":{"xregexp":"latest"},"gitHead":"b39bd04625f175fa122bd124c9363e3207c726af","_id":"atom-linter@2.0.2","_shasum":"5cf00ddedd3a2ceea87ae4733c454e17903cb2f2","_from":".","_npmVersion":"2.12.1","_nodeVersion":"2.3.4","_npmUser":{"name":"steelbrain","email":"aneesiqbalbhatti@gmail.com"},"dist":{"shasum":"5cf00ddedd3a2ceea87ae4733c454e17903cb2f2","tarball":"https://registry.npmjs.org/atom-linter/-/atom-linter-2.0.2.tgz"},"maintainers":[{"name":"hd-deman","email":"hd.deman@gmail.com"},{"name":"steelbrain","email":"aneesiqbalbhatti@gmail.com"},{"name":"asaayers","email":"Asa@AsaAyers.com"}],"directories":{}},"2.0.3":{"name":"atom-linter","version":"2.0.3","description":"base atom linter classes","main":"lib/helpers","scripts":{"test":"echo \"Error: no test specified\" && exit 1"},"repository":{"type":"git","url":"git+ssh://git@github.com/AtomLinter/atom-linter.git"},"keywords":["atom","linter"],"author":{"name":"Dmitry Tsoy"},"license":"MIT","bugs":{"url":"https://github.com/AtomLinter/atom-linter/issues"},"homepage":"https://github.com/AtomLinter/atom-linter#readme","dependencies":{"xregexp":"latest"},"gitHead":"31623c1471644d02a595a16a0208652bbf804bac","_id":"atom-linter@2.0.3","_shasum":"588f171211044a689a75741b3b27c53e3b15e5e9","_from":".","_npmVersion":"2.12.1","_nodeVersion":"2.3.4","_npmUser":{"name":"steelbrain","email":"aneesiqbalbhatti@gmail.com"},"dist":{"shasum":"588f171211044a689a75741b3b27c53e3b15e5e9","tarball":"https://registry.npmjs.org/atom-linter/-/atom-linter-2.0.3.tgz"},"maintainers":[{"name":"hd-deman","email":"hd.deman@gmail.com"},{"name":"steelbrain","email":"aneesiqbalbhatti@gmail.com"},{"name":"asaayers","email":"Asa@AsaAyers.com"}],"directories":{}},"2.0.4":{"name":"atom-linter","version":"2.0.4","description":"base atom linter classes","main":"lib/helpers","scripts":{"test":"echo \"Error: no test specified\" && exit 1"},"repository":{"type":"git","url":"git+ssh://git@github.com/AtomLinter/atom-linter.git"},"keywords":["atom","linter"],"author":{"name":"Dmitry Tsoy"},"license":"MIT","bugs":{"url":"https://github.com/AtomLinter/atom-linter/issues"},"homepage":"https://github.com/AtomLinter/atom-linter#readme","dependencies":{"xregexp":"latest"},"gitHead":"4c1369d3a7ab8ba567af2332449b7a41efa9a59a","_id":"atom-linter@2.0.4","_shasum":"bb75d5d3b69d0346630f4831d9cb262e0c2918af","_from":".","_npmVersion":"2.12.1","_nodeVersion":"2.3.4","_npmUser":{"name":"steelbrain","email":"aneesiqbalbhatti@gmail.com"},"dist":{"shasum":"bb75d5d3b69d0346630f4831d9cb262e0c2918af","tarball":"https://registry.npmjs.org/atom-linter/-/atom-linter-2.0.4.tgz"},"maintainers":[{"name":"hd-deman","email":"hd.deman@gmail.com"},{"name":"steelbrain","email":"aneesiqbalbhatti@gmail.com"},{"name":"asaayers","email":"Asa@AsaAyers.com"}],"directories":{}},"2.0.5":{"name":"atom-linter","version":"2.0.5","description":"base atom linter classes","main":"lib/helpers","scripts":{"test":"echo \"Error: no test specified\" && exit 1"},"repository":{"type":"git","url":"git+ssh://git@github.com/AtomLinter/atom-linter.git"},"keywords":["atom","linter"],"author":{"name":"Dmitry Tsoy"},"license":"MIT","bugs":{"url":"https://github.com/AtomLinter/atom-linter/issues"},"homepage":"https://github.com/AtomLinter/atom-linter#readme","dependencies":{"xregexp":"latest"},"gitHead":"4e1d29fdee66c3082139d5d6a68f16826820188f","_id":"atom-linter@2.0.5","_shasum":"a6f3c8fe9a0c528f80f4240ac5a5904558cbf588","_from":".","_npmVersion":"2.12.1","_nodeVersion":"2.3.4","_npmUser":{"name":"steelbrain","email":"aneesiqbalbhatti@gmail.com"},"dist":{"shasum":"a6f3c8fe9a0c528f80f4240ac5a5904558cbf588","tarball":"https://registry.npmjs.org/atom-linter/-/atom-linter-2.0.5.tgz"},"maintainers":[{"name":"hd-deman","email":"hd.deman@gmail.com"},{"name":"steelbrain","email":"aneesiqbalbhatti@gmail.com"},{"name":"asaayers","email":"Asa@AsaAyers.com"}],"directories":{}},"3.0.0":{"name":"atom-linter","version":"3.0.0","description":"base atom linter classes","main":"lib/helpers","scripts":{"test":"echo \"Error: no test specified\" && exit 1"},"repository":{"type":"git","url":"git+ssh://git@github.com/AtomLinter/atom-linter.git"},"keywords":["atom","linter"],"author":{"name":"Dmitry Tsoy"},"license":"MIT","bugs":{"url":"https://github.com/AtomLinter/atom-linter/issues"},"homepage":"https://github.com/AtomLinter/atom-linter#readme","dependencies":{"xregexp":"latest"},"gitHead":"e073590f8bc822303745a26b229a60926baf976f","_id":"atom-linter@3.0.0","_shasum":"3475533d878577a42add99c848542cc682906dc8","_from":".","_npmVersion":"2.12.1","_nodeVersion":"2.3.4","_npmUser":{"name":"steelbrain","email":"aneesiqbalbhatti@gmail.com"},"dist":{"shasum":"3475533d878577a42add99c848542cc682906dc8","tarball":"https://registry.npmjs.org/atom-linter/-/atom-linter-3.0.0.tgz"},"maintainers":[{"name":"hd-deman","email":"hd.deman@gmail.com"},{"name":"steelbrain","email":"aneesiqbalbhatti@gmail.com"},{"name":"asaayers","email":"Asa@AsaAyers.com"}],"directories":{}},"3.0.1":{"name":"atom-linter","version":"3.0.1","description":"base atom linter classes","main":"lib/helpers","scripts":{"test":"echo \"Error: no test specified\" && exit 1"},"repository":{"type":"git","url":"git+ssh://git@github.com/AtomLinter/atom-linter.git"},"keywords":["atom","linter"],"author":{"name":"Dmitry Tsoy"},"license":"MIT","bugs":{"url":"https://github.com/AtomLinter/atom-linter/issues"},"homepage":"https://github.com/AtomLinter/atom-linter#readme","dependencies":{"xregexp":"latest"},"gitHead":"1002ee52c378b050d6567f02403794ab9e25c574","_id":"atom-linter@3.0.1","_shasum":"b740efbcba8ccb2b8ca37b91380eca11861acea3","_from":".","_npmVersion":"2.13.1","_nodeVersion":"3.0.0-rc.5","_npmUser":{"name":"steelbrain","email":"aneesiqbalbhatti@gmail.com"},"dist":{"shasum":"b740efbcba8ccb2b8ca37b91380eca11861acea3","tarball":"https://registry.npmjs.org/atom-linter/-/atom-linter-3.0.1.tgz"},"maintainers":[{"name":"hd-deman","email":"hd.deman@gmail.com"},{"name":"steelbrain","email":"aneesiqbalbhatti@gmail.com"},{"name":"asaayers","email":"Asa@AsaAyers.com"}],"directories":{}},"3.1.0":{"name":"atom-linter","version":"3.1.0","description":"base atom linter classes","main":"lib/helpers","scripts":{"test":"echo \"Error: no test specified\" && exit 1"},"repository":{"type":"git","url":"git+ssh://git@github.com/AtomLinter/atom-linter.git"},"keywords":["atom","linter"],"author":{"name":"Dmitry Tsoy"},"license":"MIT","bugs":{"url":"https://github.com/AtomLinter/atom-linter/issues"},"homepage":"https://github.com/AtomLinter/atom-linter#readme","dependencies":{"xregexp":"latest"},"gitHead":"c00a2ce87d7ff51ded457db354abab0fbc8632e6","_id":"atom-linter@3.1.0","_shasum":"656fc95be0edec619607bd5030cd7cfa9218db42","_from":".","_npmVersion":"2.13.1","_nodeVersion":"3.0.0-rc.5","_npmUser":{"name":"steelbrain","email":"aneesiqbalbhatti@gmail.com"},"dist":{"shasum":"656fc95be0edec619607bd5030cd7cfa9218db42","tarball":"https://registry.npmjs.org/atom-linter/-/atom-linter-3.1.0.tgz"},"maintainers":[{"name":"hd-deman","email":"hd.deman@gmail.com"},{"name":"steelbrain","email":"aneesiqbalbhatti@gmail.com"},{"name":"asaayers","email":"Asa@AsaAyers.com"}],"directories":{}},"3.1.1":{"name":"atom-linter","version":"3.1.1","description":"base atom linter classes","main":"lib/helpers","scripts":{"test":"echo \"Error: no test specified\" && exit 1"},"repository":{"type":"git","url":"git+ssh://git@github.com/AtomLinter/atom-linter.git"},"keywords":["atom","linter"],"author":{"name":"Dmitry Tsoy"},"license":"MIT","bugs":{"url":"https://github.com/AtomLinter/atom-linter/issues"},"homepage":"https://github.com/AtomLinter/atom-linter#readme","dependencies":{"xregexp":"latest"},"gitHead":"484f468dc98466ff44025d022137ee669a1b007d","_id":"atom-linter@3.1.1","_shasum":"2fc89ea29bc57b5641faf6903ea848cca8c8c221","_from":".","_npmVersion":"2.13.3","_nodeVersion":"3.0.0","_npmUser":{"name":"steelbrain","email":"aneesiqbalbhatti@gmail.com"},"dist":{"shasum":"2fc89ea29bc57b5641faf6903ea848cca8c8c221","tarball":"https://registry.npmjs.org/atom-linter/-/atom-linter-3.1.1.tgz"},"maintainers":[{"name":"hd-deman","email":"hd.deman@gmail.com"},{"name":"steelbrain","email":"aneesiqbalbhatti@gmail.com"},{"name":"asaayers","email":"Asa@AsaAyers.com"}],"directories":{}},"3.1.2":{"name":"atom-linter","version":"3.1.2","description":"base atom linter classes","main":"lib/helpers","scripts":{"test":"echo \"Error: no test specified\" && exit 1"},"repository":{"type":"git","url":"git+ssh://git@github.com/AtomLinter/atom-linter.git"},"keywords":["atom","linter"],"author":{"name":"Dmitry Tsoy"},"license":"MIT","bugs":{"url":"https://github.com/AtomLinter/atom-linter/issues"},"homepage":"https://github.com/AtomLinter/atom-linter#readme","dependencies":{"xregexp":"latest"},"gitHead":"28e9b986ff6f70a7e36b06e5a74a248e7fedc1b4","_id":"atom-linter@3.1.2","_shasum":"ab80c43ce1dd845c3a7c055da2ed50434d0ddce0","_from":".","_npmVersion":"2.13.3","_nodeVersion":"3.0.0","_npmUser":{"name":"steelbrain","email":"aneesiqbalbhatti@gmail.com"},"dist":{"shasum":"ab80c43ce1dd845c3a7c055da2ed50434d0ddce0","tarball":"https://registry.npmjs.org/atom-linter/-/atom-linter-3.1.2.tgz"},"maintainers":[{"name":"hd-deman","email":"hd.deman@gmail.com"},{"name":"steelbrain","email":"aneesiqbalbhatti@gmail.com"},{"name":"asaayers","email":"Asa@AsaAyers.com"}],"directories":{}},"3.1.3":{"name":"atom-linter","version":"3.1.3","description":"base atom linter classes","main":"lib/helpers","scripts":{"test":"echo \"Error: no test specified\" && exit 1"},"repository":{"type":"git","url":"git+ssh://git@github.com/AtomLinter/atom-linter.git"},"keywords":["atom","linter"],"author":{"name":"Dmitry Tsoy"},"license":"MIT","bugs":{"url":"https://github.com/AtomLinter/atom-linter/issues"},"homepage":"https://github.com/AtomLinter/atom-linter#readme","dependencies":{"xregexp":"^2.0.0","tmp":"latest"},"gitHead":"2dab0800993e58bded25c1289ea0c3d6149ee518","_id":"atom-linter@3.1.3","_shasum":"6fbf5f7c2d7428c96cadb03493a01baa16730947","_from":".","_npmVersion":"2.13.3","_nodeVersion":"3.0.0","_npmUser":{"name":"steelbrain","email":"aneesiqbalbhatti@gmail.com"},"dist":{"shasum":"6fbf5f7c2d7428c96cadb03493a01baa16730947","tarball":"https://registry.npmjs.org/atom-linter/-/atom-linter-3.1.3.tgz"},"maintainers":[{"name":"hd-deman","email":"hd.deman@gmail.com"},{"name":"steelbrain","email":"aneesiqbalbhatti@gmail.com"},{"name":"asaayers","email":"Asa@AsaAyers.com"}],"directories":{}},"3.1.4":{"name":"atom-linter","version":"3.1.4","description":"base atom linter classes","main":"lib/helpers","scripts":{"test":"echo \"Error: no test specified\" && exit 1"},"repository":{"type":"git","url":"git+ssh://git@github.com/AtomLinter/atom-linter.git"},"keywords":["atom","linter"],"author":{"name":"Dmitry Tsoy"},"license":"MIT","bugs":{"url":"https://github.com/AtomLinter/atom-linter/issues"},"homepage":"https://github.com/AtomLinter/atom-linter#readme","dependencies":{"xregexp":"^2.0.0","tmp":"latest"},"gitHead":"1b6a9377d46260b57cfa139cbeb92421f5586e07","_id":"atom-linter@3.1.4","_shasum":"09f4b1c4c6b29bc85ecab4014b5ac74d307c8b34","_from":".","_npmVersion":"2.13.3","_nodeVersion":"3.0.0","_npmUser":{"name":"steelbrain","email":"aneesiqbalbhatti@gmail.com"},"dist":{"shasum":"09f4b1c4c6b29bc85ecab4014b5ac74d307c8b34","tarball":"https://registry.npmjs.org/atom-linter/-/atom-linter-3.1.4.tgz"},"maintainers":[{"name":"hd-deman","email":"hd.deman@gmail.com"},{"name":"steelbrain","email":"aneesiqbalbhatti@gmail.com"},{"name":"asaayers","email":"Asa@AsaAyers.com"}],"directories":{}},"3.2.0":{"name":"atom-linter","version":"3.2.0","description":"base atom linter classes","main":"lib/helpers","scripts":{"test":"echo \"Error: no test specified\" && exit 1"},"repository":{"type":"git","url":"git+ssh://git@github.com/AtomLinter/atom-linter.git"},"keywords":["atom","linter"],"author":{"name":"Dmitry Tsoy"},"license":"MIT","bugs":{"url":"https://github.com/AtomLinter/atom-linter/issues"},"homepage":"https://github.com/AtomLinter/atom-linter#readme","dependencies":{"xregexp":"^2.0.0","tmp":"latest"},"gitHead":"9c6379f90d65b7e1a4ffb7a4d7d2e6da45a2873d","_id":"atom-linter@3.2.0","_shasum":"a557bd60a1cc82a23ad1949029dd64c7776ebe54","_from":".","_npmVersion":"2.13.3","_nodeVersion":"3.0.0","_npmUser":{"name":"steelbrain","email":"aneesiqbalbhatti@gmail.com"},"dist":{"shasum":"a557bd60a1cc82a23ad1949029dd64c7776ebe54","tarball":"https://registry.npmjs.org/atom-linter/-/atom-linter-3.2.0.tgz"},"maintainers":[{"name":"hd-deman","email":"hd.deman@gmail.com"},{"name":"steelbrain","email":"aneesiqbalbhatti@gmail.com"},{"name":"asaayers","email":"Asa@AsaAyers.com"}],"directories":{}},"3.2.1":{"name":"atom-linter","version":"3.2.1","description":"base atom linter classes","main":"lib/helpers","scripts":{"test":"apm test"},"repository":{"type":"git","url":"git+ssh://git@github.com/AtomLinter/atom-linter.git"},"keywords":["atom","linter"],"author":{"name":"Dmitry Tsoy"},"license":"MIT","bugs":{"url":"https://github.com/AtomLinter/atom-linter/issues"},"homepage":"https://github.com/AtomLinter/atom-linter#readme","dependencies":{"xregexp":"^2.0.0","tmp":"latest"},"gitHead":"d52301e64051fe8c852f5170aae9a8c441985e1a","_id":"atom-linter@3.2.1","_shasum":"c5fe4f4b63d3b4694085fff0abdde7501c40137a","_from":".","_npmVersion":"2.13.3","_nodeVersion":"3.0.0","_npmUser":{"name":"steelbrain","email":"fakedemail@email.com"},"dist":{"shasum":"c5fe4f4b63d3b4694085fff0abdde7501c40137a","tarball":"https://registry.npmjs.org/atom-linter/-/atom-linter-3.2.1.tgz"},"maintainers":[{"name":"hd-deman","email":"hd.deman@gmail.com"},{"name":"steelbrain","email":"aneesiqbalbhatti@gmail.com"},{"name":"asaayers","email":"Asa@AsaAyers.com"}],"directories":{}},"3.2.2":{"name":"atom-linter","version":"3.2.2","description":"base atom linter classes","main":"lib/helpers","scripts":{"test":"apm test"},"repository":{"type":"git","url":"git+ssh://git@github.com/AtomLinter/atom-linter.git"},"keywords":["atom","linter"],"author":{"name":"Dmitry Tsoy"},"license":"MIT","bugs":{"url":"https://github.com/AtomLinter/atom-linter/issues"},"homepage":"https://github.com/AtomLinter/atom-linter#readme","dependencies":{"xregexp":"^2.0.0","tmp":"latest"},"gitHead":"d9d34c0e9ab31a9e6227d19629ee73d6dc5b308c","_id":"atom-linter@3.2.2","_shasum":"bddd167dfb17b74ace6eba8cc661d36dd77a4484","_from":".","_npmVersion":"2.14.2","_nodeVersion":"4.0.0","_npmUser":{"name":"steelbrain","email":"fakedemail@email.com"},"dist":{"shasum":"bddd167dfb17b74ace6eba8cc661d36dd77a4484","tarball":"https://registry.npmjs.org/atom-linter/-/atom-linter-3.2.2.tgz"},"maintainers":[{"name":"hd-deman","email":"hd.deman@gmail.com"},{"name":"steelbrain","email":"aneesiqbalbhatti@gmail.com"},{"name":"asaayers","email":"Asa@AsaAyers.com"}],"directories":{}},"3.3.0":{"name":"atom-linter","version":"3.3.0","description":"Helper module for atom linter providers","main":"lib/helpers","scripts":{"test":"apm test"},"repository":{"type":"git","url":"git+ssh://git@github.com/AtomLinter/atom-linter.git"},"keywords":["atom","linter"],"author":{"name":"steelbrain"},"license":"MIT","bugs":{"url":"https://github.com/AtomLinter/atom-linter/issues"},"homepage":"https://github.com/AtomLinter/atom-linter#readme","dependencies":{"xregexp":"^2.0.0","tmp":"latest"},"gitHead":"fbec0d403c21dd6579279fcf3dcac2a4f0e9166a","_id":"atom-linter@3.3.0","_shasum":"d292202800094e869498a3b72ca3976c3b3651e4","_from":".","_npmVersion":"2.14.2","_nodeVersion":"4.0.0","_npmUser":{"name":"steelbrain","email":"fakedemail@email.com"},"dist":{"shasum":"d292202800094e869498a3b72ca3976c3b3651e4","tarball":"https://registry.npmjs.org/atom-linter/-/atom-linter-3.3.0.tgz"},"maintainers":[{"name":"steelbrain","email":"fakedemail@email.com"}],"directories":{}},"3.3.1":{"name":"atom-linter","version":"3.3.1","description":"Helper module for atom linter providers","main":"lib/helpers","scripts":{"test":"apm test"},"repository":{"type":"git","url":"git+ssh://git@github.com/AtomLinter/atom-linter.git"},"keywords":["atom","linter"],"author":{"name":"steelbrain"},"license":"MIT","bugs":{"url":"https://github.com/AtomLinter/atom-linter/issues"},"homepage":"https://github.com/AtomLinter/atom-linter#readme","dependencies":{"xregexp":"^2.0.0","tmp":"latest"},"gitHead":"eb32ec9998b6e6e43269427d35dbd677664af49f","_id":"atom-linter@3.3.1","_shasum":"76067f14090afd8b5a86aad4e7b9898f5a4ac8ba","_from":".","_npmVersion":"2.14.2","_nodeVersion":"4.0.0","_npmUser":{"name":"steelbrain","email":"fakedemail@email.com"},"dist":{"shasum":"76067f14090afd8b5a86aad4e7b9898f5a4ac8ba","tarball":"https://registry.npmjs.org/atom-linter/-/atom-linter-3.3.1.tgz"},"maintainers":[{"name":"steelbrain","email":"fakedemail@email.com"}],"directories":{}},"3.3.2":{"name":"atom-linter","version":"3.3.2","description":"Helper module for atom linter providers","main":"lib/helpers","scripts":{"test":"apm test"},"repository":{"type":"git","url":"git+ssh://git@github.com/AtomLinter/atom-linter.git"},"keywords":["atom","linter"],"author":{"name":"steelbrain"},"license":"MIT","bugs":{"url":"https://github.com/AtomLinter/atom-linter/issues"},"homepage":"https://github.com/AtomLinter/atom-linter#readme","dependencies":{"xregexp":"^2.0.0","tmp":"latest"},"gitHead":"50c4e3f59a571ea31570b3615ebe08a376220fd6","_id":"atom-linter@3.3.2","_shasum":"9711eefad4b48a97d48ecf9f838aa42b1fc12e0b","_from":".","_npmVersion":"2.14.2","_nodeVersion":"4.0.0","_npmUser":{"name":"steelbrain","email":"fakedemail@email.com"},"dist":{"shasum":"9711eefad4b48a97d48ecf9f838aa42b1fc12e0b","tarball":"https://registry.npmjs.org/atom-linter/-/atom-linter-3.3.2.tgz"},"maintainers":[{"name":"steelbrain","email":"fakedemail@email.com"}],"directories":{}},"3.3.3":{"name":"atom-linter","version":"3.3.3","description":"Helper module for atom linter providers","main":"lib/helpers","scripts":{"test":"apm test"},"repository":{"type":"git","url":"git+ssh://git@github.com/AtomLinter/atom-linter.git"},"keywords":["atom","linter"],"author":{"name":"steelbrain"},"license":"MIT","bugs":{"url":"https://github.com/AtomLinter/atom-linter/issues"},"homepage":"https://github.com/AtomLinter/atom-linter#readme","dependencies":{"xregexp":"^2.0.0","tmp":"latest"},"gitHead":"9caa6de1fe4cdcd6888c821459b371bfc5823a33","_id":"atom-linter@3.3.3","_shasum":"f772e720a4a7cf686670b0275c555f558331ca1a","_from":".","_npmVersion":"2.14.2","_nodeVersion":"4.0.0","_npmUser":{"name":"steelbrain","email":"fakedemail@email.com"},"dist":{"shasum":"f772e720a4a7cf686670b0275c555f558331ca1a","tarball":"https://registry.npmjs.org/atom-linter/-/atom-linter-3.3.3.tgz"},"maintainers":[{"name":"steelbrain","email":"fakedemail@email.com"}],"directories":{}},"3.3.4":{"name":"atom-linter","version":"3.3.4","description":"Helper module for atom linter providers","main":"lib/helpers","scripts":{"test":"apm test"},"repository":{"type":"git","url":"git+ssh://git@github.com/AtomLinter/atom-linter.git"},"keywords":["atom","linter"],"author":{"name":"steelbrain"},"license":"MIT","bugs":{"url":"https://github.com/AtomLinter/atom-linter/issues"},"homepage":"https://github.com/AtomLinter/atom-linter#readme","dependencies":{"xregexp":"^2.0.0","tmp":"latest"},"gitHead":"d5d022a5517e54c451d8b3abc9d1d9d0a3ede2c3","_id":"atom-linter@3.3.4","_shasum":"3c76305cdcf6bb023eb688df76094cda8be80e2d","_from":".","_npmVersion":"2.14.2","_nodeVersion":"4.0.0","_npmUser":{"name":"steelbrain","email":"fakedemail@email.com"},"dist":{"shasum":"3c76305cdcf6bb023eb688df76094cda8be80e2d","tarball":"https://registry.npmjs.org/atom-linter/-/atom-linter-3.3.4.tgz"},"maintainers":[{"name":"steelbrain","email":"fakedemail@email.com"}],"directories":{}},"3.3.5":{"name":"atom-linter","version":"3.3.5","description":"Helper module for atom linter providers","main":"lib/helpers","scripts":{"test":"apm test"},"repository":{"type":"git","url":"git+ssh://git@github.com/AtomLinter/atom-linter.git"},"keywords":["atom","linter"],"author":{"name":"steelbrain"},"license":"MIT","bugs":{"url":"https://github.com/AtomLinter/atom-linter/issues"},"homepage":"https://github.com/AtomLinter/atom-linter#readme","dependencies":{"xregexp":"^2.0.0","tmp":"latest"},"gitHead":"84b9cca4ca39b5c4a49ff11310afbc5d5a7670cd","_id":"atom-linter@3.3.5","_shasum":"bd470c65356d9d5bad3b4c1f03719e8a8d5b8ca5","_from":".","_npmVersion":"2.14.2","_nodeVersion":"4.0.0","_npmUser":{"name":"steelbrain","email":"fakedemail@email.com"},"dist":{"shasum":"bd470c65356d9d5bad3b4c1f03719e8a8d5b8ca5","tarball":"https://registry.npmjs.org/atom-linter/-/atom-linter-3.3.5.tgz"},"maintainers":[{"name":"steelbrain","email":"fakedemail@email.com"}],"directories":{}},"3.3.6":{"name":"atom-linter","version":"3.3.6","description":"Helper module for atom linter providers","main":"lib/helpers","scripts":{"test":"apm test"},"repository":{"type":"git","url":"git+ssh://git@github.com/AtomLinter/atom-linter.git"},"keywords":["atom","linter"],"author":{"name":"steelbrain"},"license":"MIT","bugs":{"url":"https://github.com/AtomLinter/atom-linter/issues"},"homepage":"https://github.com/AtomLinter/atom-linter#readme","dependencies":{"xregexp":"^2.0.0","tmp":"latest"},"coffeelintConfig":{"max_line_length":{"value":120,"level":"warn"},"no_empty_param_list":{"level":"error"},"arrow_spacing":{"level":"error"},"no_interpolation_in_single_quotes":{"level":"error"},"no_debugger":{"level":"error"},"prefer_english_operator":{"level":"error"},"colon_assignment_spacing":{"spacing":{"left":0,"right":1},"level":"error"},"braces_spacing":{"spaces":0,"level":"error"},"spacing_after_comma":{"level":"error"},"no_stand_alone_at":{"level":"error"}},"gitHead":"d53c767aa949f52c84b0d8a33a34c48dcf09fc37","_id":"atom-linter@3.3.6","_shasum":"5c316e070a17b0b5d7bce4325b831709f7367be4","_from":".","_npmVersion":"3.3.6","_nodeVersion":"5.0.0","_npmUser":{"name":"arcanemagus","email":"landonabney@gmail.com"},"dist":{"shasum":"5c316e070a17b0b5d7bce4325b831709f7367be4","tarball":"https://registry.npmjs.org/atom-linter/-/atom-linter-3.3.6.tgz"},"maintainers":[{"name":"arcanemagus","email":"landonabney@gmail.com"},{"name":"steelbrain","email":"fakedemail@email.com"}],"directories":{}},"3.3.7":{"name":"atom-linter","version":"3.3.7","description":"Helper module for atom linter providers","main":"lib/helpers","scripts":{"test":"apm test"},"repository":{"type":"git","url":"git+ssh://git@github.com/AtomLinter/atom-linter.git"},"keywords":["atom","linter"],"author":{"name":"steelbrain"},"license":"MIT","bugs":{"url":"https://github.com/AtomLinter/atom-linter/issues"},"homepage":"https://github.com/AtomLinter/atom-linter#readme","dependencies":{"xregexp":"^2.0.0","tmp":"latest"},"coffeelintConfig":{"max_line_length":{"value":120,"level":"warn"},"no_empty_param_list":{"level":"error"},"arrow_spacing":{"level":"error"},"no_interpolation_in_single_quotes":{"level":"error"},"no_debugger":{"level":"error"},"prefer_english_operator":{"level":"error"},"colon_assignment_spacing":{"spacing":{"left":0,"right":1},"level":"error"},"braces_spacing":{"spaces":0,"level":"error"},"spacing_after_comma":{"level":"error"},"no_stand_alone_at":{"level":"error"}},"gitHead":"8e1686aa5108c4304605f03467dbf66e8371ac1e","_id":"atom-linter@3.3.7","_shasum":"eea2a44aa5dd70637741a5982cf180b087b50828","_from":".","_npmVersion":"3.3.6","_nodeVersion":"5.0.0","_npmUser":{"name":"arcanemagus","email":"landonabney@gmail.com"},"dist":{"shasum":"eea2a44aa5dd70637741a5982cf180b087b50828","tarball":"https://registry.npmjs.org/atom-linter/-/atom-linter-3.3.7.tgz"},"maintainers":[{"name":"arcanemagus","email":"landonabney@gmail.com"},{"name":"steelbrain","email":"fakedemail@email.com"}],"directories":{}},"3.3.8":{"name":"atom-linter","version":"3.3.8","description":"Helper module for atom linter providers","main":"lib/helpers","scripts":{"test":"apm test"},"repository":{"type":"git","url":"git+ssh://git@github.com/AtomLinter/atom-linter.git"},"keywords":["atom","linter"],"author":{"name":"steelbrain"},"license":"MIT","bugs":{"url":"https://github.com/AtomLinter/atom-linter/issues"},"homepage":"https://github.com/AtomLinter/atom-linter#readme","dependencies":{"xregexp":"^2.0.0","tmp":"latest"},"coffeelintConfig":{"max_line_length":{"value":120,"level":"warn"},"no_empty_param_list":{"level":"error"},"arrow_spacing":{"level":"error"},"no_interpolation_in_single_quotes":{"level":"error"},"no_debugger":{"level":"error"},"prefer_english_operator":{"level":"error"},"colon_assignment_spacing":{"spacing":{"left":0,"right":1},"level":"error"},"braces_spacing":{"spaces":0,"level":"error"},"spacing_after_comma":{"level":"error"},"no_stand_alone_at":{"level":"error"}},"gitHead":"0065df3ae2d3cc2647f5a3355cebdeeede9d108b","_id":"atom-linter@3.3.8","_shasum":"8d0cfb7f2402d3e42fcb1af4fe5d2445e4604377","_from":".","_npmVersion":"3.3.6","_nodeVersion":"5.0.0","_npmUser":{"name":"arcanemagus","email":"landonabney@gmail.com"},"dist":{"shasum":"8d0cfb7f2402d3e42fcb1af4fe5d2445e4604377","tarball":"https://registry.npmjs.org/atom-linter/-/atom-linter-3.3.8.tgz"},"maintainers":[{"name":"arcanemagus","email":"landonabney@gmail.com"},{"name":"steelbrain","email":"fakedemail@email.com"}],"directories":{}},"3.3.9":{"name":"atom-linter","version":"3.3.9","description":"Helper module for atom linter providers","main":"lib/helpers","scripts":{"test":"apm test"},"repository":{"type":"git","url":"git+ssh://git@github.com/AtomLinter/atom-linter.git"},"keywords":["atom","linter"],"author":{"name":"steelbrain"},"license":"MIT","bugs":{"url":"https://github.com/AtomLinter/atom-linter/issues"},"homepage":"https://github.com/AtomLinter/atom-linter#readme","dependencies":{"xregexp":"^2.0.0","tmp":"latest"},"coffeelintConfig":{"max_line_length":{"value":120,"level":"warn"},"no_empty_param_list":{"level":"error"},"arrow_spacing":{"level":"error"},"no_interpolation_in_single_quotes":{"level":"error"},"no_debugger":{"level":"error"},"prefer_english_operator":{"level":"error"},"colon_assignment_spacing":{"spacing":{"left":0,"right":1},"level":"error"},"braces_spacing":{"spaces":0,"level":"error"},"spacing_after_comma":{"level":"error"},"no_stand_alone_at":{"level":"error"}},"gitHead":"d934e7b69f4d8e9bbb8a62b8a603989da4df27f7","_id":"atom-linter@3.3.9","_shasum":"f6689cb8eadb7bacb7fc0470faa7f71b06b65aaf","_from":".","_npmVersion":"3.3.6","_nodeVersion":"5.0.0","_npmUser":{"name":"arcanemagus","email":"landonabney@gmail.com"},"dist":{"shasum":"f6689cb8eadb7bacb7fc0470faa7f71b06b65aaf","tarball":"https://registry.npmjs.org/atom-linter/-/atom-linter-3.3.9.tgz"},"maintainers":[{"name":"arcanemagus","email":"landonabney@gmail.com"},{"name":"steelbrain","email":"fakedemail@email.com"}],"directories":{}},"3.4.0":{"name":"atom-linter","version":"3.4.0","description":"Helper module for atom linter providers","main":"lib/helpers","scripts":{"test":"apm test","compile":"babel --presets steelbrain src/helpers.js > lib/helpers.js"},"repository":{"type":"git","url":"git+ssh://git@github.com/AtomLinter/atom-linter.git"},"keywords":["atom","linter"],"author":{"name":"steelbrain"},"license":"MIT","bugs":{"url":"https://github.com/AtomLinter/atom-linter/issues"},"homepage":"https://github.com/AtomLinter/atom-linter#readme","dependencies":{"xregexp":"^2.0.0","tmp":"latest"},"devDependencies":{"babel-preset-steelbrain":"^1.0.0"},"gitHead":"74a6cb3b24e53531c2fecd731a71c582d138b95a","_id":"atom-linter@3.4.0","_shasum":"69522e077bb1ddc5f2e1c08d67778c54df7d5a45","_from":".","_npmVersion":"3.3.12","_nodeVersion":"5.1.0","_npmUser":{"name":"steelbrain","email":"fakedemail@email.com"},"dist":{"shasum":"69522e077bb1ddc5f2e1c08d67778c54df7d5a45","tarball":"https://registry.npmjs.org/atom-linter/-/atom-linter-3.4.0.tgz"},"maintainers":[{"name":"arcanemagus","email":"landonabney@gmail.com"},{"name":"steelbrain","email":"fakedemail@email.com"}],"directories":{}},"3.4.1":{"name":"atom-linter","version":"3.4.1","description":"Helper module for atom linter providers","main":"lib/helpers","scripts":{"test":"apm test","compile":"babel --presets steelbrain src/helpers.js > lib/helpers.js"},"repository":{"type":"git","url":"git+ssh://git@github.com/AtomLinter/atom-linter.git"},"keywords":["atom","linter"],"author":{"name":"steelbrain"},"license":"MIT","bugs":{"url":"https://github.com/AtomLinter/atom-linter/issues"},"homepage":"https://github.com/AtomLinter/atom-linter#readme","dependencies":{"xregexp":"^2.0.0","tmp":"latest"},"devDependencies":{"babel-preset-steelbrain":"^1.0.0"},"gitHead":"10acc69da2e4005331eee5a14781f0907eb8166e","_id":"atom-linter@3.4.1","_shasum":"9c287a40d313ac0d5a1bcf1acac258c46919bb2f","_from":".","_npmVersion":"3.3.12","_nodeVersion":"5.1.0","_npmUser":{"name":"steelbrain","email":"fakedemail@email.com"},"dist":{"shasum":"9c287a40d313ac0d5a1bcf1acac258c46919bb2f","tarball":"https://registry.npmjs.org/atom-linter/-/atom-linter-3.4.1.tgz"},"maintainers":[{"name":"arcanemagus","email":"landonabney@gmail.com"},{"name":"steelbrain","email":"fakedemail@email.com"}],"directories":{}},"4.0.0":{"name":"atom-linter","version":"4.0.0","description":"Helper module for atom linter providers","main":"lib/helpers","scripts":{"test":"apm test","compile":"babel --presets steelbrain src/helpers.js > lib/helpers.js"},"repository":{"type":"git","url":"git+ssh://git@github.com/AtomLinter/atom-linter.git"},"keywords":["atom","linter"],"author":{"name":"steelbrain"},"license":"MIT","bugs":{"url":"https://github.com/AtomLinter/atom-linter/issues"},"homepage":"https://github.com/AtomLinter/atom-linter#readme","dependencies":{"xregexp":"^2.0.0","tmp":"latest"},"devDependencies":{"babel-preset-steelbrain":"^1.0.0"},"gitHead":"e00cd5f8a930cda463a197e01243297b66de531b","_id":"atom-linter@4.0.0","_shasum":"efd6160fb8e991d9a87fc2a71543b09bc9fc379c","_from":".","_npmVersion":"3.3.12","_nodeVersion":"5.1.0","_npmUser":{"name":"steelbrain","email":"fakedemail@email.com"},"dist":{"shasum":"efd6160fb8e991d9a87fc2a71543b09bc9fc379c","tarball":"https://registry.npmjs.org/atom-linter/-/atom-linter-4.0.0.tgz"},"maintainers":[{"name":"arcanemagus","email":"landonabney@gmail.com"},{"name":"steelbrain","email":"fakedemail@email.com"}],"directories":{}},"4.0.1":{"name":"atom-linter","version":"4.0.1","description":"Helper module for atom linter providers","main":"lib/helpers","scripts":{"test":"apm test","compile":"babel --presets steelbrain src/helpers.js > lib/helpers.js"},"repository":{"type":"git","url":"git+ssh://git@github.com/AtomLinter/atom-linter.git"},"keywords":["atom","linter"],"author":{"name":"steelbrain"},"license":"MIT","bugs":{"url":"https://github.com/AtomLinter/atom-linter/issues"},"homepage":"https://github.com/AtomLinter/atom-linter#readme","dependencies":{"xregexp":"^3.0.0","tmp":"latest"},"devDependencies":{"babel-preset-steelbrain":"^1.0.0"},"gitHead":"517da09537c740d406dc53bf43b57a5a8dd118f6","_id":"atom-linter@4.0.1","_shasum":"b3aa4bdea44b657d2d0f4f1ec438d70a59403fd9","_from":".","_npmVersion":"3.3.12","_nodeVersion":"5.1.0","_npmUser":{"name":"steelbrain","email":"fakedemail@email.com"},"dist":{"shasum":"b3aa4bdea44b657d2d0f4f1ec438d70a59403fd9","tarball":"https://registry.npmjs.org/atom-linter/-/atom-linter-4.0.1.tgz"},"maintainers":[{"name":"arcanemagus","email":"landonabney@gmail.com"},{"name":"steelbrain","email":"fakedemail@email.com"}],"directories":{}},"4.1.0":{"name":"atom-linter","version":"4.1.0","description":"Helper module for atom linter providers","main":"lib/helpers","scripts":{"test":"apm test","compile":"babel --presets steelbrain src/helpers.js > lib/helpers.js"},"repository":{"type":"git","url":"git+ssh://git@github.com/AtomLinter/atom-linter.git"},"keywords":["atom","linter"],"author":{"name":"steelbrain"},"license":"MIT","bugs":{"url":"https://github.com/AtomLinter/atom-linter/issues"},"homepage":"https://github.com/AtomLinter/atom-linter#readme","dependencies":{"xregexp":"^3.0.0","tmp":"latest"},"devDependencies":{"babel-preset-steelbrain":"^1.0.0"},"gitHead":"e505bbd5c9192911b004a728f56e091a4946cd3d","_id":"atom-linter@4.1.0","_shasum":"b053bdfe1aa78dc1a64f7e0bca54d3dc37618af0","_from":".","_npmVersion":"3.3.12","_nodeVersion":"5.2.0","_npmUser":{"name":"steelbrain","email":"de.steelbrain@gmail.com"},"dist":{"shasum":"b053bdfe1aa78dc1a64f7e0bca54d3dc37618af0","tarball":"https://registry.npmjs.org/atom-linter/-/atom-linter-4.1.0.tgz"},"maintainers":[{"name":"arcanemagus","email":"landonabney@gmail.com"},{"name":"steelbrain","email":"fakedemail@email.com"}],"directories":{}},"4.1.1":{"name":"atom-linter","version":"4.1.1","description":"Helper module for atom linter providers","main":"lib/helpers","scripts":{"test":"apm test","compile":"babel --presets steelbrain src/helpers.js > lib/helpers.js"},"repository":{"type":"git","url":"git+ssh://git@github.com/AtomLinter/atom-linter.git"},"keywords":["atom","linter"],"author":{"name":"steelbrain"},"license":"MIT","bugs":{"url":"https://github.com/AtomLinter/atom-linter/issues"},"homepage":"https://github.com/AtomLinter/atom-linter#readme","dependencies":{"xregexp":"^3.0.0","tmp":"latest"},"devDependencies":{"babel-preset-steelbrain":"^1.0.0"},"gitHead":"10f197b1320e8158c8a37a26c44b264b96c44419","_id":"atom-linter@4.1.1","_shasum":"cc6121b50e457470e1b9a31af40eb467176321bc","_from":".","_npmVersion":"3.3.12","_nodeVersion":"5.2.0","_npmUser":{"name":"steelbrain","email":"de.steelbrain@gmail.com"},"dist":{"shasum":"cc6121b50e457470e1b9a31af40eb467176321bc","tarball":"https://registry.npmjs.org/atom-linter/-/atom-linter-4.1.1.tgz"},"maintainers":[{"name":"arcanemagus","email":"landonabney@gmail.com"},{"name":"steelbrain","email":"fakedemail@email.com"}],"directories":{}},"4.2.0":{"name":"atom-linter","version":"4.2.0","description":"Helper module for atom linter providers","main":"lib/helpers","scripts":{"test":"apm test","compile":"babel --presets steelbrain src/helpers.js > lib/helpers.js"},"repository":{"type":"git","url":"git+ssh://git@github.com/AtomLinter/atom-linter.git"},"keywords":["atom","linter"],"author":{"name":"steelbrain"},"license":"MIT","bugs":{"url":"https://github.com/AtomLinter/atom-linter/issues"},"homepage":"https://github.com/AtomLinter/atom-linter#readme","dependencies":{"xregexp":"^3.0.0","tmp":"latest","consistent-path":"^1.0.1"},"devDependencies":{"babel-preset-steelbrain":"^1.0.0"},"gitHead":"5ed79243af7213286ffc44bfec3f62b1278f2d80","_id":"atom-linter@4.2.0","_shasum":"a9e90e4710b05359001276f55eb05f1627df5e57","_from":".","_npmVersion":"3.3.12","_nodeVersion":"5.3.0","_npmUser":{"name":"steelbrain","email":"de.steelbrain@gmail.com"},"dist":{"shasum":"a9e90e4710b05359001276f55eb05f1627df5e57","tarball":"https://registry.npmjs.org/atom-linter/-/atom-linter-4.2.0.tgz"},"maintainers":[{"name":"arcanemagus","email":"landonabney@gmail.com"},{"name":"steelbrain","email":"fakedemail@email.com"}],"directories":{}},"4.3.0":{"name":"atom-linter","version":"4.3.0","description":"Helper module for atom linter providers","main":"lib/helpers","scripts":{"test":"apm test","compile":"babel --presets steelbrain src/helpers.js > lib/helpers.js"},"repository":{"type":"git","url":"git+ssh://git@github.com/AtomLinter/atom-linter.git"},"keywords":["atom","linter"],"author":{"name":"steelbrain"},"license":"MIT","bugs":{"url":"https://github.com/AtomLinter/atom-linter/issues"},"homepage":"https://github.com/AtomLinter/atom-linter#readme","dependencies":{"xregexp":"^3.0.0","tmp":"latest","consistent-path":"^1.0.1"},"devDependencies":{"babel-preset-steelbrain":"^1.0.0"},"gitHead":"95b1b0ac4f30c72c40526d21340721c977012cdd","_id":"atom-linter@4.3.0","_shasum":"1b829dce5c15e2c82947942667e60235ba487522","_from":".","_npmVersion":"3.3.12","_nodeVersion":"5.3.0","_npmUser":{"name":"steelbrain","email":"de.steelbrain@gmail.com"},"dist":{"shasum":"1b829dce5c15e2c82947942667e60235ba487522","tarball":"https://registry.npmjs.org/atom-linter/-/atom-linter-4.3.0.tgz"},"maintainers":[{"name":"arcanemagus","email":"landonabney@gmail.com"},{"name":"steelbrain","email":"fakedemail@email.com"}],"directories":{}},"4.3.1":{"name":"atom-linter","version":"4.3.1","description":"Helper module for atom linter providers","main":"lib/helpers","scripts":{"test":"apm test","compile":"babel --presets steelbrain src/helpers.js > lib/helpers.js"},"repository":{"type":"git","url":"git+ssh://git@github.com/AtomLinter/atom-linter.git"},"keywords":["atom","linter"],"author":{"name":"steelbrain"},"license":"MIT","bugs":{"url":"https://github.com/AtomLinter/atom-linter/issues"},"homepage":"https://github.com/AtomLinter/atom-linter#readme","dependencies":{"xregexp":"^3.0.0","tmp":"latest","consistent-path":"^1.0.2"},"devDependencies":{"babel-preset-steelbrain":"^1.0.0"},"gitHead":"fffb5f0a4e9b96dfa756f0d6ea9708b68c075add","_id":"atom-linter@4.3.1","_shasum":"84ff87834d133962d8ac68227b4e43678dae4a0f","_from":".","_npmVersion":"3.3.12","_nodeVersion":"5.2.0","_npmUser":{"name":"steelbrain","email":"de.steelbrain@gmail.com"},"dist":{"shasum":"84ff87834d133962d8ac68227b4e43678dae4a0f","tarball":"https://registry.npmjs.org/atom-linter/-/atom-linter-4.3.1.tgz"},"maintainers":[{"name":"arcanemagus","email":"landonabney@gmail.com"},{"name":"steelbrain","email":"fakedemail@email.com"}],"directories":{}},"4.3.2":{"name":"atom-linter","version":"4.3.2","description":"Helper module for atom linter providers","main":"lib/helpers","scripts":{"test":"apm test","compile":"babel --presets steelbrain src/helpers.js > lib/helpers.js"},"repository":{"type":"git","url":"git+ssh://git@github.com/AtomLinter/atom-linter.git"},"keywords":["atom","linter"],"author":{"name":"steelbrain"},"license":"MIT","bugs":{"url":"https://github.com/AtomLinter/atom-linter/issues"},"homepage":"https://github.com/AtomLinter/atom-linter#readme","dependencies":{"xregexp":"^3.0.0","tmp":"latest","consistent-path":"^1.0.3"},"devDependencies":{"babel-preset-steelbrain":"^1.0.0"},"gitHead":"d6f6ff122288fad776c4d23c7a3d0cde5c050454","_id":"atom-linter@4.3.2","_shasum":"2076a62b521d0d0b11c1e93349ca2af7a68d9341","_from":".","_npmVersion":"3.3.12","_nodeVersion":"5.3.0","_npmUser":{"name":"arcanemagus","email":"landonabney@gmail.com"},"dist":{"shasum":"2076a62b521d0d0b11c1e93349ca2af7a68d9341","tarball":"https://registry.npmjs.org/atom-linter/-/atom-linter-4.3.2.tgz"},"maintainers":[{"name":"arcanemagus","email":"landonabney@gmail.com"},{"name":"steelbrain","email":"fakedemail@email.com"}],"directories":{}},"4.3.3":{"name":"atom-linter","version":"4.3.3","description":"Helper module for atom linter providers","main":"lib/helpers","scripts":{"test":"apm test","compile":"babel --presets steelbrain src/helpers.js > lib/helpers.js"},"repository":{"type":"git","url":"git+ssh://git@github.com/AtomLinter/atom-linter.git"},"keywords":["atom","linter"],"author":{"name":"steelbrain"},"license":"MIT","bugs":{"url":"https://github.com/AtomLinter/atom-linter/issues"},"homepage":"https://github.com/AtomLinter/atom-linter#readme","dependencies":{"consistent-path":"^1.0.3","named-js-regexp":"^1.3.1","tmp":"latest"},"devDependencies":{"babel-preset-steelbrain":"^1.0.0"},"gitHead":"e79ac347250fd87ffdba004aeae973e129605bc8","_id":"atom-linter@4.3.3","_shasum":"76de096be07cc8adb554898026fd84114c876c3d","_from":".","_npmVersion":"3.3.12","_nodeVersion":"5.4.0","_npmUser":{"name":"steelbrain","email":"de.steelbrain@gmail.com"},"dist":{"shasum":"76de096be07cc8adb554898026fd84114c876c3d","tarball":"https://registry.npmjs.org/atom-linter/-/atom-linter-4.3.3.tgz"},"maintainers":[{"name":"arcanemagus","email":"landonabney@gmail.com"},{"name":"steelbrain","email":"fakedemail@email.com"}],"directories":{}},"4.3.4":{"name":"atom-linter","version":"4.3.4","description":"Helper module for atom linter providers","main":"lib/helpers","scripts":{"test":"apm test","compile":"babel --presets steelbrain src/helpers.js > lib/helpers.js"},"repository":{"type":"git","url":"git+ssh://git@github.com/AtomLinter/atom-linter.git"},"keywords":["atom","linter"],"author":{"name":"steelbrain"},"license":"MIT","bugs":{"url":"https://github.com/AtomLinter/atom-linter/issues"},"homepage":"https://github.com/AtomLinter/atom-linter#readme","dependencies":{"consistent-path":"^1.0.3","named-js-regexp":"^1.3.1","tmp":"latest"},"devDependencies":{"babel-preset-steelbrain":"^1.0.0"},"gitHead":"bb5ccef0386f9462712531f66b35083991b29968","_id":"atom-linter@4.3.4","_shasum":"c035607d23f7f6b8619f92215335e93a601855f3","_from":".","_npmVersion":"3.3.12","_nodeVersion":"5.4.0","_npmUser":{"name":"steelbrain","email":"de.steelbrain@gmail.com"},"dist":{"shasum":"c035607d23f7f6b8619f92215335e93a601855f3","tarball":"https://registry.npmjs.org/atom-linter/-/atom-linter-4.3.4.tgz"},"maintainers":[{"name":"arcanemagus","email":"landonabney@gmail.com"},{"name":"steelbrain","email":"fakedemail@email.com"}],"directories":{}},"4.4.0":{"name":"atom-linter","version":"4.4.0","description":"Helper module for atom linter providers","main":"lib/helpers","scripts":{"test":"apm test","watch":"ucompiler watch","compile":"ucompiler go"},"repository":{"type":"git","url":"git+ssh://git@github.com/AtomLinter/atom-linter.git"},"keywords":["atom","linter"],"author":{"name":"steelbrain"},"license":"MIT","bugs":{"url":"https://github.com/AtomLinter/atom-linter/issues"},"homepage":"https://github.com/AtomLinter/atom-linter#readme","dependencies":{"consistent-path":"^1.0.3","named-js-regexp":"^1.3.1","tmp":"~0.0.28"},"devDependencies":{"eslint":"^1.10.3","babel-eslint":"^4.1.7","eslint-config-airbnb":"^4.0.0","ucompiler":"^3.0.1","ucompiler-plugin-babel":"^3.0.0","ucompiler-plugin-newline":"^3.0.0","babel-preset-steelbrain":"^1.0.0"},"eslintConfig":{"rules":{"no-param-reassign":[2,{"props":false}],"func-names":0,"comma-dangle":0,"no-extra-semi":1,"no-loop-func":0,"semi":[2,"never"]},"extends":"airbnb/base","parser":"babel-eslint","globals":{"atom":"true"},"env":{"es6":true,"node":true}},"gitHead":"318be4ccbe988c3221a8c51e13b0d5efac5bb2f9","_id":"atom-linter@4.4.0","_shasum":"1ad65088e566249b1d6e2a40d0dfbbbbaed6d26b","_from":".","_npmVersion":"3.3.12","_nodeVersion":"5.5.0","_npmUser":{"name":"arcanemagus","email":"landonabney@gmail.com"},"dist":{"shasum":"1ad65088e566249b1d6e2a40d0dfbbbbaed6d26b","tarball":"https://registry.npmjs.org/atom-linter/-/atom-linter-4.4.0.tgz"},"maintainers":[{"name":"arcanemagus","email":"landonabney@gmail.com"},{"name":"steelbrain","email":"fakedemail@email.com"}],"_npmOperationalInternal":{"host":"packages-6-west.internal.npmjs.com","tmp":"tmp/atom-linter-4.4.0.tgz_1454540379859_0.19599182810634375"},"directories":{}},"4.5.0":{"name":"atom-linter","version":"4.5.0","description":"Helper module for atom linter providers","main":"lib/index.js","scripts":{"test":"apm test","watch":"ucompiler watch","compile":"ucompiler go"},"repository":{"type":"git","url":"git+ssh://git@github.com/AtomLinter/atom-linter.git"},"keywords":["atom","linter"],"author":{"name":"steelbrain"},"license":"MIT","bugs":{"url":"https://github.com/AtomLinter/atom-linter/issues"},"homepage":"https://github.com/AtomLinter/atom-linter#readme","dependencies":{"consistent-path":"^1.0.3","named-js-regexp":"^1.3.1","sb-promisify":"^1.0.0","tmp":"~0.0.28"},"devDependencies":{"eslint":"^1.10.3","babel-eslint":"^4.1.7","eslint-config-airbnb":"^5.0.0","ucompiler":"^3.0.1","ucompiler-plugin-babel":"^3.0.0","ucompiler-plugin-newline":"^3.0.0","babel-preset-steelbrain":"^1.0.0","babel-preset-steelbrain-async":"^1.0.1","babel-preset-steelbrain-flow":"^1.0.1"},"eslintConfig":{"rules":{"no-param-reassign":[2,{"props":false}],"func-names":0,"comma-dangle":0,"no-extra-semi":1,"no-loop-func":0,"semi":[2,"never"],"prefer-arrow-callback":0},"extends":"airbnb/base","parser":"babel-eslint","globals":{"atom":"true"},"env":{"es6":true,"node":true}},"gitHead":"f8d26780129e475ae5050acfc2cac5593d3a88d9","_id":"atom-linter@4.5.0","_shasum":"d29e62427416335467ba87687535e2261c1f9f9a","_from":".","_npmVersion":"3.3.12","_nodeVersion":"5.5.0","_npmUser":{"name":"steelbrain","email":"de.steelbrain@gmail.com"},"dist":{"shasum":"d29e62427416335467ba87687535e2261c1f9f9a","tarball":"https://registry.npmjs.org/atom-linter/-/atom-linter-4.5.0.tgz"},"maintainers":[{"name":"arcanemagus","email":"landonabney@gmail.com"},{"name":"steelbrain","email":"fakedemail@email.com"}],"_npmOperationalInternal":{"host":"packages-9-west.internal.npmjs.com","tmp":"tmp/atom-linter-4.5.0.tgz_1455234576201_0.7288027578033507"},"directories":{}},"4.5.1":{"name":"atom-linter","version":"4.5.1","description":"Helper module for atom linter providers","main":"lib/index.js","scripts":{"test":"apm test","watch":"ucompiler watch","compile":"ucompiler go"},"repository":{"type":"git","url":"git+ssh://git@github.com/AtomLinter/atom-linter.git"},"keywords":["atom","linter"],"author":{"name":"steelbrain"},"license":"MIT","bugs":{"url":"https://github.com/AtomLinter/atom-linter/issues"},"homepage":"https://github.com/AtomLinter/atom-linter#readme","dependencies":{"consistent-path":"^1.0.3","named-js-regexp":"^1.3.1","sb-promisify":"^1.0.0","tmp":"~0.0.28"},"devDependencies":{"eslint":"^1.10.3","babel-eslint":"^5.0.0","eslint-config-airbnb":"^5.0.0","ucompiler":"^3.0.1","ucompiler-plugin-babel":"^3.0.0","ucompiler-plugin-newline":"^3.0.0","babel-preset-steelbrain":"^1.0.0","babel-preset-steelbrain-async":"^1.0.1","babel-preset-steelbrain-flow":"^1.0.1"},"eslintConfig":{"rules":{"no-param-reassign":[2,{"props":false}],"func-names":0,"comma-dangle":0,"no-extra-semi":1,"no-loop-func":0,"semi":[2,"never"],"prefer-arrow-callback":0},"extends":"airbnb/base","parser":"babel-eslint","globals":{"atom":"true"},"env":{"es6":true,"node":true}},"gitHead":"a7342337c546082e41a89f99ecf59e563e7727d9","_id":"atom-linter@4.5.1","_shasum":"f085bc1ea2e6798f2b9001c0a744c4010585eefd","_from":".","_npmVersion":"3.3.12","_nodeVersion":"5.5.0","_npmUser":{"name":"steelbrain","email":"de.steelbrain@gmail.com"},"dist":{"shasum":"f085bc1ea2e6798f2b9001c0a744c4010585eefd","tarball":"https://registry.npmjs.org/atom-linter/-/atom-linter-4.5.1.tgz"},"maintainers":[{"name":"arcanemagus","email":"landonabney@gmail.com"},{"name":"steelbrain","email":"fakedemail@email.com"}],"_npmOperationalInternal":{"host":"packages-6-west.internal.npmjs.com","tmp":"tmp/atom-linter-4.5.1.tgz_1455862084029_0.07021510601043701"},"directories":{}},"4.6.1":{"name":"atom-linter","version":"4.6.1","description":"Helper module for atom linter providers","main":"lib/index.js","scripts":{"test":"apm test","watch":"ucompiler watch","compile":"ucompiler go"},"repository":{"type":"git","url":"git+ssh://git@github.com/AtomLinter/atom-linter.git"},"keywords":["atom","linter"],"author":{"name":"steelbrain"},"license":"MIT","bugs":{"url":"https://github.com/AtomLinter/atom-linter/issues"},"homepage":"https://github.com/AtomLinter/atom-linter#readme","dependencies":{"consistent-env":"^1.0.1","named-js-regexp":"^1.3.1","sb-promisify":"^1.0.0","tmp":"~0.0.28"},"devDependencies":{"eslint":"^2.2.0","babel-eslint":"^5.0.0","eslint-config-airbnb":"^6.0.2","ucompiler":"^3.0.1","ucompiler-plugin-babel":"^3.0.0","ucompiler-plugin-newline":"^3.0.0","babel-preset-steelbrain":"^1.0.0","babel-preset-steelbrain-async":"^1.0.1","babel-preset-steelbrain-flow":"^1.0.1"},"eslintConfig":{"rules":{"no-param-reassign":[2,{"props":false}],"func-names":0,"comma-dangle":0,"no-extra-semi":1,"no-loop-func":0,"semi":[2,"never"],"prefer-arrow-callback":0},"extends":"airbnb/base","parser":"babel-eslint","globals":{"atom":"true"},"env":{"es6":true,"node":true}},"gitHead":"071be24028b959367a8838a34edc138cf8f31d7f","_id":"atom-linter@4.6.1","_shasum":"4a0482884f00fbde08b1d0e98d9c7034cd7a5634","_from":".","_npmVersion":"3.6.0","_nodeVersion":"5.7.0","_npmUser":{"name":"steelbrain","email":"de.steelbrain@gmail.com"},"dist":{"shasum":"4a0482884f00fbde08b1d0e98d9c7034cd7a5634","tarball":"https://registry.npmjs.org/atom-linter/-/atom-linter-4.6.1.tgz"},"maintainers":[{"name":"arcanemagus","email":"landonabney@gmail.com"},{"name":"steelbrain","email":"fakedemail@email.com"}],"_npmOperationalInternal":{"host":"packages-9-west.internal.npmjs.com","tmp":"tmp/atom-linter-4.6.1.tgz_1456792392690_0.25420131534338"},"directories":{}},"4.7.0":{"name":"atom-linter","version":"4.7.0","description":"Helper module for atom linter providers","main":"lib/index.js","scripts":{"test":"apm test","watch":"ucompiler watch","compile":"ucompiler go"},"repository":{"type":"git","url":"git+ssh://git@github.com/AtomLinter/atom-linter.git"},"keywords":["atom","linter"],"author":{"name":"steelbrain"},"license":"MIT","bugs":{"url":"https://github.com/AtomLinter/atom-linter/issues"},"homepage":"https://github.com/AtomLinter/atom-linter#readme","dependencies":{"named-js-regexp":"^1.3.1","sb-exec":"^1.0.4","sb-promisify":"^1.0.0","tmp":"~0.0.28"},"devDependencies":{"eslint":"^2.4.0","babel-eslint":"^6.0.0-beta.6","eslint-config-airbnb":"^6.0.2","ucompiler":"^3.0.1","ucompiler-plugin-babel":"^3.0.0","ucompiler-plugin-newline":"^3.0.0","babel-preset-steelbrain":"^2.0.1"},"eslintConfig":{"rules":{"no-param-reassign":[2,{"props":false}],"func-names":0,"comma-dangle":0,"no-extra-semi":1,"no-loop-func":0,"semi":[2,"never"],"prefer-arrow-callback":0},"extends":"airbnb/base","parser":"babel-eslint","globals":{"atom":"true"},"env":{"es6":true,"node":true}},"gitHead":"f3b2f609fa5c9b47e4a8b405fb6ee90403f825dd","_id":"atom-linter@4.7.0","_shasum":"1a3bc5ddadee9840094e198037fdb6ec159a0ba2","_from":".","_npmVersion":"3.8.6","_nodeVersion":"5.10.0","_npmUser":{"name":"steelbrain","email":"de.steelbrain@gmail.com"},"dist":{"shasum":"1a3bc5ddadee9840094e198037fdb6ec159a0ba2","tarball":"https://registry.npmjs.org/atom-linter/-/atom-linter-4.7.0.tgz"},"maintainers":[{"name":"arcanemagus","email":"landonabney@gmail.com"},{"name":"steelbrain","email":"fakedemail@email.com"}],"_npmOperationalInternal":{"host":"packages-12-west.internal.npmjs.com","tmp":"tmp/atom-linter-4.7.0.tgz_1460686472327_0.6962483099196106"},"directories":{}},"5.0.0":{"name":"atom-linter","version":"5.0.0","description":"Helper module for atom linter providers","main":"lib/index.js","scripts":{"test":"apm test","watch":"ucompiler watch","compile":"ucompiler go"},"repository":{"type":"git","url":"git+ssh://git@github.com/AtomLinter/atom-linter.git"},"keywords":["atom","linter"],"author":{"name":"steelbrain"},"license":"MIT","bugs":{"url":"https://github.com/AtomLinter/atom-linter/issues"},"homepage":"https://github.com/AtomLinter/atom-linter#readme","dependencies":{"named-js-regexp":"^1.3.1","sb-exec":"^2.0.1","sb-promisify":"^1.0.0","tmp":"~0.0.28"},"devDependencies":{"eslint":"^2.4.0","babel-eslint":"^6.0.0-beta.6","eslint-config-airbnb":"^6.0.2","ucompiler":"^3.0.1","ucompiler-plugin-babel":"^3.0.0","ucompiler-plugin-newline":"^3.0.0","babel-preset-steelbrain":"^2.0.1"},"eslintConfig":{"rules":{"no-param-reassign":[2,{"props":false}],"func-names":0,"comma-dangle":0,"no-extra-semi":1,"no-loop-func":0,"semi":[2,"never"],"prefer-arrow-callback":0},"extends":"airbnb/base","parser":"babel-eslint","globals":{"atom":"true"},"env":{"es6":true,"node":true}},"gitHead":"69fdbc3cb7b044212c6794d7a9104a80a628e4bf","_id":"atom-linter@5.0.0","_shasum":"005ba1cd32f911133fbb5d278be6a6497aa0140d","_from":".","_npmVersion":"3.8.6","_nodeVersion":"5.10.0","_npmUser":{"name":"steelbrain","email":"de.steelbrain@gmail.com"},"dist":{"shasum":"005ba1cd32f911133fbb5d278be6a6497aa0140d","tarball":"https://registry.npmjs.org/atom-linter/-/atom-linter-5.0.0.tgz"},"maintainers":[{"name":"arcanemagus","email":"landonabney@gmail.com"},{"name":"steelbrain","email":"fakedemail@email.com"}],"_npmOperationalInternal":{"host":"packages-16-east.internal.npmjs.com","tmp":"tmp/atom-linter-5.0.0.tgz_1462734326781_0.8335009999573231"},"directories":{}},"5.0.1":{"name":"atom-linter","version":"5.0.1","description":"Helper module for atom linter providers","main":"lib/index.js","scripts":{"test":"apm test","watch":"ucompiler watch","compile":"ucompiler go"},"repository":{"type":"git","url":"git+ssh://git@github.com/steelbrain/atom-linter.git"},"keywords":["atom","linter"],"author":{"name":"steelbrain"},"license":"MIT","bugs":{"url":"https://github.com/steelbrain/atom-linter/issues"},"homepage":"https://github.com/steelbrain/atom-linter#readme","dependencies":{"named-js-regexp":"^1.3.1","sb-exec":"^2.0.2","sb-promisify":"^1.0.0","tmp":"~0.0.28"},"devDependencies":{"eslint":"^2.4.0","babel-eslint":"^6.0.0-beta.6","eslint-config-airbnb":"^6.0.2","ucompiler":"^3.0.1","ucompiler-plugin-babel":"^3.0.0","ucompiler-plugin-newline":"^3.0.0","babel-preset-steelbrain":"^2.0.1"},"eslintConfig":{"rules":{"no-param-reassign":[2,{"props":false}],"func-names":0,"comma-dangle":0,"no-extra-semi":1,"no-loop-func":0,"semi":[2,"never"],"prefer-arrow-callback":0},"extends":"airbnb/base","parser":"babel-eslint","globals":{"atom":"true"},"env":{"es6":true,"node":true}},"gitHead":"6a8f9a128c9a9de63b96e8c500a27f04199abb9d","_id":"atom-linter@5.0.1","_shasum":"94371355ba9c092c71338ef39a8bb6f3c71d5d86","_from":".","_npmVersion":"3.8.6","_nodeVersion":"5.10.0","_npmUser":{"name":"steelbrain","email":"de.steelbrain@gmail.com"},"dist":{"shasum":"94371355ba9c092c71338ef39a8bb6f3c71d5d86","tarball":"https://registry.npmjs.org/atom-linter/-/atom-linter-5.0.1.tgz"},"maintainers":[{"name":"arcanemagus","email":"landonabney@gmail.com"},{"name":"steelbrain","email":"fakedemail@email.com"}],"_npmOperationalInternal":{"host":"packages-16-east.internal.npmjs.com","tmp":"tmp/atom-linter-5.0.1.tgz_1462739353534_0.9810611254069954"},"directories":{}},"5.0.2":{"name":"atom-linter","version":"5.0.2","description":"Helper module for atom linter providers","main":"lib/index.js","scripts":{"test":"apm test","watch":"ucompiler watch","compile":"ucompiler go"},"repository":{"type":"git","url":"git+ssh://git@github.com/steelbrain/atom-linter.git"},"keywords":["atom","linter"],"author":{"name":"steelbrain"},"license":"MIT","bugs":{"url":"https://github.com/steelbrain/atom-linter/issues"},"homepage":"https://github.com/steelbrain/atom-linter#readme","dependencies":{"named-js-regexp":"^1.3.1","sb-exec":"^2.0.4","sb-promisify":"^1.0.0","tmp":"~0.0.28"},"devDependencies":{"eslint":"^2.4.0","babel-eslint":"^6.0.0-beta.6","eslint-config-airbnb":"^6.0.2","ucompiler":"^3.0.1","ucompiler-plugin-babel":"^3.0.0","ucompiler-plugin-newline":"^3.0.0","babel-preset-steelbrain":"^2.0.1"},"eslintConfig":{"rules":{"no-param-reassign":[2,{"props":false}],"func-names":0,"comma-dangle":0,"no-extra-semi":1,"no-loop-func":0,"semi":[2,"never"],"prefer-arrow-callback":0},"extends":"airbnb/base","parser":"babel-eslint","globals":{"atom":"true"},"env":{"es6":true,"node":true}},"gitHead":"4fdae4f59e73ef7a65840dfd62b96642ff19398b","_id":"atom-linter@5.0.2","_shasum":"d9e8a50686dec50b24928206d09d6e64433cfa2f","_from":".","_npmVersion":"3.8.9","_nodeVersion":"6.2.0","_npmUser":{"name":"steelbrain","email":"de.steelbrain@gmail.com"},"dist":{"shasum":"d9e8a50686dec50b24928206d09d6e64433cfa2f","tarball":"https://registry.npmjs.org/atom-linter/-/atom-linter-5.0.2.tgz"},"maintainers":[{"name":"arcanemagus","email":"landonabney@gmail.com"},{"name":"steelbrain","email":"fakedemail@email.com"}],"_npmOperationalInternal":{"host":"packages-16-east.internal.npmjs.com","tmp":"tmp/atom-linter-5.0.2.tgz_1465846074971_0.2639026893302798"},"directories":{}},"6.0.0":{"name":"atom-linter","version":"6.0.0","description":"Helper module for atom linter providers","main":"lib/index.js","scripts":{"test":"apm test","watch":"ucompiler watch","compile":"ucompiler go"},"repository":{"type":"git","url":"git+ssh://git@github.com/steelbrain/atom-linter.git"},"keywords":["atom","linter"],"author":{"name":"steelbrain"},"license":"MIT","bugs":{"url":"https://github.com/steelbrain/atom-linter/issues"},"homepage":"https://github.com/steelbrain/atom-linter#readme","dependencies":{"named-js-regexp":"^1.3.1","sb-exec":"^2.0.4","sb-promisify":"^1.0.0","tmp":"~0.0.28"},"devDependencies":{"eslint":"^2.4.0","babel-eslint":"^6.0.0-beta.6","eslint-config-airbnb":"^6.0.2","ucompiler":"^3.0.1","ucompiler-plugin-babel":"^3.0.0","ucompiler-plugin-newline":"^3.0.0","babel-preset-steelbrain":"^2.0.1"},"eslintConfig":{"rules":{"no-param-reassign":[2,{"props":false}],"func-names":0,"comma-dangle":0,"no-extra-semi":1,"no-loop-func":0,"semi":[2,"never"],"prefer-arrow-callback":0,"max-len":[2,200]},"extends":"airbnb/base","parser":"babel-eslint","globals":{"atom":"true"},"env":{"es6":true,"node":true}},"gitHead":"f9fb44d4897c34b39fc958ecc1c7c74def4ed51d","_id":"atom-linter@6.0.0","_shasum":"12984f218cbaea693f9af2be9cbd96001672efb9","_from":".","_npmVersion":"3.8.9","_nodeVersion":"6.2.0","_npmUser":{"name":"steelbrain","email":"de.steelbrain@gmail.com"},"dist":{"shasum":"12984f218cbaea693f9af2be9cbd96001672efb9","tarball":"https://registry.npmjs.org/atom-linter/-/atom-linter-6.0.0.tgz"},"maintainers":[{"name":"arcanemagus","email":"landonabney@gmail.com"},{"name":"steelbrain","email":"fakedemail@email.com"}],"_npmOperationalInternal":{"host":"packages-12-west.internal.npmjs.com","tmp":"tmp/atom-linter-6.0.0.tgz_1466701250201_0.4539399922359735"},"directories":{}},"7.0.0":{"name":"atom-linter","version":"7.0.0","description":"Helper module for atom linter providers","main":"lib/index.js","scripts":{"test":"apm test","lint":"eslint .","watch":"ucompiler watch","compile":"ucompiler go"},"repository":{"type":"git","url":"git+ssh://git@github.com/steelbrain/atom-linter.git"},"keywords":["atom","linter"],"author":{"name":"steelbrain"},"license":"MIT","bugs":{"url":"https://github.com/steelbrain/atom-linter/issues"},"homepage":"https://github.com/steelbrain/atom-linter#readme","dependencies":{"named-js-regexp":"^1.3.1","sb-exec":"^2.0.4","sb-promisify":"^1.0.0","tmp":"~0.0.28"},"devDependencies":{"babel-eslint":"^6.0.0-beta.6","babel-preset-steelbrain":"^2.0.1","eslint-config-steelbrain":"^1.0.1","jasmine-fix":"^1.0.0","ucompiler":"^3.0.1","ucompiler-plugin-babel":"^3.0.0","ucompiler-plugin-newline":"^3.0.0"},"eslintConfig":{"extends":"steelbrain","rules":{"no-duplicate-imports":0}},"gitHead":"57020a34fbadc4fefcb9be24c8b3bad2ddd4d120","_id":"atom-linter@7.0.0","_shasum":"02d9bbb56e3d76b5d4ca9f0ce2faf6cfca2849c6","_from":".","_npmVersion":"3.10.3","_nodeVersion":"6.3.0","_npmUser":{"name":"steelbrain","email":"de.steelbrain@gmail.com"},"dist":{"shasum":"02d9bbb56e3d76b5d4ca9f0ce2faf6cfca2849c6","tarball":"https://registry.npmjs.org/atom-linter/-/atom-linter-7.0.0.tgz"},"maintainers":[{"name":"arcanemagus","email":"landonabney@gmail.com"},{"name":"steelbrain","email":"fakedemail@email.com"}],"_npmOperationalInternal":{"host":"packages-16-east.internal.npmjs.com","tmp":"tmp/atom-linter-7.0.0.tgz_1468873192069_0.6947045798879117"},"directories":{}},"8.0.0":{"name":"atom-linter","version":"8.0.0","description":"Helper module for atom linter providers","main":"lib/index.js","scripts":{"lint":"(flow check) && (eslint .)","test":"apm test","clean":"rm -rf lib","compile":"npm run clean && babel src --out-dir lib","watch":"npm run clean && babel src --out-dir lib --watch"},"repository":{"type":"git","url":"git+ssh://git@github.com/steelbrain/atom-linter.git"},"keywords":["atom","linter"],"author":{"name":"steelbrain"},"license":"MIT","bugs":{"url":"https://github.com/steelbrain/atom-linter/issues"},"homepage":"https://github.com/steelbrain/atom-linter#readme","dependencies":{"named-js-regexp":"^1.3.1","sb-exec":"^3.0.1","sb-promisify":"^2.0.1","tmp":"~0.0.28"},"devDependencies":{"babel-cli":"^6.10.1","babel-preset-steelbrain":"^4.0.1","eslint-config-steelbrain":"^1.0.4","flow-bin":"^0.31.1","jasmine-fix":"^1.0.1"},"gitHead":"54ed631a67f5ab387a6dccd43d269dcf0da16e2b","_id":"atom-linter@8.0.0","_shasum":"3e26c71307a198ffa560e5d381e299618944f528","_from":".","_npmVersion":"3.10.3","_nodeVersion":"6.3.1","_npmUser":{"name":"steelbrain","email":"i@steelbrain.me"},"dist":{"shasum":"3e26c71307a198ffa560e5d381e299618944f528","tarball":"https://registry.npmjs.org/atom-linter/-/atom-linter-8.0.0.tgz"},"maintainers":[{"name":"arcanemagus","email":"landonabney@gmail.com"},{"name":"steelbrain","email":"fakedemail@email.com"}],"_npmOperationalInternal":{"host":"packages-12-west.internal.npmjs.com","tmp":"tmp/atom-linter-8.0.0.tgz_1472234869351_0.3074637211393565"},"directories":{}},"9.0.0":{"name":"atom-linter","version":"9.0.0","description":"Helper module for atom linter providers","main":"lib/index.js","scripts":{"lint":"(flow check) && (eslint .)","test":"apm test","clean":"rimraf lib","compile":"npm run clean && babel src --out-dir lib","watch":"npm run clean && babel src --out-dir lib --watch"},"repository":{"type":"git","url":"git+ssh://git@github.com/steelbrain/atom-linter.git"},"keywords":["atom","linter"],"author":{"name":"steelbrain"},"license":"MIT","bugs":{"url":"https://github.com/steelbrain/atom-linter/issues"},"homepage":"https://github.com/steelbrain/atom-linter#readme","dependencies":{"named-js-regexp":"^1.3.1","sb-exec":"^3.1.0","sb-promisify":"^2.0.1","tmp":"~0.0.28"},"devDependencies":{"babel-cli":"^6.10.1","babel-preset-steelbrain":"^4.0.1","eslint-config-steelbrain":"^1.0.4","flow-bin":"^0.31.1","jasmine-fix":"^1.0.1","rimraf":"^2.5.4"},"gitHead":"aa99effaf59d7bca7290c186b3d2ba4526b1384a","_id":"atom-linter@9.0.0","_shasum":"ac8041344a5b35d9c6f1d0de941e966803ff744e","_from":".","_npmVersion":"4.3.0","_nodeVersion":"7.5.0","_npmUser":{"name":"arcanemagus","email":"landonabney@gmail.com"},"dist":{"shasum":"ac8041344a5b35d9c6f1d0de941e966803ff744e","tarball":"https://registry.npmjs.org/atom-linter/-/atom-linter-9.0.0.tgz"},"maintainers":[{"name":"arcanemagus","email":"landonabney@gmail.com"},{"name":"steelbrain","email":"fakedemail@email.com"}],"_npmOperationalInternal":{"host":"packages-12-west.internal.npmjs.com","tmp":"tmp/atom-linter-9.0.0.tgz_1487029772070_0.1753796935081482"},"directories":{}},"9.0.1":{"name":"atom-linter","version":"9.0.1","description":"Helper module for atom linter providers","main":"lib/index.js","scripts":{"lint":"(flow check) && (eslint .)","test":"apm test","clean":"rimraf lib","compile":"npm run clean && babel src --out-dir lib","watch":"npm run clean && babel src --out-dir lib --watch"},"repository":{"type":"git","url":"git+ssh://git@github.com/steelbrain/atom-linter.git"},"keywords":["atom","linter"],"author":{"name":"steelbrain"},"license":"MIT","bugs":{"url":"https://github.com/steelbrain/atom-linter/issues"},"homepage":"https://github.com/steelbrain/atom-linter#readme","dependencies":{"named-js-regexp":"^1.3.1","sb-exec":"^3.1.0","sb-promisify":"^2.0.1","tmp":"~0.0.28"},"devDependencies":{"babel-cli":"^6.10.1","babel-preset-steelbrain":"^4.0.1","eslint-config-steelbrain":"^1.0.4","flow-bin":"^0.31.1","jasmine-fix":"^1.0.1","rimraf":"^2.5.4"},"gitHead":"b6628dd9b8dc98f87a4e249652a42fed21143bd7","_id":"atom-linter@9.0.1","_shasum":"8fa9bea01fd6a3f8d53ae2251d7b2a1c86f0b88d","_from":".","_npmVersion":"4.1.2","_nodeVersion":"7.6.0","_npmUser":{"name":"steelbrain","email":"i@steelbrain.me"},"dist":{"shasum":"8fa9bea01fd6a3f8d53ae2251d7b2a1c86f0b88d","tarball":"https://registry.npmjs.org/atom-linter/-/atom-linter-9.0.1.tgz"},"maintainers":[{"name":"arcanemagus","email":"landonabney@gmail.com"},{"name":"steelbrain","email":"fakedemail@email.com"}],"_npmOperationalInternal":{"host":"packages-18-east.internal.npmjs.com","tmp":"tmp/atom-linter-9.0.1.tgz_1488391149167_0.6117213862016797"},"directories":{}}},"readme":"atom-linter\n===========\n\natom-linter is an npm helper module that you can import in your Linter Providers\nand make things easier for yourself.\n\n#### API\n\nFor full documentation of `exec` and `execNode` API, please refer to [`sb-exec README`](https://github.com/steelbrain/exec/blob/master/README.md)\n\n```js\nexport const FindCache: Map\nexport function exec(command: String, args: Array<string> = [], options: Object): Promise\nexport function execNode(filePath: String, args: Array<string> = [], options: Object): Promise\nexport function parse(data: String, regex: String, options: Object = {flags: 'g'}): Array<Linter$Message>\nexport function generateRange(textEditor: TextEditor, lineNumber: Number = 0, colStart: Number = <firstTextColumn>): Array\nexport function find(directory: String, names: String | Array<string>): ?String\nexport function findCached(directory: String, names: String | Array<string>): ?String\nexport function findAsync(directory: String, names: String | Array<string>): Promise<?String>\nexport function findCachedAsync(directory: String, names: String | Array<string>): Promise<?String>\nexport function tempFile<T>(fileName: String, fileContents: String, callback: Function<T>): Promise<T>\nexport function tempFiles<T>(filesNames: Array<{ name: String, contents: String }>, callback: Function<T>): Promise<T>\n```\n\n#### License\n\nThis project is licensed under the terms of MIT License, see the LICENSE file for more info\n","maintainers":[{"name":"arcanemagus","email":"landonabney@gmail.com"},{"name":"steelbrain","email":"fakedemail@email.com"}],"time":{"modified":"2017-03-01T17:59:09.863Z","created":"2015-05-29T17:09:38.176Z","1.0.0":"2015-05-29T17:09:38.176Z","1.0.1":"2015-07-07T12:58:27.131Z","1.0.2":"2015-07-07T16:30:02.272Z","1.0.3":"2015-07-17T00:56:06.430Z","2.0.0":"2015-07-18T11:32:46.866Z","2.0.1":"2015-07-19T14:31:31.335Z","2.0.2":"2015-07-22T22:47:29.637Z","2.0.3":"2015-07-23T08:51:25.445Z","2.0.4":"2015-07-23T09:48:01.419Z","2.0.5":"2015-07-24T19:06:45.277Z","3.0.0":"2015-07-24T19:14:44.969Z","3.0.1":"2015-08-02T10:36:23.682Z","3.1.0":"2015-08-05T02:17:53.910Z","3.1.1":"2015-08-06T20:58:04.458Z","3.1.2":"2015-08-14T10:23:51.782Z","3.1.3":"2015-08-14T10:45:22.619Z","3.1.4":"2015-08-14T22:36:25.894Z","3.2.0":"2015-08-17T18:19:22.112Z","3.2.1":"2015-09-07T16:55:41.585Z","3.2.2":"2015-09-19T13:00:40.928Z","3.3.0":"2015-10-19T14:43:07.910Z","3.3.1":"2015-10-31T01:58:20.106Z","3.3.2":"2015-11-11T22:14:47.791Z","3.3.3":"2015-11-16T18:02:35.990Z","3.3.4":"2015-11-16T20:12:55.309Z","3.3.5":"2015-11-16T22:21:01.341Z","3.3.6":"2015-11-18T22:32:34.971Z","3.3.7":"2015-11-19T18:41:37.287Z","3.3.8":"2015-11-23T19:50:47.579Z","3.3.9":"2015-11-23T23:12:55.119Z","3.4.0":"2015-11-29T04:48:56.873Z","3.4.1":"2015-12-08T05:14:22.881Z","4.0.0":"2015-12-08T05:31:42.977Z","4.0.1":"2015-12-08T05:47:42.572Z","4.1.0":"2015-12-11T09:58:16.282Z","4.1.1":"2015-12-11T11:22:02.825Z","4.2.0":"2015-12-30T07:00:00.084Z","4.3.0":"2016-01-02T16:04:16.681Z","4.3.1":"2016-01-06T20:47:56.939Z","4.3.2":"2016-01-11T18:22:35.256Z","4.3.3":"2016-01-20T09:34:53.572Z","4.3.4":"2016-01-22T20:25:50.200Z","4.4.0":"2016-02-03T22:59:40.848Z","4.5.0":"2016-02-11T23:49:39.485Z","4.5.1":"2016-02-19T06:08:08.411Z","4.6.0":"2016-02-29T23:20:57.650Z","4.6.1":"2016-03-01T00:33:16.311Z","4.7.0":"2016-04-15T02:14:34.651Z","5.0.0":"2016-05-08T19:05:27.837Z","5.0.1":"2016-05-08T20:29:14.604Z","5.0.2":"2016-06-13T19:27:57.907Z","6.0.0":"2016-06-23T17:00:52.667Z","7.0.0":"2016-07-18T20:19:53.069Z","8.0.0":"2016-08-26T18:07:49.590Z","9.0.0":"2017-02-13T23:49:32.298Z","9.0.1":"2017-03-01T17:59:09.863Z"},"homepage":"https://github.com/steelbrain/atom-linter#readme","keywords":["atom","linter"],"repository":{"type":"git","url":"git+ssh://git@github.com/steelbrain/atom-linter.git"},"author":{"name":"steelbrain"},"bugs":{"url":"https://github.com/steelbrain/atom-linter/issues"},"license":"MIT","readmeFilename":"README.md","_attachments":{},"_etag":"W/\"58b70bed-1224e\"","_lastModified":"Wed, 01 Mar 2017 17:59:09 GMT","_cached":true}