{"digest":"bf26369d71be6cb187463352133d755cb3fb1a4d","css":".styleguide [data-name=\"icons\"] .example-rendered {\n  display: flex;\n  flex-wrap: wrap;\n  align-content: flex-start;\n}\n.styleguide [data-name=\"icons\"] .example-code {\n  display: none;\n}\n.styleguide [data-name=\"icons\"] .icon {\n  position: relative;\n  flex: 1 0 200px;\n  padding: 10px 0 10px 40px;\n  color: rgba(163, 168, 174, 0.6);\n}\n.styleguide [data-name=\"icons\"] .icon:before {\n  position: absolute;\n  margin-left: -32px;\n  color: #d9dbde;\n  text-align: center;\n}\n.styleguide [data-name=\"icons\"] .icon:hover {\n  color: #d9dbde;\n}\n.styleguide [data-name=\"icons\"] .icon:hover:before {\n  color: #ffffff;\n  font-size: 32px;\n  width: 32px;\n  height: 32px;\n  margin-top: -8px;\n  margin-left: -40px;\n}\n.styleguide [data-name=\"icons\"] .icon-logo-gist:before,\n.styleguide [data-name=\"icons\"] .icon-logo-gist:hover:before {\n  font-size: 2.5em;\n  margin-top: -0.05em;\n  margin-left: -1.3em;\n  width: 16px;\n  height: 16px;\n}\n.styleguide [data-name=\"icons\"] .icon-logo-github:before,\n.styleguide [data-name=\"icons\"] .icon-logo-github:hover:before {\n  font-size: 3em;\n  margin-top: .08em;\n  margin-left: -1.2em;\n}\n.styleguide .input-search,\n.styleguide .input-textarea {\n  margin-top: 10px;\n}\n.styleguide .input-label {\n  display: block;\n  width: -webkit-max-content;\n  margin: 0 1em 1em 0;\n}\n.styleguide .input-color,\n.styleguide .input-number,\n.styleguide .input-select {\n  margin: 0 10px 0 0 !important;\n}\n.styleguide .ui-site-1,\n.styleguide .ui-site-2,\n.styleguide .ui-site-3,\n.styleguide .ui-site-4,\n.styleguide .ui-site-5 {\n  height: 10px;\n  width: 100px;\n}\n.styleguide atom-panel.modal {\n  position: relative;\n  max-width: 100%;\n  left: 0;\n  margin: 0;\n}\n.styleguide .popover-list {\n  position: relative;\n}\n.styleguide .popover-list atom-text-editor[mini],\n.styleguide .select-list atom-text-editor[mini] {\n  height: 27px;\n}\n.styleguide .tooltip {\n  position: relative;\n  opacity: 1;\n  display: inline-block;\n  margin-right: 10px;\n}\n.styleguide [data-name=\"error-messages\"] .example-rendered {\n  min-height: 60px;\n}\n","imports":[{"path":"static\\variables\\ui-variables.less","digest":"e3029f763111ec391f6dcea8178d35be7c798b4f"},{"path":"static\\variables\\syntax-variables.less","digest":"812c1b7883a023f768773d14294653adcdb932d7"},{"path":"C:\\Users\\JRodr\\.atom\\packages\\material-ui\\styles\\ui-variables.less","digest":"45819ad5bbf7b4233dbc3fad269f8a93510eee14"},{"path":"node_modules\\atom-dark-syntax\\styles\\syntax-variables.less","digest":"df71fe29adb4c75717824afcb98e8d17e62d9e5d"}],"version":1}