{"_id":"domelementtype","_rev":"18-c35630adf5637417e6a5eb6837ca8738","name":"domelementtype","description":"all the types of nodes in htmlparser2's dom","dist-tags":{"latest":"1.3.0"},"versions":{"1.0.0":{"name":"domelementtype","version":"1.0.0","description":"all the types of nodes in htmlparser2's dom","main":"index.js","repository":{"type":"git","url":"git://github.com/FB55/domelementtype.git"},"keywords":["dom","htmlparser2"],"author":{"name":"Felix Boehm","email":"me@feedic.com"},"_id":"domelementtype@1.0.0","dist":{"shasum":"bdfe35bfeacb8ee61b19abaf473883f6b7227aca","tarball":"https://registry.npmjs.org/domelementtype/-/domelementtype-1.0.0.tgz"},"_npmVersion":"1.1.65","_npmUser":{"name":"feedic","email":"me@feedic.com"},"maintainers":[{"name":"feedic","email":"me@feedic.com"}],"directories":{}},"1.0.1":{"name":"domelementtype","version":"1.0.1","description":"all the types of nodes in htmlparser2's dom","main":"index.js","repository":{"type":"git","url":"git://github.com/FB55/domelementtype.git"},"keywords":["dom","htmlparser2"],"author":{"name":"Felix Boehm","email":"me@feedic.com"},"_id":"domelementtype@1.0.1","dist":{"shasum":"70150a1bc6336298b0d6c4cbac27dcb66e06d86f","tarball":"https://registry.npmjs.org/domelementtype/-/domelementtype-1.0.1.tgz"},"_npmVersion":"1.1.63","_npmUser":{"name":"feedic","email":"me@feedic.com"},"maintainers":[{"name":"feedic","email":"me@feedic.com"}],"directories":{}},"1.1.0":{"name":"domelementtype","version":"1.1.0","description":"all the types of nodes in htmlparser2's dom","main":"index.js","repository":{"type":"git","url":"git://github.com/FB55/domelementtype.git"},"keywords":["dom","htmlparser2"],"author":{"name":"Felix Boehm","email":"me@feedic.com"},"_id":"domelementtype@1.1.0","dist":{"shasum":"e200c6b5a2f67cf5296559647bf726d63714f5be","tarball":"https://registry.npmjs.org/domelementtype/-/domelementtype-1.1.0.tgz"},"_npmVersion":"1.1.69","_npmUser":{"name":"feedic","email":"me@feedic.com"},"maintainers":[{"name":"feedic","email":"me@feedic.com"}],"directories":{}},"1.1.1":{"name":"domelementtype","version":"1.1.1","description":"all the types of nodes in htmlparser2's dom","main":"index.js","repository":{"type":"git","url":"git://github.com/FB55/domelementtype.git"},"keywords":["dom","htmlparser2"],"author":{"name":"Felix Boehm","email":"me@feedic.com"},"_id":"domelementtype@1.1.1","dist":{"shasum":"7887acbda7614bb0a3dbe1b5e394f77a8ed297cf","tarball":"https://registry.npmjs.org/domelementtype/-/domelementtype-1.1.1.tgz"},"_from":".","_npmVersion":"1.2.10","_npmUser":{"name":"feedic","email":"me@feedic.com"},"maintainers":[{"name":"feedic","email":"me@feedic.com"}],"directories":{}},"1.1.2":{"name":"domelementtype","version":"1.1.2","description":"all the types of nodes in htmlparser2's dom","main":"index.js","repository":{"type":"git","url":"git://github.com/FB55/domelementtype.git"},"keywords":["dom","htmlparser2"],"author":{"name":"Felix Boehm","email":"me@feedic.com"},"gitHead":"062ff89a17121c0a4f67ecb534f1677fbb50501a","bugs":{"url":"https://github.com/FB55/domelementtype/issues"},"homepage":"https://github.com/FB55/domelementtype","_id":"domelementtype@1.1.2","scripts":{},"_shasum":"795897af1f24cf2f4d287770698210bb0e826b7a","_from":".","_npmVersion":"2.1.5","_nodeVersion":"0.10.32","_npmUser":{"name":"feedic","email":"me@feedic.com"},"maintainers":[{"name":"feedic","email":"me@feedic.com"}],"dist":{"shasum":"795897af1f24cf2f4d287770698210bb0e826b7a","tarball":"https://registry.npmjs.org/domelementtype/-/domelementtype-1.1.2.tgz"},"directories":{}},"1.1.3":{"name":"domelementtype","version":"1.1.3","description":"all the types of nodes in htmlparser2's dom","main":"index.js","repository":{"type":"git","url":"git://github.com/FB55/domelementtype.git"},"keywords":["dom","htmlparser2"],"author":{"name":"Felix Boehm","email":"me@feedic.com"},"gitHead":"012a97a1d38737e096de2045b2b5f28768d8187e","bugs":{"url":"https://github.com/FB55/domelementtype/issues"},"homepage":"https://github.com/FB55/domelementtype","_id":"domelementtype@1.1.3","scripts":{},"_shasum":"bd28773e2642881aec51544924299c5cd822185b","_from":".","_npmVersion":"2.1.5","_nodeVersion":"0.10.32","_npmUser":{"name":"feedic","email":"me@feedic.com"},"maintainers":[{"name":"feedic","email":"me@feedic.com"}],"dist":{"shasum":"bd28773e2642881aec51544924299c5cd822185b","tarball":"https://registry.npmjs.org/domelementtype/-/domelementtype-1.1.3.tgz"},"directories":{}},"1.2.0":{"name":"domelementtype","version":"1.2.0","description":"all the types of nodes in htmlparser2's dom","main":"index.js","repository":{"type":"git","url":"git://github.com/FB55/domelementtype.git"},"keywords":["dom","htmlparser2"],"author":{"name":"Felix Boehm","email":"me@feedic.com"},"gitHead":"440f8830c8be5013de62363461f1149c7b419e72","bugs":{"url":"https://github.com/FB55/domelementtype/issues"},"homepage":"https://github.com/FB55/domelementtype","_id":"domelementtype@1.2.0","scripts":{},"_shasum":"03d93b0a0ea6ed3fb19f8dcc6ab9fb614720eb6c","_from":".","_npmVersion":"2.6.1","_nodeVersion":"1.4.2","_npmUser":{"name":"feedic","email":"me@feedic.com"},"maintainers":[{"name":"feedic","email":"me@feedic.com"}],"dist":{"shasum":"03d93b0a0ea6ed3fb19f8dcc6ab9fb614720eb6c","tarball":"https://registry.npmjs.org/domelementtype/-/domelementtype-1.2.0.tgz"},"directories":{}},"1.3.0":{"name":"domelementtype","version":"1.3.0","description":"all the types of nodes in htmlparser2's dom","main":"index.js","repository":{"type":"git","url":"git://github.com/FB55/domelementtype.git"},"keywords":["dom","htmlparser2"],"author":{"name":"Felix Boehm","email":"me@feedic.com"},"gitHead":"2a95eed4c829ef479a88984d117cb5f4b379e6e8","bugs":{"url":"https://github.com/FB55/domelementtype/issues"},"homepage":"https://github.com/FB55/domelementtype","_id":"domelementtype@1.3.0","scripts":{},"_shasum":"b17aed82e8ab59e52dd9c19b1756e0fc187204c2","_from":".","_npmVersion":"2.6.1","_nodeVersion":"1.4.2","_npmUser":{"name":"feedic","email":"me@feedic.com"},"maintainers":[{"name":"feedic","email":"me@feedic.com"}],"dist":{"shasum":"b17aed82e8ab59e52dd9c19b1756e0fc187204c2","tarball":"https://registry.npmjs.org/domelementtype/-/domelementtype-1.3.0.tgz"},"directories":{}}},"readme":"all the types of nodes in htmlparser2's dom\n","maintainers":[{"name":"feedic","email":"me@feedic.com"}],"time":{"modified":"2016-11-01T17:14:12.888Z","created":"2012-11-10T13:34:54.867Z","1.0.0":"2012-11-10T13:34:56.751Z","1.0.1":"2012-12-04T14:15:50.441Z","1.1.0":"2013-01-09T14:48:09.118Z","1.1.1":"2013-02-15T07:43:13.702Z","1.1.2":"2014-10-30T11:01:56.102Z","1.1.3":"2014-10-30T11:04:12.175Z","1.2.0":"2015-03-03T09:57:11.527Z","1.3.0":"2015-03-03T09:59:23.974Z"},"author":{"name":"Felix Boehm","email":"me@feedic.com"},"repository":{"type":"git","url":"git://github.com/FB55/domelementtype.git"},"homepage":"https://github.com/FB55/domelementtype","keywords":["dom","htmlparser2"],"bugs":{"url":"https://github.com/FB55/domelementtype/issues"},"readmeFilename":"readme.md","users":{"mojaray2k":true},"_attachments":{},"_etag":"W/\"5818cd64-1b97\"","_lastModified":"Tue, 01 Nov 2016 17:14:12 GMT","_cached":true}