{"_id":"expand-brackets","_rev":"19-fe9e13077131fcf0325a72f4948d7fff","name":"expand-brackets","description":"Expand POSIX bracket expressions (character classes) in glob patterns.","dist-tags":{"latest":"2.1.4"},"versions":{"0.1.0":{"name":"expand-brackets","description":"Expand character classes (POSIX bracket expressions) in glob patterns.","version":"0.1.0","homepage":"https://github.com/jonschlinkert/expand-brackets","author":{"name":"Jon Schlinkert","url":"https://github.com/jonschlinkert"},"repository":{"type":"git","url":"git://github.com/jonschlinkert/expand-brackets.git"},"bugs":{"url":"https://github.com/jonschlinkert/expand-brackets/issues"},"license":{"type":"MIT","url":"https://github.com/jonschlinkert/expand-brackets/blob/master/LICENSE"},"files":["index.js"],"main":"index.js","engines":{"node":">=0.10.0"},"scripts":{"test":"mocha"},"dependencies":{},"devDependencies":{"mocha":"*","should":"^5.0.0"},"keywords":["bracket","character class","expression","posix"],"gitHead":"bfc2adefea0c407fe8eec496b260aa9388af3408","_id":"expand-brackets@0.1.0","_shasum":"01cc980daf4f17f47b0e61cc94e34aed5e629070","_from":".","_npmVersion":"1.4.28","_npmUser":{"name":"jonschlinkert","email":"github@sellside.com"},"maintainers":[{"name":"jonschlinkert","email":"github@sellside.com"}],"dist":{"shasum":"01cc980daf4f17f47b0e61cc94e34aed5e629070","tarball":"https://registry.npmjs.org/expand-brackets/-/expand-brackets-0.1.0.tgz"},"directories":{}},"0.1.1":{"name":"expand-brackets","description":"Expand POSIX bracket expressions (character classes) in glob patterns.","version":"0.1.1","homepage":"https://github.com/jonschlinkert/expand-brackets","author":{"name":"Jon Schlinkert","url":"https://github.com/jonschlinkert"},"repository":{"type":"git","url":"git://github.com/jonschlinkert/expand-brackets.git"},"bugs":{"url":"https://github.com/jonschlinkert/expand-brackets/issues"},"license":{"type":"MIT","url":"https://github.com/jonschlinkert/expand-brackets/blob/master/LICENSE"},"files":["index.js"],"main":"index.js","engines":{"node":">=0.10.0"},"scripts":{"test":"mocha"},"dependencies":{},"devDependencies":{"mocha":"*","should":"^5.0.0"},"keywords":["bracket","character class","expression","posix"],"gitHead":"cd9291c08aac6461652df29cba54a69440fcc05a","_id":"expand-brackets@0.1.1","_shasum":"e9a1a1a1bbbac19fbf065646fe63fe51f498821f","_from":".","_npmVersion":"1.4.28","_npmUser":{"name":"jonschlinkert","email":"github@sellside.com"},"maintainers":[{"name":"jonschlinkert","email":"github@sellside.com"}],"dist":{"shasum":"e9a1a1a1bbbac19fbf065646fe63fe51f498821f","tarball":"https://registry.npmjs.org/expand-brackets/-/expand-brackets-0.1.1.tgz"},"directories":{}},"0.1.2":{"name":"expand-brackets","description":"Expand POSIX bracket expressions (character classes) in glob patterns.","version":"0.1.2","homepage":"https://github.com/jonschlinkert/expand-brackets","author":{"name":"Jon Schlinkert","url":"https://github.com/jonschlinkert"},"repository":{"type":"git","url":"git://github.com/jonschlinkert/expand-brackets.git"},"bugs":{"url":"https://github.com/jonschlinkert/expand-brackets/issues"},"license":"MIT","files":["index.js"],"main":"index.js","engines":{"node":">=0.10.0"},"scripts":{"test":"mocha"},"devDependencies":{"mocha":"^2.2.5","should":"^7.0.2"},"keywords":["bracket","character class","expression","posix"],"gitHead":"8c70004d1170711b5951a26fe83af0e193d8d1cb","_id":"expand-brackets@0.1.2","_shasum":"fb1543996461ddbe4d9f6e00e855d3552938d6a7","_from":".","_npmVersion":"2.10.1","_nodeVersion":"0.12.4","_npmUser":{"name":"jonschlinkert","email":"github@sellside.com"},"maintainers":[{"name":"jonschlinkert","email":"github@sellside.com"}],"dist":{"shasum":"fb1543996461ddbe4d9f6e00e855d3552938d6a7","tarball":"https://registry.npmjs.org/expand-brackets/-/expand-brackets-0.1.2.tgz"},"directories":{}},"0.1.3":{"name":"expand-brackets","description":"Expand POSIX bracket expressions (character classes) in glob patterns.","homepage":"https://github.com/jonschlinkert/expand-brackets","version":"0.1.3","author":{"name":"Jon Schlinkert","url":"https://github.com/jonschlinkert"},"repository":{"type":"git","url":"git+https://github.com/jonschlinkert/expand-brackets.git"},"bugs":{"url":"https://github.com/jonschlinkert/expand-brackets/issues"},"license":"MIT","files":["index.js"],"main":"index.js","engines":{"node":">=0.10.0"},"scripts":{"test":"mocha"},"dependencies":{"is-posix-bracket":"^0.1.0"},"devDependencies":{"mocha":"^2.2.5","should":"^7.0.2"},"keywords":["bracket","character class","expression","posix"],"verb":{"related":{"list":["extglob","micromatch","is-glob","is-extglob","is-posix-bracket"]}},"gitHead":"202723bcf78db69d7d62e49eba82f1cd362ca306","_id":"expand-brackets@0.1.3","_shasum":"22207536eaac5ddb4885de20e2747f0a0eedf316","_from":".","_npmVersion":"2.13.0","_nodeVersion":"2.4.0","_npmUser":{"name":"es128","email":"elan.shanker+npm@gmail.com"},"dist":{"shasum":"22207536eaac5ddb4885de20e2747f0a0eedf316","tarball":"https://registry.npmjs.org/expand-brackets/-/expand-brackets-0.1.3.tgz"},"maintainers":[{"name":"jonschlinkert","email":"github@sellside.com"},{"name":"es128","email":"elan.shanker+npm@gmail.com"}],"directories":{}},"0.1.4":{"name":"expand-brackets","description":"Expand POSIX bracket expressions (character classes) in glob patterns.","version":"0.1.4","homepage":"https://github.com/jonschlinkert/expand-brackets","author":{"name":"Jon Schlinkert","url":"https://github.com/jonschlinkert"},"repository":{"type":"git","url":"git+https://github.com/jonschlinkert/expand-brackets.git"},"bugs":{"url":"https://github.com/jonschlinkert/expand-brackets/issues"},"license":"MIT","files":["index.js"],"main":"index.js","engines":{"node":">=0.10.0"},"scripts":{"test":"mocha"},"devDependencies":{"mocha":"^2.2.5","should":"^7.0.2"},"keywords":["bracket","character class","expression","posix"],"verb":{"related":{"list":["extglob","micromatch","is-glob","is-extglob","is-posix-bracket"]}},"gitHead":"38475d3e4973b8496812e39983d2945a78d0ade3","_id":"expand-brackets@0.1.4","_shasum":"797b9e484101205f418cecaec6312c132f51e2ae","_from":".","_npmVersion":"2.10.1","_nodeVersion":"0.12.4","_npmUser":{"name":"jonschlinkert","email":"github@sellside.com"},"maintainers":[{"name":"jonschlinkert","email":"github@sellside.com"},{"name":"es128","email":"elan.shanker+npm@gmail.com"},{"name":"doowb","email":"brian.woodward@gmail.com"}],"dist":{"shasum":"797b9e484101205f418cecaec6312c132f51e2ae","tarball":"https://registry.npmjs.org/expand-brackets/-/expand-brackets-0.1.4.tgz"},"directories":{}},"0.1.5":{"name":"expand-brackets","description":"Expand POSIX bracket expressions (character classes) in glob patterns.","version":"0.1.5","homepage":"https://github.com/jonschlinkert/expand-brackets","author":{"name":"Jon Schlinkert","url":"https://github.com/jonschlinkert"},"repository":{"type":"git","url":"git+https://github.com/jonschlinkert/expand-brackets.git"},"bugs":{"url":"https://github.com/jonschlinkert/expand-brackets/issues"},"license":"MIT","files":["index.js"],"main":"index.js","engines":{"node":">=0.10.0"},"scripts":{"test":"mocha"},"dependencies":{"is-posix-bracket":"^0.1.0"},"devDependencies":{"gulp-format-md":"^0.1.7","mocha":"^2.2.5","should":"^7.0.2"},"keywords":["bracket","character class","expression","posix"],"verb":{"run":true,"toc":false,"layout":"default","tasks":["readme"],"plugins":["gulp-format-md"],"related":{"list":["extglob","is-extglob","is-glob","is-posix-bracket","micromatch"]},"reflinks":["verb"],"lint":{"reflinks":true}},"gitHead":"1b07fda8ee8b6426d95e6539785b74c57e9ee542","_id":"expand-brackets@0.1.5","_shasum":"df07284e342a807cd733ac5af72411e581d1177b","_from":".","_npmVersion":"3.6.0","_nodeVersion":"5.5.0","_npmUser":{"name":"jonschlinkert","email":"github@sellside.com"},"maintainers":[{"name":"jonschlinkert","email":"github@sellside.com"},{"name":"es128","email":"elan.shanker+npm@gmail.com"},{"name":"doowb","email":"brian.woodward@gmail.com"}],"dist":{"shasum":"df07284e342a807cd733ac5af72411e581d1177b","tarball":"https://registry.npmjs.org/expand-brackets/-/expand-brackets-0.1.5.tgz"},"_npmOperationalInternal":{"host":"packages-12-west.internal.npmjs.com","tmp":"tmp/expand-brackets-0.1.5.tgz_1459554506001_0.9547659594099969"},"directories":{}},"1.0.0":{"name":"expand-brackets","description":"Expand POSIX bracket expressions (character classes) in glob patterns.","version":"1.0.0","homepage":"https://github.com/jonschlinkert/expand-brackets","author":{"name":"Jon Schlinkert","url":"https://github.com/jonschlinkert"},"contributors":[{"name":"Elan Shanker","url":"https://github.com/es128"},{"name":"Eugene Sharygin","url":"https://github.com/eush77"},{"name":"Jon Schlinkert","email":"jon.schlinkert@sellside.com","url":"http://twitter.com/jonschlinkert"},{"name":"Martin Kolárik","email":"martin@kolarik.sk","url":"http://kolarik.sk"}],"repository":{"type":"git","url":"git+https://github.com/jonschlinkert/expand-brackets.git"},"bugs":{"url":"https://github.com/jonschlinkert/expand-brackets/issues"},"license":"MIT","files":["index.js","lib"],"main":"index.js","engines":{"node":">=0.10.0"},"scripts":{"test":"mocha"},"dependencies":{"debug":"^2.2.0","define-property":"^0.2.5","extend-shallow":"^2.0.1","posix-character-classes":"^0.1.0","regex-not":"^0.1.2","snapdragon":"^0.7.0","to-regex":"^0.1.1"},"devDependencies":{"gulp-format-md":"^0.1.10","helper-changelog":"^0.3.0","minimatch":"^3.0.3","mocha":"^3.0.2","yargs-parser":"^4.0.0"},"keywords":["bracket","brackets","character class","expand","expression","posix"],"verb":{"run":true,"toc":false,"layout":"default","tasks":["readme"],"plugins":["gulp-format-md"],"helpers":["helper-changelog"],"related":{"list":["braces","extglob","micromatch","nanomatch"]},"reflinks":["micromatch","verb","verb-generate-readme"],"lint":{"reflinks":true}},"gitHead":"fc03b91da7516e63348eda80d61d109a6f8d7256","_id":"expand-brackets@1.0.0","_shasum":"12e458614d3d9d1b15cc3406a7cce72cab021987","_from":".","_npmVersion":"3.10.3","_nodeVersion":"6.3.0","_npmUser":{"name":"jonschlinkert","email":"github@sellside.com"},"maintainers":[{"name":"jonschlinkert","email":"github@sellside.com"},{"name":"es128","email":"elan.shanker+npm@gmail.com"},{"name":"doowb","email":"brian.woodward@gmail.com"}],"dist":{"shasum":"12e458614d3d9d1b15cc3406a7cce72cab021987","tarball":"https://registry.npmjs.org/expand-brackets/-/expand-brackets-1.0.0.tgz"},"_npmOperationalInternal":{"host":"packages-12-west.internal.npmjs.com","tmp":"tmp/expand-brackets-1.0.0.tgz_1474958777127_0.7496067055035383"},"directories":{}},"2.0.0":{"name":"expand-brackets","description":"Expand POSIX bracket expressions (character classes) in glob patterns.","version":"2.0.0","homepage":"https://github.com/jonschlinkert/expand-brackets","author":{"name":"Jon Schlinkert","url":"https://github.com/jonschlinkert"},"contributors":[{"name":"Elan Shanker","url":"https://github.com/es128"},{"name":"Eugene Sharygin","url":"https://github.com/eush77"},{"name":"Jon Schlinkert","email":"jon.schlinkert@sellside.com","url":"http://twitter.com/jonschlinkert"},{"name":"Martin Kolárik","email":"martin@kolarik.sk","url":"http://kolarik.sk"}],"repository":{"type":"git","url":"git+https://github.com/jonschlinkert/expand-brackets.git"},"bugs":{"url":"https://github.com/jonschlinkert/expand-brackets/issues"},"license":"MIT","files":["index.js","lib"],"main":"index.js","engines":{"node":">=0.10.0"},"scripts":{"test":"mocha"},"dependencies":{"debug":"^2.2.0","define-property":"^0.2.5","extend-shallow":"^2.0.1","posix-character-classes":"^0.1.0","regex-not":"^1.0.0","snapdragon":"^0.7.0","to-regex":"^2.1.0"},"devDependencies":{"gulp-format-md":"^0.1.10","helper-changelog":"^0.3.0","minimatch":"^3.0.3","mocha":"^3.0.2","yargs-parser":"^4.0.0"},"keywords":["bracket","brackets","character class","expand","expression","posix"],"verb":{"run":true,"toc":false,"layout":"default","tasks":["readme"],"plugins":["gulp-format-md"],"helpers":["helper-changelog"],"related":{"list":["braces","extglob","micromatch","nanomatch"]},"reflinks":["micromatch","verb","verb-generate-readme"],"lint":{"reflinks":true}},"gitHead":"91e230a91fce7be3de6a9789ecbcf574a6f49e7a","_id":"expand-brackets@2.0.0","_shasum":"0b8f3ec3005a3e2faa360e7ba8f339df71069677","_from":".","_npmVersion":"3.10.3","_nodeVersion":"6.7.0","_npmUser":{"name":"jonschlinkert","email":"github@sellside.com"},"maintainers":[{"name":"jonschlinkert","email":"github@sellside.com"},{"name":"es128","email":"elan.shanker+npm@gmail.com"},{"name":"doowb","email":"brian.woodward@gmail.com"}],"dist":{"shasum":"0b8f3ec3005a3e2faa360e7ba8f339df71069677","tarball":"https://registry.npmjs.org/expand-brackets/-/expand-brackets-2.0.0.tgz"},"_npmOperationalInternal":{"host":"packages-16-east.internal.npmjs.com","tmp":"tmp/expand-brackets-2.0.0.tgz_1475918430856_0.22673831600695848"},"directories":{}},"2.0.1":{"name":"expand-brackets","description":"Expand POSIX bracket expressions (character classes) in glob patterns.","version":"2.0.1","homepage":"https://github.com/jonschlinkert/expand-brackets","author":{"name":"Jon Schlinkert","url":"https://github.com/jonschlinkert"},"contributors":[{"name":"Elan Shanker","url":"https://github.com/es128"},{"name":"Eugene Sharygin","url":"https://github.com/eush77"},{"name":"Jon Schlinkert","email":"jon.schlinkert@sellside.com","url":"http://twitter.com/jonschlinkert"},{"name":"Martin Kolárik","email":"martin@kolarik.sk","url":"http://kolarik.sk"}],"repository":{"type":"git","url":"git+https://github.com/jonschlinkert/expand-brackets.git"},"bugs":{"url":"https://github.com/jonschlinkert/expand-brackets/issues"},"license":"MIT","files":["index.js","lib"],"main":"index.js","engines":{"node":">=0.10.0"},"scripts":{"test":"mocha"},"dependencies":{"debug":"^2.2.0","define-property":"^0.2.5","extend-shallow":"^2.0.1","posix-character-classes":"^0.1.0","regex-not":"^1.0.0","snapdragon":"^0.7.0","to-regex":"^2.1.0"},"devDependencies":{"cross-spawn":"^4.0.2","gulp-format-md":"^0.1.10","helper-changelog":"^0.3.0","minimatch":"^3.0.3","mocha":"^3.0.2","yargs-parser":"^4.0.0"},"keywords":["bracket","brackets","character class","expand","expression","posix"],"verb":{"run":true,"toc":false,"layout":"default","tasks":["readme"],"plugins":["gulp-format-md"],"helpers":["helper-changelog"],"related":{"list":["braces","extglob","micromatch","nanomatch"]},"reflinks":["micromatch","verb","verb-generate-readme"],"lint":{"reflinks":true}},"gitHead":"e2ec93c9396a80607d1bef4882bf48c7f38e8454","_id":"expand-brackets@2.0.1","_shasum":"c033bde7d1398100cddcc3e982b295bf4a6cd869","_from":".","_npmVersion":"3.10.3","_nodeVersion":"6.7.0","_npmUser":{"name":"jonschlinkert","email":"github@sellside.com"},"maintainers":[{"name":"jonschlinkert","email":"github@sellside.com"},{"name":"es128","email":"elan.shanker+npm@gmail.com"},{"name":"doowb","email":"brian.woodward@gmail.com"}],"dist":{"shasum":"c033bde7d1398100cddcc3e982b295bf4a6cd869","tarball":"https://registry.npmjs.org/expand-brackets/-/expand-brackets-2.0.1.tgz"},"_npmOperationalInternal":{"host":"packages-12-west.internal.npmjs.com","tmp":"tmp/expand-brackets-2.0.1.tgz_1476337805844_0.32526970468461514"},"directories":{}},"2.1.0":{"name":"expand-brackets","description":"Expand POSIX bracket expressions (character classes) in glob patterns.","version":"2.1.0","homepage":"https://github.com/jonschlinkert/expand-brackets","author":{"name":"Jon Schlinkert","url":"https://github.com/jonschlinkert"},"contributors":[{"name":"Elan Shanker","url":"https://github.com/es128"},{"name":"Eugene Sharygin","url":"https://github.com/eush77"},{"name":"Jon Schlinkert","email":"jon.schlinkert@sellside.com","url":"http://twitter.com/jonschlinkert"},{"name":"Martin Kolárik","email":"martin@kolarik.sk","url":"http://kolarik.sk"}],"repository":{"type":"git","url":"git+https://github.com/jonschlinkert/expand-brackets.git"},"bugs":{"url":"https://github.com/jonschlinkert/expand-brackets/issues"},"license":"MIT","files":["index.js","lib"],"main":"index.js","engines":{"node":">=0.10.0"},"scripts":{"test":"mocha"},"dependencies":{"debug":"^2.2.0","define-property":"^0.2.5","extend-shallow":"^2.0.1","posix-character-classes":"^0.1.0","regex-not":"^1.0.0","snapdragon":"^0.8.1","to-regex":"^3.0.1"},"devDependencies":{"cross-spawn":"^4.0.2","fs-exists-sync":"^0.1.0","gulp-format-md":"^0.1.10","helper-changelog":"^0.3.0","minimatch":"^3.0.3","mocha":"^3.0.2","multimatch":"^2.1.0","yargs-parser":"^4.0.0"},"keywords":["bracket","brackets","character class","expand","expression","posix"],"verb":{"run":true,"toc":false,"layout":"default","tasks":["readme"],"plugins":["gulp-format-md"],"helpers":["helper-changelog"],"related":{"list":["braces","extglob","micromatch","nanomatch"]},"reflinks":["micromatch","verb","verb-generate-readme"],"lint":{"reflinks":true}},"gitHead":"9f34aeb6e5c6e586539d031dffaef41e4a5be278","_id":"expand-brackets@2.1.0","_shasum":"f82c855dd5d729d733088bb06b593008d6647929","_from":".","_npmVersion":"3.10.3","_nodeVersion":"6.7.0","_npmUser":{"name":"jonschlinkert","email":"github@sellside.com"},"maintainers":[{"name":"jonschlinkert","email":"github@sellside.com"},{"name":"es128","email":"elan.shanker+npm@gmail.com"},{"name":"doowb","email":"brian.woodward@gmail.com"}],"dist":{"shasum":"f82c855dd5d729d733088bb06b593008d6647929","tarball":"https://registry.npmjs.org/expand-brackets/-/expand-brackets-2.1.0.tgz"},"_npmOperationalInternal":{"host":"packages-16-east.internal.npmjs.com","tmp":"tmp/expand-brackets-2.1.0.tgz_1476672417774_0.972076951758936"},"directories":{}},"2.1.1":{"name":"expand-brackets","description":"Expand POSIX bracket expressions (character classes) in glob patterns.","version":"2.1.1","homepage":"https://github.com/jonschlinkert/expand-brackets","author":{"name":"Jon Schlinkert","url":"https://github.com/jonschlinkert"},"contributors":[{"name":"Elan Shanker","url":"https://github.com/es128"},{"name":"Eugene Sharygin","url":"https://github.com/eush77"},{"name":"Jon Schlinkert","email":"jon.schlinkert@sellside.com","url":"http://twitter.com/jonschlinkert"},{"name":"Martin Kolárik","email":"martin@kolarik.sk","url":"http://kolarik.sk"}],"repository":{"type":"git","url":"git+https://github.com/jonschlinkert/expand-brackets.git"},"bugs":{"url":"https://github.com/jonschlinkert/expand-brackets/issues"},"license":"MIT","files":["index.js","lib"],"main":"index.js","engines":{"node":">=0.10.0"},"scripts":{"test":"mocha"},"dependencies":{"debug":"^2.2.0","define-property":"^0.2.5","extend-shallow":"^2.0.1","posix-character-classes":"^0.1.0","regex-not":"^1.0.0","snapdragon":"^0.8.1","to-regex":"^3.0.1"},"devDependencies":{"bash-match":"^0.1.1","gulp-format-md":"^0.1.10","helper-changelog":"^0.3.0","minimatch":"^3.0.3","mocha":"^3.0.2","multimatch":"^2.1.0","yargs-parser":"^4.0.0"},"keywords":["bracket","brackets","character class","expand","expression","posix"],"verb":{"run":true,"toc":false,"layout":"default","tasks":["readme"],"plugins":["gulp-format-md"],"helpers":["helper-changelog"],"related":{"list":["braces","extglob","micromatch","nanomatch"]},"reflinks":["micromatch","verb","verb-generate-readme"],"lint":{"reflinks":true}},"gitHead":"5a9b292e582b51b10e58e62e204404c2ebd1cb2a","_id":"expand-brackets@2.1.1","_shasum":"5f1026a2e984a98680862388b3dc5fda1f8ddd7b","_from":".","_npmVersion":"3.10.3","_nodeVersion":"6.7.0","_npmUser":{"name":"jonschlinkert","email":"github@sellside.com"},"maintainers":[{"name":"jonschlinkert","email":"github@sellside.com"},{"name":"es128","email":"elan.shanker+npm@gmail.com"},{"name":"doowb","email":"brian.woodward@gmail.com"}],"dist":{"shasum":"5f1026a2e984a98680862388b3dc5fda1f8ddd7b","tarball":"https://registry.npmjs.org/expand-brackets/-/expand-brackets-2.1.1.tgz"},"_npmOperationalInternal":{"host":"packages-12-west.internal.npmjs.com","tmp":"tmp/expand-brackets-2.1.1.tgz_1476678496119_0.046809958992525935"},"directories":{}},"2.1.2":{"name":"expand-brackets","description":"Expand POSIX bracket expressions (character classes) in glob patterns.","version":"2.1.2","homepage":"https://github.com/jonschlinkert/expand-brackets","author":{"name":"Jon Schlinkert","url":"https://github.com/jonschlinkert"},"contributors":[{"name":"Elan Shanker","url":"https://github.com/es128"},{"name":"Eugene Sharygin","url":"https://github.com/eush77"},{"name":"Jon Schlinkert","email":"jon.schlinkert@sellside.com","url":"http://twitter.com/jonschlinkert"},{"name":"Martin Kolárik","email":"martin@kolarik.sk","url":"http://kolarik.sk"}],"repository":{"type":"git","url":"git+https://github.com/jonschlinkert/expand-brackets.git"},"bugs":{"url":"https://github.com/jonschlinkert/expand-brackets/issues"},"license":"MIT","files":["index.js","lib"],"main":"index.js","engines":{"node":">=0.10.0"},"scripts":{"test":"mocha"},"dependencies":{"debug":"^2.2.0","define-property":"^0.2.5","extend-shallow":"^2.0.1","posix-character-classes":"^0.1.0","regex-not":"^1.0.0","snapdragon":"^0.8.1","to-regex":"^3.0.1"},"devDependencies":{"bash-match":"^0.1.1","gulp-format-md":"^0.1.10","helper-changelog":"^0.3.0","minimatch":"^3.0.3","mocha":"^3.0.2","multimatch":"^2.1.0","yargs-parser":"^4.0.0"},"keywords":["bracket","brackets","character class","expand","expression","posix"],"verb":{"run":true,"toc":false,"layout":"default","tasks":["readme"],"plugins":["gulp-format-md"],"helpers":["helper-changelog"],"related":{"list":["braces","extglob","micromatch","nanomatch"]},"reflinks":["micromatch","verb","verb-generate-readme"],"lint":{"reflinks":true}},"gitHead":"c8da57ee920d50d3d2c4d443a03c2b343b713e79","_id":"expand-brackets@2.1.2","_shasum":"2aa3f57dbb8dfba9b98f4e6fb27def1dc9c3249c","_from":".","_npmVersion":"3.10.3","_nodeVersion":"6.7.0","_npmUser":{"name":"jonschlinkert","email":"github@sellside.com"},"maintainers":[{"name":"jonschlinkert","email":"github@sellside.com"},{"name":"es128","email":"elan.shanker+npm@gmail.com"},{"name":"doowb","email":"brian.woodward@gmail.com"}],"dist":{"shasum":"2aa3f57dbb8dfba9b98f4e6fb27def1dc9c3249c","tarball":"https://registry.npmjs.org/expand-brackets/-/expand-brackets-2.1.2.tgz"},"_npmOperationalInternal":{"host":"packages-12-west.internal.npmjs.com","tmp":"tmp/expand-brackets-2.1.2.tgz_1476999095180_0.8088445148896426"},"directories":{}},"2.1.3":{"name":"expand-brackets","description":"Expand POSIX bracket expressions (character classes) in glob patterns.","version":"2.1.3","homepage":"https://github.com/jonschlinkert/expand-brackets","author":{"name":"Jon Schlinkert","url":"https://github.com/jonschlinkert"},"contributors":[{"name":"Elan Shanker","url":"https://github.com/es128"},{"name":"Eugene Sharygin","url":"https://github.com/eush77"},{"name":"Jon Schlinkert","email":"jon.schlinkert@sellside.com","url":"http://twitter.com/jonschlinkert"},{"name":"Martin Kolárik","email":"martin@kolarik.sk","url":"http://kolarik.sk"}],"repository":{"type":"git","url":"git+https://github.com/jonschlinkert/expand-brackets.git"},"bugs":{"url":"https://github.com/jonschlinkert/expand-brackets/issues"},"license":"MIT","files":["index.js","lib"],"main":"index.js","engines":{"node":">=0.10.0"},"scripts":{"test":"mocha"},"dependencies":{"debug":"^2.2.0","define-property":"^0.2.5","extend-shallow":"^2.0.1","posix-character-classes":"^0.1.0","regex-not":"^1.0.0","snapdragon":"^0.8.1","to-regex":"^3.0.1"},"devDependencies":{"bash-match":"^0.1.1","gulp-format-md":"^0.1.10","helper-changelog":"^0.3.0","minimatch":"^3.0.3","mocha":"^3.0.2","multimatch":"^2.1.0","yargs-parser":"^4.0.0"},"keywords":["bracket","brackets","character class","expand","expression","posix"],"verb":{"run":true,"toc":false,"layout":"default","tasks":["readme"],"plugins":["gulp-format-md"],"helpers":["helper-changelog"],"related":{"list":["braces","extglob","micromatch","nanomatch"]},"reflinks":["micromatch","verb","verb-generate-readme"],"lint":{"reflinks":true}},"gitHead":"c49531250aa2114c7d245d72fcb4bf5ca08c25e5","_id":"expand-brackets@2.1.3","_shasum":"9994b461fd15d86eb8bfb42bcfafc2cca6391ae6","_from":".","_npmVersion":"3.10.3","_nodeVersion":"6.7.0","_npmUser":{"name":"jonschlinkert","email":"github@sellside.com"},"maintainers":[{"name":"jonschlinkert","email":"github@sellside.com"},{"name":"es128","email":"elan.shanker+npm@gmail.com"},{"name":"doowb","email":"brian.woodward@gmail.com"}],"dist":{"shasum":"9994b461fd15d86eb8bfb42bcfafc2cca6391ae6","tarball":"https://registry.npmjs.org/expand-brackets/-/expand-brackets-2.1.3.tgz"},"_npmOperationalInternal":{"host":"packages-12-west.internal.npmjs.com","tmp":"tmp/expand-brackets-2.1.3.tgz_1477026319510_0.07042419677600265"},"directories":{}},"2.1.4":{"name":"expand-brackets","description":"Expand POSIX bracket expressions (character classes) in glob patterns.","version":"2.1.4","homepage":"https://github.com/jonschlinkert/expand-brackets","author":{"name":"Jon Schlinkert","url":"https://github.com/jonschlinkert"},"contributors":[{"name":"Elan Shanker","url":"https://github.com/es128"},{"name":"Eugene Sharygin","url":"https://github.com/eush77"},{"name":"Jon Schlinkert","email":"jon.schlinkert@sellside.com","url":"http://twitter.com/jonschlinkert"},{"name":"Martin Kolárik","email":"martin@kolarik.sk","url":"http://kolarik.sk"}],"repository":{"type":"git","url":"git+https://github.com/jonschlinkert/expand-brackets.git"},"bugs":{"url":"https://github.com/jonschlinkert/expand-brackets/issues"},"license":"MIT","files":["index.js","lib"],"main":"index.js","engines":{"node":">=0.10.0"},"scripts":{"test":"mocha"},"dependencies":{"debug":"^2.3.3","define-property":"^0.2.5","extend-shallow":"^2.0.1","posix-character-classes":"^0.1.0","regex-not":"^1.0.0","snapdragon":"^0.8.1","to-regex":"^3.0.1"},"devDependencies":{"bash-match":"^0.1.1","gulp-format-md":"^0.1.10","helper-changelog":"^0.3.0","minimatch":"^3.0.3","mocha":"^3.0.2","multimatch":"^2.1.0","yargs-parser":"^4.0.0"},"keywords":["bracket","brackets","character class","expand","expression","posix"],"verb":{"run":true,"toc":false,"layout":"default","tasks":["readme"],"plugins":["gulp-format-md"],"helpers":["helper-changelog"],"related":{"list":["braces","extglob","micromatch","nanomatch"]},"reflinks":["micromatch","verb","verb-generate-readme"],"lint":{"reflinks":true}},"gitHead":"9a0ec493825eb0aa9368c158927ca4ace945fefa","_id":"expand-brackets@2.1.4","_shasum":"b77735e315ce30f6b6eff0f83b04151a22449622","_from":".","_npmVersion":"3.10.9","_nodeVersion":"6.9.2","_npmUser":{"name":"jonschlinkert","email":"github@sellside.com"},"maintainers":[{"name":"jonschlinkert","email":"github@sellside.com"},{"name":"es128","email":"elan.shanker+npm@gmail.com"},{"name":"doowb","email":"brian.woodward@gmail.com"}],"dist":{"shasum":"b77735e315ce30f6b6eff0f83b04151a22449622","tarball":"https://registry.npmjs.org/expand-brackets/-/expand-brackets-2.1.4.tgz"},"_npmOperationalInternal":{"host":"packages-12-west.internal.npmjs.com","tmp":"tmp/expand-brackets-2.1.4.tgz_1481570588748_0.128354384098202"},"directories":{}}},"readme":"# expand-brackets [![NPM version](https://img.shields.io/npm/v/expand-brackets.svg?style=flat)](https://www.npmjs.com/package/expand-brackets) [![NPM monthly downloads](https://img.shields.io/npm/dm/expand-brackets.svg?style=flat)](https://npmjs.org/package/expand-brackets)  [![NPM total downloads](https://img.shields.io/npm/dt/expand-brackets.svg?style=flat)](https://npmjs.org/package/expand-brackets) [![Linux Build Status](https://img.shields.io/travis/jonschlinkert/expand-brackets.svg?style=flat&label=Travis)](https://travis-ci.org/jonschlinkert/expand-brackets) [![Windows Build Status](https://img.shields.io/appveyor/ci/jonschlinkert/expand-brackets.svg?style=flat&label=AppVeyor)](https://ci.appveyor.com/project/jonschlinkert/expand-brackets)\n\n> Expand POSIX bracket expressions (character classes) in glob patterns.\n\n## Install\n\nInstall with [npm](https://www.npmjs.com/):\n\n```sh\n$ npm install --save expand-brackets\n```\n\n## Usage\n\n```js\nvar brackets = require('expand-brackets');\nbrackets(string[, options]);\n```\n\n**Params**\n\nThe main export is a function that takes the following parameters:\n\n* `pattern` **{String}**: the pattern to convert\n* `options` **{Object}**: optionally supply an options object\n* `returns` **{String}**: returns a string that can be used to create a regex\n\n**Example**\n\n```js\nconsole.log(brackets('[![:lower:]]'));\n//=> '[^a-z]'\n```\n\n## API\n\n### [brackets](index.js#L29)\n\nParses the given POSIX character class `pattern` and returns a\nstring that can be used for creating regular expressions for matching.\n\n**Params**\n\n* `pattern` **{String}**\n* `options` **{Object}**\n* `returns` **{Object}**\n\n### [.match](index.js#L54)\n\nTakes an array of strings and a POSIX character class pattern, and returns a new array with only the strings that matched the pattern.\n\n**Example**\n\n```js\nvar brackets = require('expand-brackets');\nconsole.log(brackets.match(['1', 'a', 'ab'], '[[:alpha:]]'));\n//=> ['a']\n\nconsole.log(brackets.match(['1', 'a', 'ab'], '[[:alpha:]]+'));\n//=> ['a', 'ab']\n```\n\n**Params**\n\n* `arr` **{Array}**: Array of strings to match\n* `pattern` **{String}**: POSIX character class pattern(s)\n* `options` **{Object}**\n* `returns` **{Array}**\n\n### [.isMatch](index.js#L100)\n\nReturns true if the specified `string` matches the given brackets `pattern`.\n\n**Example**\n\n```js\nvar brackets = require('expand-brackets');\n\nconsole.log(brackets.isMatch('a.a', '[[:alpha:]].[[:alpha:]]'));\n//=> true\nconsole.log(brackets.isMatch('1.2', '[[:alpha:]].[[:alpha:]]'));\n//=> false\n```\n\n**Params**\n\n* `string` **{String}**: String to match\n* `pattern` **{String}**: Poxis pattern\n* `options` **{String}**\n* `returns` **{Boolean}**\n\n### [.matcher](index.js#L123)\n\nTakes a POSIX character class pattern and returns a matcher function. The returned function takes the string to match as its only argument.\n\n**Example**\n\n```js\nvar brackets = require('expand-brackets');\nvar isMatch = brackets.matcher('[[:lower:]].[[:upper:]]');\n\nconsole.log(isMatch('a.a'));\n//=> false\nconsole.log(isMatch('a.A'));\n//=> true\n```\n\n**Params**\n\n* `pattern` **{String}**: Poxis pattern\n* `options` **{String}**\n* `returns` **{Boolean}**\n\n### [.makeRe](index.js#L145)\n\nCreate a regular expression from the given `pattern`.\n\n**Example**\n\n```js\nvar brackets = require('expand-brackets');\nvar re = brackets.makeRe('[[:alpha:]]');\nconsole.log(re);\n//=> /^(?:[a-zA-Z])$/\n```\n\n**Params**\n\n* `pattern` **{String}**: The pattern to convert to regex.\n* `options` **{Object}**\n* `returns` **{RegExp}**\n\n### [.create](index.js#L187)\n\nParses the given POSIX character class `pattern` and returns an object with the compiled `output` and optional source `map`.\n\n**Example**\n\n```js\nvar brackets = require('expand-brackets');\nconsole.log(brackets('[[:alpha:]]'));\n// { options: { source: 'string' },\n//   input: '[[:alpha:]]',\n//   state: {},\n//   compilers:\n//    { eos: [Function],\n//      noop: [Function],\n//      bos: [Function],\n//      not: [Function],\n//      escape: [Function],\n//      text: [Function],\n//      posix: [Function],\n//      bracket: [Function],\n//      'bracket.open': [Function],\n//      'bracket.inner': [Function],\n//      'bracket.literal': [Function],\n//      'bracket.close': [Function] },\n//   output: '[a-zA-Z]',\n//   ast:\n//    { type: 'root',\n//      errors: [],\n//      nodes: [ [Object], [Object], [Object] ] },\n//   parsingErrors: [] }\n```\n\n**Params**\n\n* `pattern` **{String}**\n* `options` **{Object}**\n* `returns` **{Object}**\n\n## Options\n\n### options.sourcemap\n\nGenerate a source map for the given pattern.\n\n**Example**\n\n```js\nvar res = brackets('[:alpha:]', {sourcemap: true});\n\nconsole.log(res.map);\n// { version: 3,\n//   sources: [ 'brackets' ],\n//   names: [],\n//   mappings: 'AAAA,MAAS',\n//   sourcesContent: [ '[:alpha:]' ] }\n```\n\n### POSIX Character classes\n\nThe following named POSIX bracket expressions are supported:\n\n* `[:alnum:]`: Alphanumeric characters (`a-zA-Z0-9]`)\n* `[:alpha:]`: Alphabetic characters (`a-zA-Z]`)\n* `[:blank:]`: Space and tab (`[ t]`)\n* `[:digit:]`: Digits (`[0-9]`)\n* `[:lower:]`: Lowercase letters (`[a-z]`)\n* `[:punct:]`: Punctuation and symbols. (`[!\"#$%&'()*+, -./:;<=>?@ [\\]^_``{|}~]`)\n* `[:upper:]`: Uppercase letters (`[A-Z]`)\n* `[:word:]`: Word characters (letters, numbers and underscores) (`[A-Za-z0-9_]`)\n* `[:xdigit:]`: Hexadecimal digits (`[A-Fa-f0-9]`)\n\nSee [posix-character-classes](https://github.com/jonschlinkert/posix-character-classes) for more details.\n\n**Not supported**\n\n* [equivalence classes](https://www.gnu.org/software/gawk/manual/html_node/Bracket-Expressions.html) are not supported\n* [POSIX.2 collating symbols](https://www.gnu.org/software/gawk/manual/html_node/Bracket-Expressions.html) are not supported\n\n## Changelog\n\n### v2.0.0\n\n**Breaking changes**\n\n* The main export now returns the compiled string, instead of the object returned from the compiler\n\n**Added features**\n\n* Adds a `.create` method to do what the main function did before v2.0.0\n\n### v0.2.0\n\nIn addition to performance and matching improvements, the v0.2.0 refactor adds complete POSIX character class support, with the exception of equivalence classes and POSIX.2 collating symbols which are not relevant to node.js usage.\n\n**Added features**\n\n* parser is exposed, so that expand-brackets parsers can be used by upstream parsers (like [micromatch](https://github.com/jonschlinkert/micromatch))\n* compiler is exposed, so that expand-brackets compilers can be used by upstream compilers\n* source maps\n\n**source map example**\n\n```js\nvar brackets = require('expand-brackets');\nvar res = brackets('[:alpha:]');\nconsole.log(res.map);\n\n{ version: 3,\n     sources: [ 'brackets' ],\n     names: [],\n     mappings: 'AAAA,MAAS',\n     sourcesContent: [ '[:alpha:]' ] }\n```\n\n## About\n\n### Related projects\n\n* [braces](https://www.npmjs.com/package/braces): Fast, comprehensive, bash-like brace expansion implemented in JavaScript. Complete support for the Bash 4.3 braces… [more](https://github.com/jonschlinkert/braces) | [homepage](https://github.com/jonschlinkert/braces \"Fast, comprehensive, bash-like brace expansion implemented in JavaScript. Complete support for the Bash 4.3 braces specification, without sacrificing speed.\")\n* [extglob](https://www.npmjs.com/package/extglob): Extended glob support for JavaScript. Adds (almost) the expressive power of regular expressions to glob… [more](https://github.com/jonschlinkert/extglob) | [homepage](https://github.com/jonschlinkert/extglob \"Extended glob support for JavaScript. Adds (almost) the expressive power of regular expressions to glob patterns.\")\n* [micromatch](https://www.npmjs.com/package/micromatch): Glob matching for javascript/node.js. A drop-in replacement and faster alternative to minimatch and multimatch. | [homepage](https://github.com/jonschlinkert/micromatch \"Glob matching for javascript/node.js. A drop-in replacement and faster alternative to minimatch and multimatch.\")\n* [nanomatch](https://www.npmjs.com/package/nanomatch): Fast, minimal glob matcher for node.js. Similar to micromatch, minimatch and multimatch, but complete Bash… [more](https://github.com/jonschlinkert/nanomatch) | [homepage](https://github.com/jonschlinkert/nanomatch \"Fast, minimal glob matcher for node.js. Similar to micromatch, minimatch and multimatch, but complete Bash 4.3 wildcard support only (no support for exglobs, posix brackets or braces)\")\n\n### Contributing\n\nPull requests and stars are always welcome. For bugs and feature requests, [please create an issue](../../issues/new).\n\n### Contributors\n\n| **Commits** | **Contributor**<br/> | \n| --- | --- |\n| 66 | [jonschlinkert](https://github.com/jonschlinkert) |\n| 2 | [MartinKolarik](https://github.com/MartinKolarik) |\n| 2 | [es128](https://github.com/es128) |\n| 1 | [eush77](https://github.com/eush77) |\n\n### Building docs\n\n_(This document was generated by [verb-generate-readme](https://github.com/verbose/verb-generate-readme) (a [verb](https://github.com/verbose/verb) generator), please don't edit the readme directly. Any changes to the readme must be made in [.verb.md](.verb.md).)_\n\nTo generate the readme and API documentation with [verb](https://github.com/verbose/verb):\n\n```sh\n$ npm install -g verb verb-generate-readme && verb\n```\n\n### Running tests\n\nInstall dev dependencies:\n\n```sh\n$ npm install -d && npm test\n```\n\n### Author\n\n**Jon Schlinkert**\n\n* [github/jonschlinkert](https://github.com/jonschlinkert)\n* [twitter/jonschlinkert](http://twitter.com/jonschlinkert)\n\n### License\n\nCopyright © 2016, [Jon Schlinkert](https://github.com/jonschlinkert).\nReleased under the [MIT license](https://github.com/jonschlinkert/expand-brackets/blob/master/LICENSE).\n\n***\n\n_This file was generated by [verb-generate-readme](https://github.com/verbose/verb-generate-readme), v0.2.0, on December 12, 2016._","maintainers":[{"name":"jonschlinkert","email":"github@sellside.com"},{"name":"es128","email":"elan.shanker+npm@gmail.com"},{"name":"doowb","email":"brian.woodward@gmail.com"}],"time":{"modified":"2016-12-12T19:23:10.778Z","created":"2015-02-11T10:24:03.917Z","0.1.0":"2015-02-11T10:24:03.917Z","0.1.1":"2015-02-11T10:44:26.271Z","0.1.2":"2015-07-22T01:27:33.186Z","0.1.3":"2015-08-03T20:28:34.845Z","0.1.4":"2015-08-21T09:17:51.822Z","0.1.5":"2016-04-01T23:48:28.244Z","1.0.0":"2016-09-27T06:46:19.130Z","2.0.0":"2016-10-08T09:20:31.532Z","2.0.1":"2016-10-13T05:50:07.800Z","2.1.0":"2016-10-17T02:46:59.518Z","2.1.1":"2016-10-17T04:28:17.990Z","2.1.2":"2016-10-20T21:31:37.191Z","2.1.3":"2016-10-21T05:05:21.682Z","2.1.4":"2016-12-12T19:23:10.778Z"},"homepage":"https://github.com/jonschlinkert/expand-brackets","keywords":["bracket","brackets","character class","expand","expression","posix"],"repository":{"type":"git","url":"git+https://github.com/jonschlinkert/expand-brackets.git"},"author":{"name":"Jon Schlinkert","url":"https://github.com/jonschlinkert"},"bugs":{"url":"https://github.com/jonschlinkert/expand-brackets/issues"},"license":"MIT","readmeFilename":"README.md","users":{"jonschlinkert":true},"contributors":[{"name":"Elan Shanker","url":"https://github.com/es128"},{"name":"Eugene Sharygin","url":"https://github.com/eush77"},{"name":"Jon Schlinkert","email":"jon.schlinkert@sellside.com","url":"http://twitter.com/jonschlinkert"},{"name":"Martin Kolárik","email":"martin@kolarik.sk","url":"http://kolarik.sk"}],"_attachments":{},"_etag":"W/\"584ef91e-9712\"","_lastModified":"Mon, 12 Dec 2016 19:23:10 GMT"}