{"digest":"7843074dd162b61c7fc9ff62d55eccfbfcdb78d5","css":".deprecation-cop-status .icon.icon-alert:before {\n  width: 17px;\n}\n.deprecation-cop {\n  overflow: auto;\n  -webkit-flex: 1;\n  background-color: #263238 !important;\n}\n.deprecation-cop .deprecation-overview:after {\n  content: '';\n  clear: both;\n  display: block;\n}\n.deprecation-cop .deprecation-info {\n  padding: 0 10px;\n}\n.deprecation-cop .deprecation-info:hover {\n  background-color: #303337 !important;\n}\n.deprecation-cop .deprecation-detail.list-item {\n  white-space: normal;\n  clear: both;\n}\n.deprecation-cop .deprecation-detail.list-item .deprecation-message {\n  padding: 5px 0 5px 28px;\n  line-height: 1.4;\n  font-size: 12px;\n}\n.deprecation-cop .deprecation-detail.list-item .deprecation-message p:last-child {\n  margin-bottom: 0;\n}\n.deprecation-cop .deprecation-detail.list-item .icon-alert {\n  margin-top: 5px;\n  float: left;\n}\n.deprecation-cop .collapsed > ul {\n  display: none;\n}\n.deprecation-cop .list {\n  list-style-type: none;\n  padding: 0;\n}\n.deprecation-cop .stack-trace {\n  background-color: #263238;\n  padding: 10px;\n  margin-bottom: 10px;\n}\n.deprecation-cop a {\n  color: #d9dbde;\n}\n","imports":[{"path":"static\\variables\\ui-variables.less","digest":"e3029f763111ec391f6dcea8178d35be7c798b4f"},{"path":"static\\variables\\syntax-variables.less","digest":"812c1b7883a023f768773d14294653adcdb932d7"},{"path":"C:\\Users\\JRodr\\.atom\\packages\\material-ui\\styles\\ui-variables.less","digest":"45819ad5bbf7b4233dbc3fad269f8a93510eee14"},{"path":"node_modules\\atom-dark-syntax\\styles\\syntax-variables.less","digest":"df71fe29adb4c75717824afcb98e8d17e62d9e5d"}],"version":1}