{"digest":"94a4e5686f44ee11498da9082a920a7049eca8a4","css":".tree-view-resizer {\n  position: relative;\n  height: 100%;\n  overflow: hidden;\n  cursor: default;\n  -webkit-user-select: none;\n  min-width: 100px;\n  width: 200px;\n  z-index: 2;\n  display: flex;\n  flex-direction: column;\n}\n.tree-view-resizer > .order--start {\n  order: -10;\n}\n.tree-view-resizer > .order--center {\n  order: 0;\n}\n.tree-view-resizer > .order--end {\n  order: 10;\n}\n.tree-view-resizer .tree-view-resize-handle {\n  position: absolute;\n  top: 0;\n  bottom: 0;\n  width: 10px;\n  cursor: col-resize;\n  z-index: 3;\n}\n.tree-view-resizer[data-show-on-right-side='true'] .tree-view-resize-handle {\n  left: -5px;\n}\n.tree-view-resizer[data-show-on-right-side='false'] .tree-view-resize-handle {\n  right: -5px;\n}\n.project-root-header {\n  -webkit-user-drag: element;\n}\n.tree-view-scroller {\n  display: flex;\n  flex-direction: column;\n  flex: 1;\n  width: 100%;\n  overflow: auto;\n}\n.tree-view {\n  flex-grow: 1;\n  flex-shrink: 0;\n  /*\n   * Force a new stacking context to prevent a large, duplicate paint layer from\n   * being created for tree-view's scrolling contents that can make the cost of\n   * layer tree updates scale at 3x the size of the layer rather than the\n   * optimal 1x.\n   *\n   * On high resolution displays, Chromium handles layers for scrolling content\n   * differently and inadvertently creates a duplicate paint layer the size of\n   * .tree-view-scroller because descendants of the scroller overlap the\n   * auto-created layer.\n   */\n  isolation: isolate;\n  min-width: -webkit-min-content;\n  min-height: 100%;\n  padding-left: 5px;\n  padding-right: 10px;\n  position: relative;\n  /* Drag and Drop */\n}\n.tree-view .header {\n  position: relative;\n}\n.tree-view .list-tree {\n  position: static;\n}\n.tree-view .entry::before {\n  content: '';\n  position: absolute;\n}\n.tree-view .placeholder {\n  position: absolute;\n  left: 5px;\n  padding: 0;\n  z-index: 999;\n  display: inline-block;\n  width: calc(100% - 5px);\n  background: #0088ff;\n  list-style: none;\n  pointer-events: none;\n}\n.tree-view .placeholder:before {\n  content: \"\";\n  position: absolute;\n  height: 2px;\n  margin: -1px;\n  padding: 0;\n  width: inherit;\n  background: inherit;\n}\n.tree-view .placeholder:after {\n  content: \"\";\n  position: absolute;\n  left: 0;\n  margin-top: -2px;\n  margin-left: -1px;\n  width: 4px;\n  height: 4px;\n  background: #0088ff;\n  border-radius: 4px;\n  border: 1px solid transparent;\n}\n.tree-view .placeholder:first-child {\n  margin-top: 1px;\n}\n.platform-win32 .tree-view-resizer .tree-view-resize-handle {\n  cursor: ew-resize;\n}\n","imports":[{"path":"static\\variables\\ui-variables.less","digest":"e3029f763111ec391f6dcea8178d35be7c798b4f"},{"path":"static\\variables\\syntax-variables.less","digest":"812c1b7883a023f768773d14294653adcdb932d7"},{"path":"C:\\Users\\JRodr\\.atom\\packages\\material-ui\\styles\\ui-variables.less","digest":"45819ad5bbf7b4233dbc3fad269f8a93510eee14"},{"path":"node_modules\\one-dark-syntax\\styles\\syntax-variables.less","digest":"3c7face5194cc85d83f478b41471c2ac17f6bef1"},{"path":"node_modules\\one-dark-syntax\\styles\\colors.less","digest":"66bba03e9aabff000a84c2839a9d3e9a9fa08e0e"}],"version":1}