{"digest":"9388e1cd27b0b0fd67e21bdbc809d996b8d27706","css":".incompatible-packages {\n  background-color: #263238;\n  overflow-y: scroll;\n}\n.incompatible-packages .incompatible-package {\n  padding: 15px;\n  margin-bottom: 10px;\n  border-radius: 6px;\n  border: 1px solid #d1d1d2;\n  background-color: #fafafa;\n  overflow: hidden;\n}\n.incompatible-packages .incompatible-package .badge {\n  margin-left: 1em;\n}\n.incompatible-packages .incompatible-package .heading {\n  margin-top: 0px;\n}\n.incompatible-packages .incompatible-package ul {\n  padding-left: 1em;\n}\n.incompatible-packages .incompatible-package li {\n  list-style-type: none;\n}\n.incompatible-packages .incompatible-package pre {\n  margin-top: 2em;\n  max-height: 25em;\n  overflow: scroll;\n  color: #ff6347;\n}\n.incompatible-packages-status {\n  padding-left: 2px;\n}\n","imports":[{"path":"static\\variables\\ui-variables.less","digest":"e3029f763111ec391f6dcea8178d35be7c798b4f"},{"path":"static\\variables\\syntax-variables.less","digest":"812c1b7883a023f768773d14294653adcdb932d7"},{"path":"C:\\Users\\JRodr\\.atom\\packages\\material-ui\\styles\\ui-variables.less","digest":"45819ad5bbf7b4233dbc3fad269f8a93510eee14"},{"path":"node_modules\\one-dark-syntax\\styles\\syntax-variables.less","digest":"3c7face5194cc85d83f478b41471c2ac17f6bef1"},{"path":"node_modules\\one-dark-syntax\\styles\\colors.less","digest":"66bba03e9aabff000a84c2839a9d3e9a9fa08e0e"}],"version":1}