{"_id":"sb-npm-path","_rev":"3-4e69d84a3b78cd6c7a2f2eafdd64705d","name":"sb-npm-path","description":"Get PATH of your node runtime and modules","dist-tags":{"latest":"2.0.0"},"versions":{"1.0.0":{"name":"sb-npm-path","version":"1.0.0","description":"Get PATH of your node runtime and modules","main":"lib/index.js","scripts":{"test":"apm test","compile":"ucompiler go","lint":"eslint .","watch":"ucompiler watch"},"repository":{"type":"git","url":"git+ssh://git@github.com/steelbrain/npm-path.git"},"keywords":["memoize"],"author":{"name":"steelbrain"},"license":"MIT","bugs":{"url":"https://github.com/steelbrain/npm-path/issues"},"homepage":"https://github.com/steelbrain/npm-path#readme","devDependencies":{"eslint":"^2.5.0","babel-eslint":"^6.0.0","babel-preset-steelbrain":"^2.0.1","eslint-config-airbnb":"^6.0.2","eslint-plugin-react":"^4.2.1","ucompiler":"^3.1.8","ucompiler-plugin-babel":"^3.1.1"},"dependencies":{"sb-memoize":"^1.0.1","sb-promisify":"^1.2.0"},"gitHead":"81eaf3dcbc6256bc56e36291c03071b5812ce6d5","_id":"sb-npm-path@1.0.0","_shasum":"5d8295e73e26601a6b30bf3bc7720754c3f291ac","_from":".","_npmVersion":"3.7.3","_nodeVersion":"5.9.0","_npmUser":{"name":"steelbrain","email":"de.steelbrain@gmail.com"},"dist":{"shasum":"5d8295e73e26601a6b30bf3bc7720754c3f291ac","tarball":"https://registry.npmjs.org/sb-npm-path/-/sb-npm-path-1.0.0.tgz"},"maintainers":[{"name":"steelbrain","email":"de.steelbrain@gmail.com"}],"_npmOperationalInternal":{"host":"packages-16-east.internal.npmjs.com","tmp":"tmp/sb-npm-path-1.0.0.tgz_1459263713008_0.29412122280336916"},"directories":{}},"1.0.1":{"name":"sb-npm-path","version":"1.0.1","description":"Get PATH of your node runtime and modules","main":"lib/index.js","scripts":{"test":"apm test","compile":"ucompiler go","lint":"eslint .","watch":"ucompiler watch"},"repository":{"type":"git","url":"git+ssh://git@github.com/steelbrain/npm-path.git"},"keywords":["memoize"],"author":{"name":"steelbrain"},"license":"MIT","bugs":{"url":"https://github.com/steelbrain/npm-path/issues"},"homepage":"https://github.com/steelbrain/npm-path#readme","devDependencies":{"babel-preset-steelbrain":"^2.0.1","eslint-config-steelbrain":"^1.0.1","ucompiler":"^3.1.8","ucompiler-plugin-babel":"^3.1.1"},"dependencies":{"sb-memoize":"^1.0.1","sb-promisify":"^1.2.0"},"gitHead":"247ab55d527ea922a63351c69786c1f612de3855","_id":"sb-npm-path@1.0.1","_shasum":"939687fa997d0960d1103045ebfb1c4674af5691","_from":".","_npmVersion":"3.10.3","_nodeVersion":"6.3.0","_npmUser":{"name":"steelbrain","email":"de.steelbrain@gmail.com"},"dist":{"shasum":"939687fa997d0960d1103045ebfb1c4674af5691","tarball":"https://registry.npmjs.org/sb-npm-path/-/sb-npm-path-1.0.1.tgz"},"maintainers":[{"name":"steelbrain","email":"de.steelbrain@gmail.com"}],"_npmOperationalInternal":{"host":"packages-16-east.internal.npmjs.com","tmp":"tmp/sb-npm-path-1.0.1.tgz_1468239819131_0.49820698029361665"},"directories":{}},"2.0.0":{"name":"sb-npm-path","version":"2.0.0","description":"Get PATH of your node runtime and modules","main":"lib/index.js","scripts":{"test":"(apm test) && (flow check | grep -q '0 errors') && (eslint . )","clean":"rm -rf lib","compile":"npm run clean && babel src --out-dir lib","watch":"npm run clean && babel src --out-dir lib --watch"},"repository":{"type":"git","url":"git+ssh://git@github.com/steelbrain/npm-path.git"},"author":{"name":"steelbrain"},"license":"MIT","bugs":{"url":"https://github.com/steelbrain/npm-path/issues"},"homepage":"https://github.com/steelbrain/npm-path#readme","devDependencies":{"babel-cli":"^6.10.1","babel-plugin-for-of-efficient":"^1.0.0","babel-preset-steelbrain":"^4.0.1","eslint-config-steelbrain":"^1.0.4","flow-bin":"^0.31.1"},"dependencies":{"sb-memoize":"^1.0.2","sb-promisify":"^2.0.1"},"gitHead":"1f0a180875ee9b24772fb5d7f105db1e6d16afda","_id":"sb-npm-path@2.0.0","_shasum":"0f6cc2cf371debca7d936ed76b7d4c3cc1eb3d58","_from":".","_npmVersion":"3.10.3","_nodeVersion":"6.3.1","_npmUser":{"name":"steelbrain","email":"i@steelbrain.me"},"dist":{"shasum":"0f6cc2cf371debca7d936ed76b7d4c3cc1eb3d58","tarball":"https://registry.npmjs.org/sb-npm-path/-/sb-npm-path-2.0.0.tgz"},"maintainers":[{"name":"steelbrain","email":"de.steelbrain@gmail.com"}],"_npmOperationalInternal":{"host":"packages-12-west.internal.npmjs.com","tmp":"tmp/sb-npm-path-2.0.0.tgz_1472095380656_0.9573639910668135"},"directories":{}}},"readme":"NPM-Path\n=========\n\nNPM-Path is a helper node module that gives you `PATH` value including all the locally installed npm bins.\n\n## Installation\n\n```sh\nnpm install --save sb-npm-path\n```\n\n## API\n\n```js\nfunction getPATH(rootDirectory?: string): string\nfunction getPATHAsync(rootDirectory?: string): Promise<string>\nfunction clearCache(): void\n\nexport default getPATH\nexport { clearCache, getPATHAsync as async }\n```\n\n## Examples\n```js\nimport { exec } from 'sb-exec'\nimport npmPath from 'npm-path'\n\nexport default async function run() {\n  const PATH = await npmPath.async(__dirname)\n  return await exec('mocha', { env: { PATH } })\n}\n```\n\n## License\n\nThis project is licensed under the terms of MIT License, see the LICENSE file for more info\n","maintainers":[{"name":"steelbrain","email":"de.steelbrain@gmail.com"}],"time":{"modified":"2016-08-25T03:23:02.188Z","created":"2016-03-29T15:01:54.016Z","1.0.0":"2016-03-29T15:01:54.016Z","1.0.1":"2016-07-11T12:23:40.671Z","2.0.0":"2016-08-25T03:23:02.188Z"},"homepage":"https://github.com/steelbrain/npm-path#readme","repository":{"type":"git","url":"git+ssh://git@github.com/steelbrain/npm-path.git"},"author":{"name":"steelbrain"},"bugs":{"url":"https://github.com/steelbrain/npm-path/issues"},"license":"MIT","readmeFilename":"README.md","_attachments":{},"_etag":"W/\"57be6496-1663\"","_lastModified":"Thu, 25 Aug 2016 03:23:02 GMT","_cached":true}