{"_id":"print","_rev":"7-0b82264cc0f78e80f312574d4a9364a5","name":"print","description":"Generate a human-readable representation of a value.","dist-tags":{"latest":"1.0.2"},"versions":{"0.0.0":{"name":"print","version":"0.0.0","author":{"name":"Brian White","email":"mscdex@mscdex.net"},"description":"A node.js module for communicating with printers","main":"./print","engines":{"node":">=0.6.0"},"keywords":["print","printing","printers","ipp","cups"],"licenses":[{"type":"MIT","url":"http://github.com/mscdex/print/raw/master/LICENSE"}],"repository":{"type":"git","url":"http://github.com/mscdex/print.git"},"_id":"print@0.0.0","dist":{"shasum":"d9c3c9637e8c6e826453b6fb0f8f4222963d91d5","tarball":"https://registry.npmjs.org/print/-/print-0.0.0.tgz"},"scripts":{},"maintainers":[{"name":"mscdex","email":"mscdex@mscdex.net"}],"directories":{}},"1.0.0":{"name":"print","version":"1.0.0","description":"Generate a human-readable representation of a value.","author":{"name":"John Gardner","email":"gardnerjohng@gmail.com"},"keywords":["stringify","trace","debug","outline","format","string"],"repository":{"type":"git","url":"git+https://github.com/Alhadis/Print.git"},"license":"ISC","engines":{"node":">=6.0.0"},"main":"print.js","files":["print.js"],"devDependencies":{"mocha":"*","chai":"*"},"gitHead":"feb565b39f3887a6f8adbb14375071937ade4cc6","bugs":{"url":"https://github.com/Alhadis/Print/issues"},"homepage":"https://github.com/Alhadis/Print#readme","_id":"print@1.0.0","scripts":{},"_shasum":"d9b6a8a995835833257d66a3744d45db48756430","_from":".","_npmVersion":"3.10.7","_nodeVersion":"6.4.0","_npmUser":{"name":"alhadis","email":"gardnerjohng@gmail.com"},"dist":{"shasum":"d9b6a8a995835833257d66a3744d45db48756430","tarball":"https://registry.npmjs.org/print/-/print-1.0.0.tgz"},"maintainers":[{"name":"alhadis","email":"gardnerjohng@gmail.com"}],"_npmOperationalInternal":{"host":"packages-12-west.internal.npmjs.com","tmp":"tmp/print-1.0.0.tgz_1472127188979_0.3335976996459067"},"directories":{}},"1.0.1":{"name":"print","version":"1.0.1","description":"Generate a human-readable representation of a value.","author":{"name":"John Gardner","email":"gardnerjohng@gmail.com"},"keywords":["stringify","trace","debug","outline","format","string"],"repository":{"type":"git","url":"git+https://github.com/Alhadis/Print.git"},"license":"ISC","engines":{"node":">=6.0.0"},"main":"print.js","files":["print.js"],"devDependencies":{"mocha":"*","chai":"*","chai-untab":"*"},"gitHead":"0992c9601a790105de87dd0f882bb8363172d893","bugs":{"url":"https://github.com/Alhadis/Print/issues"},"homepage":"https://github.com/Alhadis/Print#readme","_id":"print@1.0.1","scripts":{},"_shasum":"7114cef5b043de02f34b5620ed157467ae9d6431","_from":".","_npmVersion":"3.10.8","_nodeVersion":"6.7.0","_npmUser":{"name":"alhadis","email":"gardnerjohng@gmail.com"},"dist":{"shasum":"7114cef5b043de02f34b5620ed157467ae9d6431","tarball":"https://registry.npmjs.org/print/-/print-1.0.1.tgz"},"maintainers":[{"name":"alhadis","email":"gardnerjohng@gmail.com"}],"_npmOperationalInternal":{"host":"packages-16-east.internal.npmjs.com","tmp":"tmp/print-1.0.1.tgz_1475311257036_0.8998458064161241"},"directories":{}},"1.0.2":{"name":"print","version":"1.0.2","description":"Generate a human-readable representation of a value.","author":{"name":"John Gardner","email":"gardnerjohng@gmail.com"},"keywords":["stringify","trace","debug","outline","format","string"],"repository":{"type":"git","url":"git+https://github.com/Alhadis/Print.git"},"license":"ISC","engines":{"node":">=6.0.0"},"main":"print.js","files":["print.js"],"devDependencies":{"mocha":"*","chai":"*","chai-untab":"*"},"gitHead":"3ba579cc0829118f4713f38bff5118736a41f073","bugs":{"url":"https://github.com/Alhadis/Print/issues"},"homepage":"https://github.com/Alhadis/Print#readme","_id":"print@1.0.2","scripts":{},"_shasum":"642af8a9ccdb17ab194ca6984557df2a425b0839","_from":".","_npmVersion":"3.10.10","_nodeVersion":"7.3.0","_npmUser":{"name":"alhadis","email":"gardnerjohng@gmail.com"},"dist":{"shasum":"642af8a9ccdb17ab194ca6984557df2a425b0839","tarball":"https://registry.npmjs.org/print/-/print-1.0.2.tgz"},"maintainers":[{"name":"alhadis","email":"gardnerjohng@gmail.com"}],"_npmOperationalInternal":{"host":"packages-12-west.internal.npmjs.com","tmp":"tmp/print-1.0.2.tgz_1482371840580_0.8103754697367549"},"directories":{}}},"readme":"Print\n=====\n\nGenerate a human-readable representation of a value. Focussed on producing clean\nand *accurate* depictions of data. Suitable for debugging and generating diffs.\n\n\nUsage\n-----\n\n```js\nconst print = require(\"print\");\nlet output = print({\n    foo: \"bar\",\n    baz: \"quux\",\n    list: [1, 2, 3, 4, \"five\"]\n});\nconsole.log(output);\n\nprint.out(obj); // Shortcut for console.log(print(obj));\n```\n\n\n### Comparison with built-in functions\n~~~~~~~~~~~~~~~~~~~~~~~~~~~~~~~~~~~~~~\nprint                JSON.stringify          util.inspect\n\n{                    {                       { foo: 'bar',\n    baz: \"quux\"          \"foo\": \"bar\",         baz: 'quux',\n    foo: \"bar\"           \"baz\": \"quux\",        list:\n    list: [              \"list\": [             [ 1,\n        1                    1,                  2,\n        2                    2,                  3,\n        3                    3,                  4,\n        4                    4,                  'five' ] }\n        \"five\"               \"five\"\n    ]                    ]\n}                    }\n~~~~~~~~~~~~~~~~~~~~~~~~~~~~~~~~~~~~~~\n\n`print` also handles circular references by showing a `->` pointing to where the\nobject was first mentioned. For example, the following code:\n\n```js\nconst A = {};\nconst B = {foo: A};\nprint({A, B});\n```\n\nWill produce:\n~~~\n{\n    A: {}\n    B: {\n        foo: -> A\n    }\n}\n~~~\n\n\n\nOptions\n-------\nAn optional second parameter can be passed to refine `print`'s output.\n\nAvailable options and their default values are listed below:\n\n```js\nprint(input, {\n    ampedSymbols:     true,\n    escapeChars:      /(?!\\x20)\\s|\\\\/g,\n    maxArrayLength:   100,\n    showArrayIndices: false,\n    showArrayLength:  false,\n    sortProps:        true\n});\n```\n\n\n### ampedSymbols\n[Boolean]  \nPrefix [Symbol]-keyed properties with `@@`. Disable to show `Symbol(…)` instead.\n\n\n\n### escapeChars\n[RegExp] | [Function]  \nWhat characters, if any, are escaped in string values.\n\nBy default, anything that alters the output's meaning or layout is escaped:\n\n    \\f \\n \\r \\t \\v \\\\\n\nThis can be overridden with a custom expression or callback, the latter of which\nreceives the entire string as an argument.\n\nPassing falsey values to `escapeChars` disables escaping altogether, which isn't\nrecommended if your input contains line-breaks or tabulation.\n\n\n\n### maxArrayLength\n[Number]  \nMaximum number of array values to show before truncating them:\n\n~~~\n[\n    1\n    2\n    3\n\n    … 7 more values not shown\n]\n~~~\n\nNote this excludes any named properties stored on the Array object:\n\n```js\nconst input = [1, 2, 3, 4, 5, 6, 7, 8, 9, 10];\ninput.foo = \"bar\";\nprint(input, { maxArrayLength: 3 })\n```\n\n~~~\n[\n    1\n    2\n    3\n\t\n    … 7 more values not shown\n\n    foo: \"bar\"\n]\n~~~\n\n\n\n### showArrayIndices\n[Boolean]  \nShow the index of each element in an array.\n\n~~~\n[                  [\n    \"A\"                0: \"A\"\n    \"B\"      ->        1: \"B\"\n    \"C\"                2: \"C\"\n]                  ]\n~~~\n\n\n### showArrayLength\n[Boolean]  \nDisplay an array's `length` property after its values:\n\n~~~\n[\n    \"A\"\n    \"B\"\n    \"C\"\n    length: 3\n]\n~~~\n\n\n### sortProps\n[Boolean]  \nAlphabetise the enumerable properties of printed objects.\n\nTo display properties in the order they were enumerated, set this to `false`.\n\nNote that alphabetisation is case-insensitive.\n\n\n\n[Referenced links]: ____________________________________________________________\n[Boolean]:   http://mdn.io/JavaScript/Reference/Global_Objects/Boolean\n[Function]:  http://mdn.io/JavaScript/Reference/Global_Objects/Function\n[Number]:    http://mdn.io/JavaScript/Reference/Global_Objects/Number\n[RegExp]:    http://mdn.io/JavaScript/Reference/Global_Objects/RegExp\n[Symbol]:    http://mdn.io/JavaScript/Reference/Global_Objects/Symbol\n","maintainers":[{"name":"alhadis","email":"gardnerjohng@gmail.com"}],"time":{"modified":"2016-12-22T01:57:20.819Z","created":"2012-07-09T22:33:56.601Z","0.0.0":"2012-07-09T22:33:58.196Z","1.0.0":"2016-08-25T12:13:09.235Z","1.0.1":"2016-10-01T08:40:59.397Z","1.0.2":"2016-12-22T01:57:20.819Z"},"author":{"name":"John Gardner","email":"gardnerjohng@gmail.com"},"repository":{"type":"git","url":"git+https://github.com/Alhadis/Print.git"},"keywords":["stringify","trace","debug","outline","format","string"],"readmeFilename":"README.md","homepage":"https://github.com/Alhadis/Print#readme","bugs":{"url":"https://github.com/Alhadis/Print/issues"},"license":"ISC","_attachments":{},"_etag":"W/\"585b3300-2363\"","_lastModified":"Thu, 22 Dec 2016 01:57:20 GMT"}