{".text.html:not(.meta.tag)":{"angular scaffold":{"prefix":"ngindex","body":"<html>\n<head>\n  <script src=\"https://ajax.googleapis.com/ajax/libs/angularjs/$1/angular.js\"></script>\n</head>\n<body ng-app>\n $2\n</body>\n</html>"},"angular.js from CDN":{"prefix":"ngsa","body":"<script type=\"text/javascript\" src=\"http://ajax.googleapis.com/ajax/libs/angularjs/$1/angular.js\"></script>"},"ngTemplate script tag":{"prefix":"ngst","body":"<script type=\"text/ng-template\" id=\"$1\">\n  $2\n</script>"},"ngInclude":{"prefix":"nginc","body":"<ng-include src=\"$1\" ${2: onload=\"$3\"} ${4: autoscroll=\"$5\"}></ng-include>"},"ngPluralize":{"prefix":"ngplural","body":"<ng-pluralize count=\"$1\" when=\"$2\" ${3: offset=\"$4\"}></ng-pluralize>"},"ngSwitch":{"prefix":"ngswitch","body":"<ng-switch on=\"$1\">$2</ng-switch>"},"script template":{"prefix":"ngtmpl","body":"<script type=\"text/ng-template\">$1</script>"},"ngView":{"prefix":"ngview","body":"<ng-view ${1: onload=\"$2\"} ${3: $autoscroll=\"$4\"}></ng-view>"}}}