{"_id":"atom-package-deps","_rev":"34-10764f10ae0ba7c6a1eb18567b12da47","name":"atom-package-deps","description":"Automatically install package dependencies","dist-tags":{"latest":"4.4.1"},"versions":{"0.0.1":{"name":"atom-package-deps","version":"0.0.1","description":"Automatically install package dependencies","main":"index.js","scripts":{"test":"echo \"Error: no test specified\" && exit 1"},"repository":{"type":"git","url":"git+https://github.com/AtomLinter/package-deps.git"},"keywords":["atom"],"author":{"name":"steelbrain"},"license":"MIT","bugs":{"url":"https://github.com/AtomLinter/package-deps/issues"},"homepage":"https://github.com/AtomLinter/package-deps#readme","_id":"atom-package-deps@0.0.1","_shasum":"3a99c50f0421678b3b6af36f43d95a03d0a301d1","_from":".","_npmVersion":"2.13.3","_nodeVersion":"3.0.0","_npmUser":{"name":"steelbrain","email":"aneesiqbalbhatti@gmail.com"},"dist":{"shasum":"3a99c50f0421678b3b6af36f43d95a03d0a301d1","tarball":"https://registry.npmjs.org/atom-package-deps/-/atom-package-deps-0.0.1.tgz"},"maintainers":[{"name":"steelbrain","email":"aneesiqbalbhatti@gmail.com"}],"directories":{}},"1.0.0":{"name":"atom-package-deps","version":"1.0.0","description":"Automatically install package dependencies","main":"lib/main","scripts":{"test":"echo \"Error: no test specified\" && exit 1"},"repository":{"type":"git","url":"git+https://github.com/steelbrain/package-deps.git"},"keywords":["atom"],"author":{"name":"steelbrain"},"license":"MIT","bugs":{"url":"https://github.com/AtomLinter/package-deps/issues"},"homepage":"https://github.com/AtomLinter/package-deps#readme","dependencies":{"atom-linter":"^3.2.0"},"gitHead":"e554d42b077ceb50e36364ef4d152d12eb3adb81","_id":"atom-package-deps@1.0.0","_shasum":"5153559a3b934144706f96d7fd87ec781ab09438","_from":".","_npmVersion":"2.13.3","_nodeVersion":"3.0.0","_npmUser":{"name":"steelbrain","email":"aneesiqbalbhatti@gmail.com"},"dist":{"shasum":"5153559a3b934144706f96d7fd87ec781ab09438","tarball":"https://registry.npmjs.org/atom-package-deps/-/atom-package-deps-1.0.0.tgz"},"maintainers":[{"name":"steelbrain","email":"aneesiqbalbhatti@gmail.com"}],"directories":{}},"2.0.0":{"name":"atom-package-deps","version":"2.0.0","description":"Automatically install package dependencies","main":"lib/main","scripts":{"test":"echo \"Error: no test specified\" && exit 1"},"repository":{"type":"git","url":"git+https://github.com/steelbrain/package-deps.git"},"keywords":["atom"],"author":{"name":"steelbrain"},"license":"MIT","bugs":{"url":"https://github.com/AtomLinter/package-deps/issues"},"homepage":"https://github.com/AtomLinter/package-deps#readme","dependencies":{"atom-linter":"^3.2.0"},"gitHead":"fea64b50b1f740cd54faf09eed8962eff8aa1801","_id":"atom-package-deps@2.0.0","_shasum":"bfa74dc6ff8c46bc4f56e77640f618338bed04ec","_from":".","_npmVersion":"2.13.3","_nodeVersion":"3.0.0","_npmUser":{"name":"steelbrain","email":"aneesiqbalbhatti@gmail.com"},"dist":{"shasum":"bfa74dc6ff8c46bc4f56e77640f618338bed04ec","tarball":"https://registry.npmjs.org/atom-package-deps/-/atom-package-deps-2.0.0.tgz"},"maintainers":[{"name":"steelbrain","email":"aneesiqbalbhatti@gmail.com"}],"directories":{}},"2.0.1":{"name":"atom-package-deps","version":"2.0.1","description":"Automatically install package dependencies","main":"lib/main","scripts":{"test":"echo \"Error: no test specified\" && exit 1"},"repository":{"type":"git","url":"git+https://github.com/steelbrain/package-deps.git"},"keywords":["atom"],"author":{"name":"steelbrain"},"license":"MIT","bugs":{"url":"https://github.com/AtomLinter/package-deps/issues"},"homepage":"https://github.com/AtomLinter/package-deps#readme","dependencies":{"atom-linter":"^3.2.0"},"gitHead":"2085f64f10508293bb5d695fd06f79d34c0c3392","_id":"atom-package-deps@2.0.1","_shasum":"d74e95923155e51192fd563b43b402c580ae95e9","_from":".","_npmVersion":"2.13.3","_nodeVersion":"3.0.0","_npmUser":{"name":"steelbrain","email":"aneesiqbalbhatti@gmail.com"},"dist":{"shasum":"d74e95923155e51192fd563b43b402c580ae95e9","tarball":"https://registry.npmjs.org/atom-package-deps/-/atom-package-deps-2.0.1.tgz"},"maintainers":[{"name":"steelbrain","email":"aneesiqbalbhatti@gmail.com"}],"directories":{}},"2.0.2":{"name":"atom-package-deps","version":"2.0.2","description":"Automatically install package dependencies","main":"lib/main","scripts":{"test":"echo \"Error: no test specified\" && exit 1"},"repository":{"type":"git","url":"git+https://github.com/steelbrain/package-deps.git"},"keywords":["atom"],"author":{"name":"steelbrain"},"license":"MIT","bugs":{"url":"https://github.com/AtomLinter/package-deps/issues"},"homepage":"https://github.com/AtomLinter/package-deps#readme","dependencies":{"atom-linter":"^3.2.0"},"gitHead":"0ec000f45b7c32a5118beeeebdf0b090763d5839","_id":"atom-package-deps@2.0.2","_shasum":"7dc54b677bbac794482e5c9dfbffc6a186bf2a99","_from":".","_npmVersion":"2.13.3","_nodeVersion":"3.0.0","_npmUser":{"name":"steelbrain","email":"aneesiqbalbhatti@gmail.com"},"dist":{"shasum":"7dc54b677bbac794482e5c9dfbffc6a186bf2a99","tarball":"https://registry.npmjs.org/atom-package-deps/-/atom-package-deps-2.0.2.tgz"},"maintainers":[{"name":"steelbrain","email":"aneesiqbalbhatti@gmail.com"}],"directories":{}},"2.0.3":{"name":"atom-package-deps","version":"2.0.3","description":"Automatically install package dependencies","main":"lib/main","scripts":{"test":"echo \"Error: no test specified\" && exit 1"},"repository":{"type":"git","url":"git+https://github.com/steelbrain/package-deps.git"},"keywords":["atom"],"author":{"name":"steelbrain"},"license":"MIT","bugs":{"url":"https://github.com/AtomLinter/package-deps/issues"},"homepage":"https://github.com/AtomLinter/package-deps#readme","dependencies":{"atom-linter":"^3.2.0"},"gitHead":"2ce5d09bcb1a60db0254e7944addddbe1dc6b3ed","_id":"atom-package-deps@2.0.3","_shasum":"14584966eb634dc172cd3c68d7e6f0d462f08d1a","_from":".","_npmVersion":"2.13.3","_nodeVersion":"3.0.0","_npmUser":{"name":"steelbrain","email":"aneesiqbalbhatti@gmail.com"},"dist":{"shasum":"14584966eb634dc172cd3c68d7e6f0d462f08d1a","tarball":"https://registry.npmjs.org/atom-package-deps/-/atom-package-deps-2.0.3.tgz"},"maintainers":[{"name":"steelbrain","email":"aneesiqbalbhatti@gmail.com"}],"directories":{}},"2.0.4":{"name":"atom-package-deps","version":"2.0.4","description":"Automatically install package dependencies","main":"lib/main","scripts":{"test":"echo \"Error: no test specified\" && exit 1"},"repository":{"type":"git","url":"git+https://github.com/steelbrain/package-deps.git"},"keywords":["atom"],"author":{"name":"steelbrain"},"license":"MIT","bugs":{"url":"https://github.com/AtomLinter/package-deps/issues"},"homepage":"https://github.com/AtomLinter/package-deps#readme","dependencies":{"atom-linter":"^3.2.0"},"gitHead":"9233e17dad099171e84ef72b29c45d67b523d19a","_id":"atom-package-deps@2.0.4","_shasum":"6c16ff35b57b2b7236d966cd3aeb8470f44304eb","_from":".","_npmVersion":"2.13.3","_nodeVersion":"3.0.0","_npmUser":{"name":"steelbrain","email":"fakedemail@email.com"},"dist":{"shasum":"6c16ff35b57b2b7236d966cd3aeb8470f44304eb","tarball":"https://registry.npmjs.org/atom-package-deps/-/atom-package-deps-2.0.4.tgz"},"maintainers":[{"name":"steelbrain","email":"aneesiqbalbhatti@gmail.com"}],"directories":{}},"2.0.5":{"name":"atom-package-deps","version":"2.0.5","description":"Automatically install package dependencies","main":"lib/main","scripts":{"test":"echo \"Error: no test specified\" && exit 1"},"repository":{"type":"git","url":"git+https://github.com/steelbrain/package-deps.git"},"keywords":["atom"],"author":{"name":"steelbrain"},"license":"MIT","bugs":{"url":"https://github.com/AtomLinter/package-deps/issues"},"homepage":"https://github.com/AtomLinter/package-deps#readme","dependencies":{"atom-linter":"^3.2.0"},"gitHead":"ccc2aadd51096b2ead75e2ef38dbdc2d4007b3bd","_id":"atom-package-deps@2.0.5","_shasum":"122a640eb37dd00985df90c61a7871375a1616ba","_from":".","_npmVersion":"2.13.3","_nodeVersion":"3.0.0","_npmUser":{"name":"steelbrain","email":"fakedemail@email.com"},"dist":{"shasum":"122a640eb37dd00985df90c61a7871375a1616ba","tarball":"https://registry.npmjs.org/atom-package-deps/-/atom-package-deps-2.0.5.tgz"},"maintainers":[{"name":"steelbrain","email":"aneesiqbalbhatti@gmail.com"}],"directories":{}},"2.1.0":{"name":"atom-package-deps","version":"2.1.0","description":"Automatically install package dependencies","main":"lib/main","scripts":{"test":"echo \"Error: no test specified\" && exit 1"},"repository":{"type":"git","url":"git+https://github.com/steelbrain/package-deps.git"},"keywords":["atom"],"author":{"name":"steelbrain"},"license":"MIT","bugs":{"url":"https://github.com/AtomLinter/package-deps/issues"},"homepage":"https://github.com/AtomLinter/package-deps#readme","gitHead":"b4006703cf9ac25237cd74d18ef172b7d6f88d3c","_id":"atom-package-deps@2.1.0","_shasum":"8ee4c1bef9d6de4123a6dc8a2d8e5e9d0c862004","_from":".","_npmVersion":"2.13.3","_nodeVersion":"3.0.0","_npmUser":{"name":"steelbrain","email":"fakedemail@email.com"},"dist":{"shasum":"8ee4c1bef9d6de4123a6dc8a2d8e5e9d0c862004","tarball":"https://registry.npmjs.org/atom-package-deps/-/atom-package-deps-2.1.0.tgz"},"maintainers":[{"name":"steelbrain","email":"aneesiqbalbhatti@gmail.com"}],"directories":{}},"2.1.1":{"name":"atom-package-deps","version":"2.1.1","description":"Automatically install package dependencies","main":"lib/main","scripts":{"test":"echo \"Error: no test specified\" && exit 1"},"repository":{"type":"git","url":"git+https://github.com/steelbrain/package-deps.git"},"keywords":["atom"],"author":{"name":"steelbrain"},"license":"MIT","bugs":{"url":"https://github.com/AtomLinter/package-deps/issues"},"homepage":"https://github.com/AtomLinter/package-deps#readme","gitHead":"ec451f3024c48d92a60facc032a332517ed05f97","_id":"atom-package-deps@2.1.1","_shasum":"e6d1f06fec1bb1dd1ac44d79d48b0f021a3e33cd","_from":".","_npmVersion":"2.13.3","_nodeVersion":"3.0.0","_npmUser":{"name":"steelbrain","email":"fakedemail@email.com"},"dist":{"shasum":"e6d1f06fec1bb1dd1ac44d79d48b0f021a3e33cd","tarball":"https://registry.npmjs.org/atom-package-deps/-/atom-package-deps-2.1.1.tgz"},"maintainers":[{"name":"steelbrain","email":"aneesiqbalbhatti@gmail.com"}],"directories":{}},"2.1.2":{"name":"atom-package-deps","version":"2.1.2","description":"Automatically install package dependencies","main":"lib/main","scripts":{"test":"echo \"Error: no test specified\" && exit 1"},"repository":{"type":"git","url":"git+https://github.com/steelbrain/package-deps.git"},"keywords":["atom"],"author":{"name":"steelbrain"},"license":"MIT","bugs":{"url":"https://github.com/AtomLinter/package-deps/issues"},"homepage":"https://github.com/AtomLinter/package-deps#readme","gitHead":"8a82fbf40b641633c9cfac9c6fbc48e1b8b4b89c","_id":"atom-package-deps@2.1.2","_shasum":"ed14e975dbf3d09b73b8acc9388edca695ea9baf","_from":".","_npmVersion":"2.14.2","_nodeVersion":"4.0.0","_npmUser":{"name":"steelbrain","email":"fakedemail@email.com"},"dist":{"shasum":"ed14e975dbf3d09b73b8acc9388edca695ea9baf","tarball":"https://registry.npmjs.org/atom-package-deps/-/atom-package-deps-2.1.2.tgz"},"maintainers":[{"name":"steelbrain","email":"aneesiqbalbhatti@gmail.com"}],"directories":{}},"2.1.3":{"name":"atom-package-deps","version":"2.1.3","description":"Automatically install package dependencies","main":"lib/main","scripts":{"test":"echo \"Error: no test specified\" && exit 1"},"repository":{"type":"git","url":"git+https://github.com/steelbrain/package-deps.git"},"keywords":["atom"],"author":{"name":"steelbrain"},"license":"MIT","bugs":{"url":"https://github.com/AtomLinter/package-deps/issues"},"homepage":"https://github.com/AtomLinter/package-deps#readme","gitHead":"99460178b32ccf1477654ed3826196fe789e5001","_id":"atom-package-deps@2.1.3","_shasum":"d96fe2cf8ef0389e1d0122c7d6cfdae8adf694fa","_from":".","_npmVersion":"2.14.2","_nodeVersion":"4.0.0","_npmUser":{"name":"steelbrain","email":"fakedemail@email.com"},"dist":{"shasum":"d96fe2cf8ef0389e1d0122c7d6cfdae8adf694fa","tarball":"https://registry.npmjs.org/atom-package-deps/-/atom-package-deps-2.1.3.tgz"},"maintainers":[{"name":"steelbrain","email":"aneesiqbalbhatti@gmail.com"}],"directories":{}},"3.0.0":{"name":"atom-package-deps","version":"3.0.0","description":"Automatically install package dependencies","main":"lib/main","scripts":{"test":"apm test"},"repository":{"type":"git","url":"git+https://github.com/steelbrain/package-deps.git"},"keywords":["atom"],"author":{"name":"steelbrain"},"license":"MIT","bugs":{"url":"https://github.com/AtomLinter/package-deps/issues"},"homepage":"https://github.com/AtomLinter/package-deps#readme","devDependencies":{"event-kit":"^1.3.0"},"gitHead":"6ed731c6bf4a417c5441a087fcfef2e1bca69902","_id":"atom-package-deps@3.0.0","_shasum":"56c6f395a51fcf235dff16d7938355b2f0d9213a","_from":".","_npmVersion":"2.14.2","_nodeVersion":"4.0.0","_npmUser":{"name":"steelbrain","email":"fakedemail@email.com"},"dist":{"shasum":"56c6f395a51fcf235dff16d7938355b2f0d9213a","tarball":"https://registry.npmjs.org/atom-package-deps/-/atom-package-deps-3.0.0.tgz"},"maintainers":[{"name":"steelbrain","email":"aneesiqbalbhatti@gmail.com"}],"directories":{}},"3.0.1":{"name":"atom-package-deps","version":"3.0.1","description":"Automatically install package dependencies","main":"lib/main","scripts":{"test":"apm test"},"repository":{"type":"git","url":"git+https://github.com/steelbrain/package-deps.git"},"keywords":["atom"],"author":{"name":"steelbrain"},"license":"MIT","bugs":{"url":"https://github.com/AtomLinter/package-deps/issues"},"homepage":"https://github.com/AtomLinter/package-deps#readme","devDependencies":{"event-kit":"^1.3.0"},"gitHead":"c8dfea5276f5758a17f6e32301f19d3efb1c1bec","_id":"atom-package-deps@3.0.1","_shasum":"de00cc2753a479c09ff819370cc9e0ce705bc491","_from":".","_npmVersion":"2.14.2","_nodeVersion":"4.0.0","_npmUser":{"name":"steelbrain","email":"fakedemail@email.com"},"dist":{"shasum":"de00cc2753a479c09ff819370cc9e0ce705bc491","tarball":"https://registry.npmjs.org/atom-package-deps/-/atom-package-deps-3.0.1.tgz"},"maintainers":[{"name":"steelbrain","email":"aneesiqbalbhatti@gmail.com"}],"directories":{}},"3.0.2":{"name":"atom-package-deps","version":"3.0.2","description":"Automatically install package dependencies","main":"lib/main","scripts":{"test":"apm test"},"repository":{"type":"git","url":"git+https://github.com/steelbrain/package-deps.git"},"keywords":["atom"],"author":{"name":"steelbrain"},"license":"MIT","bugs":{"url":"https://github.com/AtomLinter/package-deps/issues"},"homepage":"https://github.com/AtomLinter/package-deps#readme","devDependencies":{"event-kit":"^1.3.0"},"gitHead":"26efdead33d2e447ff10f9c3b45b7e65435525df","_id":"atom-package-deps@3.0.2","_shasum":"19e48e6f7b1a1151ecd5212c9bc36293e74c5943","_from":".","_npmVersion":"2.14.2","_nodeVersion":"4.0.0","_npmUser":{"name":"steelbrain","email":"fakedemail@email.com"},"dist":{"shasum":"19e48e6f7b1a1151ecd5212c9bc36293e74c5943","tarball":"https://registry.npmjs.org/atom-package-deps/-/atom-package-deps-3.0.2.tgz"},"maintainers":[{"name":"steelbrain","email":"aneesiqbalbhatti@gmail.com"}],"directories":{}},"3.0.3":{"name":"atom-package-deps","version":"3.0.3","description":"Automatically install package dependencies","main":"lib/main","scripts":{"test":"apm test"},"repository":{"type":"git","url":"git+https://github.com/steelbrain/package-deps.git"},"keywords":["atom"],"author":{"name":"steelbrain"},"license":"MIT","bugs":{"url":"https://github.com/AtomLinter/package-deps/issues"},"homepage":"https://github.com/AtomLinter/package-deps#readme","devDependencies":{"event-kit":"^1.3.0"},"dependencies":{"callsite":"^1.0.0"},"gitHead":"3d4017de4156ea5059344e190acee27d4b32e3f1","_id":"atom-package-deps@3.0.3","_shasum":"d3a2cc31542ca3bded121e38509bf45e12c51e90","_from":".","_npmVersion":"3.3.12","_nodeVersion":"5.1.0","_npmUser":{"name":"steelbrain","email":"fakedemail@email.com"},"dist":{"shasum":"d3a2cc31542ca3bded121e38509bf45e12c51e90","tarball":"https://registry.npmjs.org/atom-package-deps/-/atom-package-deps-3.0.3.tgz"},"maintainers":[{"name":"steelbrain","email":"aneesiqbalbhatti@gmail.com"}],"directories":{}},"3.0.4":{"name":"atom-package-deps","version":"3.0.4","description":"Automatically install package dependencies","main":"lib/main","scripts":{"test":"apm test"},"repository":{"type":"git","url":"git+https://github.com/steelbrain/package-deps.git"},"keywords":["atom"],"author":{"name":"steelbrain"},"license":"MIT","bugs":{"url":"https://github.com/AtomLinter/package-deps/issues"},"homepage":"https://github.com/AtomLinter/package-deps#readme","devDependencies":{"event-kit":"^1.3.0"},"dependencies":{"callsite":"^1.0.0"},"gitHead":"6632ccb90bde28c09c8f78ca40d29ee811c5cac0","_id":"atom-package-deps@3.0.4","_shasum":"025491002ade899fe1edddb83ffd5ff01fd0e22f","_from":".","_npmVersion":"3.3.12","_nodeVersion":"5.1.0","_npmUser":{"name":"steelbrain","email":"fakedemail@email.com"},"dist":{"shasum":"025491002ade899fe1edddb83ffd5ff01fd0e22f","tarball":"https://registry.npmjs.org/atom-package-deps/-/atom-package-deps-3.0.4.tgz"},"maintainers":[{"name":"steelbrain","email":"aneesiqbalbhatti@gmail.com"}],"directories":{}},"3.0.5":{"name":"atom-package-deps","version":"3.0.5","description":"Automatically install package dependencies","main":"lib/main","scripts":{"test":"apm test"},"repository":{"type":"git","url":"git+https://github.com/steelbrain/package-deps.git"},"keywords":["atom"],"author":{"name":"steelbrain"},"license":"MIT","bugs":{"url":"https://github.com/AtomLinter/package-deps/issues"},"homepage":"https://github.com/AtomLinter/package-deps#readme","devDependencies":{"event-kit":"^1.3.0"},"dependencies":{"sb-callsite":"^1.0.0"},"gitHead":"6222652e6971f9324a90ee5aac55cd2fa36debbb","_id":"atom-package-deps@3.0.5","_shasum":"110d2e470add5b6510ac5be14ae237ddf669ac86","_from":".","_npmVersion":"3.3.12","_nodeVersion":"5.1.0","_npmUser":{"name":"steelbrain","email":"fakedemail@email.com"},"dist":{"shasum":"110d2e470add5b6510ac5be14ae237ddf669ac86","tarball":"https://registry.npmjs.org/atom-package-deps/-/atom-package-deps-3.0.5.tgz"},"maintainers":[{"name":"steelbrain","email":"aneesiqbalbhatti@gmail.com"}],"directories":{}},"3.0.6":{"name":"atom-package-deps","version":"3.0.6","description":"Automatically install package dependencies","main":"lib/main","scripts":{"test":"apm test"},"repository":{"type":"git","url":"git+https://github.com/steelbrain/package-deps.git"},"keywords":["atom"],"author":{"name":"steelbrain"},"license":"MIT","bugs":{"url":"https://github.com/AtomLinter/package-deps/issues"},"homepage":"https://github.com/AtomLinter/package-deps#readme","dependencies":{"sb-callsite":"^1.0.0"},"gitHead":"c322a5c1dd86300dc3359781417c6f48c1cc060a","_id":"atom-package-deps@3.0.6","_shasum":"6dc012a164bc5e0d522e1d935a3716c8a7224a3f","_from":".","_npmVersion":"3.3.6","_nodeVersion":"5.0.0","_npmUser":{"name":"steelbrain","email":"fakedemail@email.com"},"dist":{"shasum":"6dc012a164bc5e0d522e1d935a3716c8a7224a3f","tarball":"https://registry.npmjs.org/atom-package-deps/-/atom-package-deps-3.0.6.tgz"},"maintainers":[{"name":"steelbrain","email":"aneesiqbalbhatti@gmail.com"}],"directories":{}},"3.0.7":{"name":"atom-package-deps","version":"3.0.7","description":"Automatically install package dependencies","main":"lib/main","scripts":{"test":"apm test"},"repository":{"type":"git","url":"git+https://github.com/steelbrain/package-deps.git"},"keywords":["atom"],"author":{"name":"steelbrain"},"license":"MIT","bugs":{"url":"https://github.com/AtomLinter/package-deps/issues"},"homepage":"https://github.com/AtomLinter/package-deps#readme","dependencies":{"sb-callsite":"^1.0.0"},"gitHead":"b914e9887c255f72b584c07aa547394fc904192c","_id":"atom-package-deps@3.0.7","_shasum":"0fb544f84e51b93176ca1a664e829cc717c7b96b","_from":".","_npmVersion":"3.3.12","_nodeVersion":"5.3.0","_npmUser":{"name":"steelbrain","email":"de.steelbrain@gmail.com"},"dist":{"shasum":"0fb544f84e51b93176ca1a664e829cc717c7b96b","tarball":"https://registry.npmjs.org/atom-package-deps/-/atom-package-deps-3.0.7.tgz"},"maintainers":[{"name":"steelbrain","email":"aneesiqbalbhatti@gmail.com"}],"directories":{}},"3.0.8":{"name":"atom-package-deps","version":"3.0.8","description":"Automatically install package dependencies","main":"lib/main","scripts":{"test":"apm test"},"repository":{"type":"git","url":"git+https://github.com/steelbrain/package-deps.git"},"keywords":["atom"],"author":{"name":"steelbrain"},"license":"MIT","bugs":{"url":"https://github.com/AtomLinter/package-deps/issues"},"homepage":"https://github.com/AtomLinter/package-deps#readme","dependencies":{"atom-package-path":"^1.0.1"},"gitHead":"835eb89af068a1d9bbfe847d898da78b4e0cabc0","_id":"atom-package-deps@3.0.8","_shasum":"6ee92fedb896c38c9e65c4c5708bf162fd4ce254","_from":".","_npmVersion":"3.3.12","_nodeVersion":"5.4.1","_npmUser":{"name":"steelbrain","email":"de.steelbrain@gmail.com"},"dist":{"shasum":"6ee92fedb896c38c9e65c4c5708bf162fd4ce254","tarball":"https://registry.npmjs.org/atom-package-deps/-/atom-package-deps-3.0.8.tgz"},"maintainers":[{"name":"steelbrain","email":"aneesiqbalbhatti@gmail.com"}],"_npmOperationalInternal":{"host":"packages-5-east.internal.npmjs.com","tmp":"tmp/atom-package-deps-3.0.8.tgz_1454942166358_0.5445719340350479"},"directories":{}},"3.0.9":{"name":"atom-package-deps","version":"3.0.9","description":"Automatically install package dependencies","main":"lib/main","scripts":{"test":"apm test","watch":"ucompiler watch","compile":"ucompiler go"},"repository":{"type":"git","url":"git+https://github.com/steelbrain/package-deps.git"},"keywords":["atom"],"author":{"name":"steelbrain"},"license":"MIT","bugs":{"url":"https://github.com/AtomLinter/package-deps/issues"},"homepage":"https://github.com/AtomLinter/package-deps#readme","dependencies":{"atom-package-path":"^1.0.2"},"devDependencies":{"ucompiler":"^3.1.7","ucompiler-plugin-babel":"^3.1.1","ucompiler-plugin-newline":"^3.0.0","babel-preset-steelbrain":"^1.0.1"},"gitHead":"7dadeebe6e1b196579c2712f5376c7b185070d28","_id":"atom-package-deps@3.0.9","_shasum":"77343512a3463cbc700585bba4d9071db7a36753","_from":".","_npmVersion":"3.3.12","_nodeVersion":"5.5.0","_npmUser":{"name":"arcanemagus","email":"landonabney@gmail.com"},"dist":{"shasum":"77343512a3463cbc700585bba4d9071db7a36753","tarball":"https://registry.npmjs.org/atom-package-deps/-/atom-package-deps-3.0.9.tgz"},"maintainers":[{"name":"arcanemagus","email":"landonabney@gmail.com"},{"name":"steelbrain","email":"de.steelbrain@gmail.com"}],"_npmOperationalInternal":{"host":"packages-5-east.internal.npmjs.com","tmp":"tmp/atom-package-deps-3.0.9.tgz_1454959628394_0.45077412365935743"},"directories":{}},"4.0.0":{"name":"atom-package-deps","version":"4.0.0","description":"Automatically install package dependencies","main":"lib/index.js","scripts":{"test":"apm test","watch":"ucompiler watch","compile":"ucompiler go"},"repository":{"type":"git","url":"git+https://github.com/steelbrain/package-deps.git"},"keywords":["atom"],"author":{"name":"steelbrain"},"license":"MIT","bugs":{"url":"https://github.com/AtomLinter/package-deps/issues"},"homepage":"https://github.com/AtomLinter/package-deps#readme","dependencies":{"atom-package-path":"^1.1.0"},"devDependencies":{"ucompiler":"^3.1.7","ucompiler-plugin-babel":"^3.1.1","ucompiler-plugin-newline":"^3.0.0","babel-preset-steelbrain":"^1.0.1","babel-preset-steelbrain-async":"^1.0.1"},"gitHead":"7ce9fbccce65c769353e6e158c00ea248aeb1514","_id":"atom-package-deps@4.0.0","_shasum":"49fc71251190c12d3d9ab95bf8ae1ce1c748ab79","_from":".","_npmVersion":"3.3.12","_nodeVersion":"5.5.0","_npmUser":{"name":"steelbrain","email":"de.steelbrain@gmail.com"},"dist":{"shasum":"49fc71251190c12d3d9ab95bf8ae1ce1c748ab79","tarball":"https://registry.npmjs.org/atom-package-deps/-/atom-package-deps-4.0.0.tgz"},"maintainers":[{"name":"arcanemagus","email":"landonabney@gmail.com"},{"name":"steelbrain","email":"de.steelbrain@gmail.com"}],"_npmOperationalInternal":{"host":"packages-9-west.internal.npmjs.com","tmp":"tmp/atom-package-deps-4.0.0.tgz_1455649055086_0.29401402780786157"},"directories":{}},"4.0.1":{"name":"atom-package-deps","version":"4.0.1","description":"Automatically install package dependencies","main":"lib/index.js","scripts":{"test":"apm test","watch":"ucompiler watch","compile":"ucompiler go"},"repository":{"type":"git","url":"git+https://github.com/steelbrain/package-deps.git"},"keywords":["atom"],"author":{"name":"steelbrain"},"license":"MIT","bugs":{"url":"https://github.com/AtomLinter/package-deps/issues"},"homepage":"https://github.com/AtomLinter/package-deps#readme","dependencies":{"atom-package-path":"^1.1.0"},"devDependencies":{"ucompiler":"^3.1.7","ucompiler-plugin-babel":"^3.1.1","ucompiler-plugin-newline":"^3.0.0","babel-preset-steelbrain":"^1.0.1","babel-preset-steelbrain-async":"^1.0.1"},"gitHead":"dfbce55ffbe7cadcafcb70475c24b08e9b47df79","_id":"atom-package-deps@4.0.1","_shasum":"cca45c77723d85b4e15dff72ab93f7700befe104","_from":".","_npmVersion":"3.3.12","_nodeVersion":"5.5.0","_npmUser":{"name":"steelbrain","email":"de.steelbrain@gmail.com"},"dist":{"shasum":"cca45c77723d85b4e15dff72ab93f7700befe104","tarball":"https://registry.npmjs.org/atom-package-deps/-/atom-package-deps-4.0.1.tgz"},"maintainers":[{"name":"arcanemagus","email":"landonabney@gmail.com"},{"name":"steelbrain","email":"de.steelbrain@gmail.com"}],"_npmOperationalInternal":{"host":"packages-6-west.internal.npmjs.com","tmp":"tmp/atom-package-deps-4.0.1.tgz_1455649854892_0.4021433531306684"},"directories":{}},"4.1.0":{"name":"atom-package-deps","version":"4.1.0","description":"Automatically install package dependencies","main":"lib/index.js","scripts":{"test":"apm test","lint":"eslint .","clean":"rm -rf lib","compile":"npm run clean && babel src --out-dir lib","watch":"npm run clean && babel src --out-dir lib --watch"},"repository":{"type":"git","url":"git+https://github.com/steelbrain/package-deps.git"},"keywords":["atom"],"author":{"name":"steelbrain"},"license":"MIT","bugs":{"url":"https://github.com/AtomLinter/package-deps/issues"},"homepage":"https://github.com/AtomLinter/package-deps#readme","dependencies":{"atom-package-path":"^1.1.0","sb-exec":"^2.0.5"},"devDependencies":{"babel-cli":"^6.10.1","babel-plugin-for-of-efficient":"^1.0.0","babel-preset-steelbrain":"^4.0.1","eslint-config-steelbrain":"^1.0.4","jasmine-fix":"^1.0.1"},"gitHead":"bf308f42abe556ed9df2e4492a4f2410c4b289f8","_id":"atom-package-deps@4.1.0","_shasum":"ffca86c1195531e4bf77c403f19987623d41998a","_from":".","_npmVersion":"3.9.5","_nodeVersion":"6.2.2","_npmUser":{"name":"steelbrain","email":"i@steelbrain.me"},"dist":{"shasum":"ffca86c1195531e4bf77c403f19987623d41998a","tarball":"https://registry.npmjs.org/atom-package-deps/-/atom-package-deps-4.1.0.tgz"},"maintainers":[{"name":"arcanemagus","email":"landonabney@gmail.com"},{"name":"steelbrain","email":"de.steelbrain@gmail.com"}],"_npmOperationalInternal":{"host":"packages-16-east.internal.npmjs.com","tmp":"tmp/atom-package-deps-4.1.0.tgz_1470733629524_0.8695990729611367"},"directories":{}},"4.2.0":{"name":"atom-package-deps","version":"4.2.0","description":"Automatically install package dependencies","main":"lib/index.js","scripts":{"test":"apm test","lint":"eslint .","clean":"rm -rf lib","compile":"npm run clean && babel src --out-dir lib","watch":"npm run clean && babel src --out-dir lib --watch"},"repository":{"type":"git","url":"git+https://github.com/steelbrain/package-deps.git"},"keywords":["atom"],"author":{"name":"steelbrain"},"license":"MIT","bugs":{"url":"https://github.com/AtomLinter/package-deps/issues"},"homepage":"https://github.com/AtomLinter/package-deps#readme","dependencies":{"atom-package-path":"^1.1.0","sb-exec":"^2.0.5"},"devDependencies":{"babel-cli":"^6.10.1","babel-plugin-for-of-efficient":"^1.0.0","babel-preset-steelbrain":"^4.0.1","eslint-config-steelbrain":"^1.0.4","jasmine-fix":"^1.0.1"},"gitHead":"f9332b2174d2c147229495d75d0a0553f1ef01d2","_id":"atom-package-deps@4.2.0","_shasum":"d2292cd38ee51e69e8f4b6f2dba84c43db9e443b","_from":".","_npmVersion":"3.9.5","_nodeVersion":"6.2.2","_npmUser":{"name":"steelbrain","email":"i@steelbrain.me"},"dist":{"shasum":"d2292cd38ee51e69e8f4b6f2dba84c43db9e443b","tarball":"https://registry.npmjs.org/atom-package-deps/-/atom-package-deps-4.2.0.tgz"},"maintainers":[{"name":"arcanemagus","email":"landonabney@gmail.com"},{"name":"steelbrain","email":"de.steelbrain@gmail.com"}],"_npmOperationalInternal":{"host":"packages-16-east.internal.npmjs.com","tmp":"tmp/atom-package-deps-4.2.0.tgz_1471024974298_0.2842633433174342"},"directories":{}},"4.3.0":{"name":"atom-package-deps","version":"4.3.0","description":"Automatically install package dependencies","main":"lib/index.js","scripts":{"test":"(apm test) && (flow check) && (eslint . )","clean":"rm -rf lib","compile":"npm run clean && babel src --out-dir lib","watch":"npm run clean && babel src --out-dir lib --watch"},"repository":{"type":"git","url":"git+https://github.com/steelbrain/package-deps.git"},"keywords":["atom"],"author":{"name":"steelbrain"},"license":"MIT","bugs":{"url":"https://github.com/AtomLinter/package-deps/issues"},"homepage":"https://github.com/AtomLinter/package-deps#readme","dependencies":{"atom-package-path":"^1.1.0","sb-exec":"^2.0.5"},"devDependencies":{"babel-cli":"^6.10.1","babel-plugin-for-of-efficient":"^1.0.0","babel-preset-steelbrain":"^4.0.1","eslint-config-steelbrain":"^1.0.4","flow-bin":"^0.31.1","jasmine-fix":"^1.0.1"},"gitHead":"902db7d5f257ff12b513d3ffb4985d6a984e03cf","_id":"atom-package-deps@4.3.0","_shasum":"caad2da04c61a733dbe3724a29ee0b5b4aae7488","_from":".","_npmVersion":"3.10.3","_nodeVersion":"6.3.1","_npmUser":{"name":"steelbrain","email":"i@steelbrain.me"},"dist":{"shasum":"caad2da04c61a733dbe3724a29ee0b5b4aae7488","tarball":"https://registry.npmjs.org/atom-package-deps/-/atom-package-deps-4.3.0.tgz"},"maintainers":[{"name":"arcanemagus","email":"landonabney@gmail.com"},{"name":"steelbrain","email":"de.steelbrain@gmail.com"}],"_npmOperationalInternal":{"host":"packages-16-east.internal.npmjs.com","tmp":"tmp/atom-package-deps-4.3.0.tgz_1472197899384_0.5790998621378094"},"directories":{}},"4.3.1":{"name":"atom-package-deps","version":"4.3.1","description":"Automatically install package dependencies","main":"lib/index.js","scripts":{"test":"(apm test) && (flow check) && (eslint . )","clean":"rm -rf lib","compile":"npm run clean && babel src --out-dir lib","watch":"npm run clean && babel src --out-dir lib --watch"},"repository":{"type":"git","url":"git+https://github.com/steelbrain/package-deps.git"},"keywords":["atom"],"author":{"name":"steelbrain"},"license":"MIT","bugs":{"url":"https://github.com/AtomLinter/package-deps/issues"},"homepage":"https://github.com/AtomLinter/package-deps#readme","dependencies":{"atom-package-path":"^1.1.0","sb-exec":"^3.0.1"},"devDependencies":{"babel-cli":"^6.10.1","babel-plugin-for-of-efficient":"^1.0.0","babel-preset-steelbrain":"^4.0.1","eslint-config-steelbrain":"^1.0.4","flow-bin":"^0.31.1","jasmine-fix":"^1.0.1"},"gitHead":"9925769d7c45b7e74900f0eab4eff72e21ff152e","_id":"atom-package-deps@4.3.1","_shasum":"7a3655dd2224c72aceaf481968f834f67e9a2870","_from":".","_npmVersion":"3.10.3","_nodeVersion":"6.3.1","_npmUser":{"name":"steelbrain","email":"i@steelbrain.me"},"dist":{"shasum":"7a3655dd2224c72aceaf481968f834f67e9a2870","tarball":"https://registry.npmjs.org/atom-package-deps/-/atom-package-deps-4.3.1.tgz"},"maintainers":[{"name":"arcanemagus","email":"landonabney@gmail.com"},{"name":"steelbrain","email":"de.steelbrain@gmail.com"}],"_npmOperationalInternal":{"host":"packages-16-east.internal.npmjs.com","tmp":"tmp/atom-package-deps-4.3.1.tgz_1472405610716_0.9577501923777163"},"directories":{}},"4.4.0":{"name":"atom-package-deps","version":"4.4.0","description":"Automatically install package dependencies","main":"lib/index.js","scripts":{"test":"(apm test) && (flow check) && (eslint . )","clean":"rimraf lib","compile":"npm run clean && babel src --out-dir lib","watch":"npm run clean && babel src --out-dir lib --watch"},"repository":{"type":"git","url":"git+https://github.com/steelbrain/package-deps.git"},"keywords":["atom"],"author":{"name":"steelbrain"},"license":"MIT","bugs":{"url":"https://github.com/AtomLinter/package-deps/issues"},"homepage":"https://github.com/AtomLinter/package-deps#readme","dependencies":{"atom-package-path":"^1.1.0","sb-config-file":"^1.2.1","sb-exec":"^3.0.1","tildify":"^1.2.0"},"devDependencies":{"babel-cli":"^6.10.1","babel-plugin-for-of-efficient":"^1.0.0","babel-preset-steelbrain":"^4.0.1","eslint-config-steelbrain":"^1.0.4","flow-bin":"^0.32.0","jasmine-fix":"^1.0.1","rimraf":"^2.5.4"},"gitHead":"85b3cdb90d8a30ce9538dfc828120510a750a653","_id":"atom-package-deps@4.4.0","_shasum":"e94602a68a0392344a04d61fe58c7ed8ce00ca17","_from":".","_npmVersion":"4.0.5","_nodeVersion":"7.4.0","_npmUser":{"name":"steelbrain","email":"i@steelbrain.me"},"dist":{"shasum":"e94602a68a0392344a04d61fe58c7ed8ce00ca17","tarball":"https://registry.npmjs.org/atom-package-deps/-/atom-package-deps-4.4.0.tgz"},"maintainers":[{"name":"arcanemagus","email":"landonabney@gmail.com"},{"name":"steelbrain","email":"de.steelbrain@gmail.com"}],"_npmOperationalInternal":{"host":"packages-18-east.internal.npmjs.com","tmp":"tmp/atom-package-deps-4.4.0.tgz_1486971317745_0.41773310862481594"},"directories":{}},"4.4.1":{"name":"atom-package-deps","version":"4.4.1","description":"Automatically install package dependencies","main":"lib/index.js","scripts":{"test":"(apm test) && (flow check) && (eslint . )","clean":"rimraf lib","compile":"npm run clean && babel src --out-dir lib","watch":"npm run clean && babel src --out-dir lib --watch"},"repository":{"type":"git","url":"git+https://github.com/steelbrain/package-deps.git"},"keywords":["atom"],"author":{"name":"steelbrain"},"license":"MIT","bugs":{"url":"https://github.com/AtomLinter/package-deps/issues"},"homepage":"https://github.com/AtomLinter/package-deps#readme","dependencies":{"atom-package-path":"^1.1.0","sb-config-file":"^3.0.1","sb-exec":"^3.0.1","tildify":"^1.2.0"},"devDependencies":{"babel-cli":"^6.10.1","babel-plugin-for-of-efficient":"^1.0.0","babel-preset-steelbrain":"^4.0.1","eslint-config-steelbrain":"^1.0.4","flow-bin":"^0.32.0","jasmine-fix":"^1.0.1","rimraf":"^2.5.4"},"gitHead":"3f5019109d237b793a680b673e931f91d91173c5","_id":"atom-package-deps@4.4.1","_shasum":"c8a2694cb3ebca54b88bf967d224947260b362cf","_from":".","_npmVersion":"4.0.5","_nodeVersion":"7.4.0","_npmUser":{"name":"steelbrain","email":"i@steelbrain.me"},"dist":{"shasum":"c8a2694cb3ebca54b88bf967d224947260b362cf","tarball":"https://registry.npmjs.org/atom-package-deps/-/atom-package-deps-4.4.1.tgz"},"maintainers":[{"name":"arcanemagus","email":"landonabney@gmail.com"},{"name":"steelbrain","email":"de.steelbrain@gmail.com"}],"_npmOperationalInternal":{"host":"packages-12-west.internal.npmjs.com","tmp":"tmp/atom-package-deps-4.4.1.tgz_1487095988120_0.2546598818153143"},"directories":{}}},"readme":"Atom-Package-Deps\n===========\nAtom-Package-Deps is a module that lets your atom package depend on other atom packages, It's quite simple and shows a nice progress bar as a notification as the packages are installed.\n\n#### How it works?\n\nYou need to have an array of package deps in your package manifest, like\n\n```js\n{\n  \"name\": \"linter-ruby\",\n  ...\n  \"package-deps\": [\"linter\"]\n}\n```\n\nIf you need to install package deps from a source other than https://atom.io, suffix a `#` character followed by a git remote (in any format supported by `apm install`):\n\n```js\n{\n  \"name\": \"linter-ruby\",\n  ...\n  \"package-deps\": [\"linter#steelbrain/linter\"]\n}\n```\n\nBecause the package installation is async, it returns a promise that resolves when all the dependencies have been installed.\n\n```js\n'use babel'\n\nmodule.exports = {\n  activate() {\n    // replace the example argument 'linter-ruby' with the name of this Atom package\n    require('atom-package-deps').install('linter-ruby', true)\n      .then(function() {\n        console.log('All dependencies installed, good to go')\n      })\n  }\n}\n```\n\nWhile the package name argument of the `install()` function is optional it is recommended to pass it explicitly since otherwise the lookup of the package name inflicts an overhead of roughly a few milliseconds.\n\n#### API\n\n```js\nfunction install(packageName = null, showPrompt = false)\n```\n\n#### Screenshots\n\nInstallation Prompt\n\n<img src=\"https://cloud.githubusercontent.com/assets/4278113/22874485/10df8086-f1e8-11e6-8270-9b9823ba07f3.png\">\n\nInstallation Progress\n\n<img src=\"https://cloud.githubusercontent.com/assets/4278113/22874527/59b37c22-f1e8-11e6-968e-dfa857db7664.png\">\n\nInstallation Complete\n\n<img src=\"https://cloud.githubusercontent.com/assets/4278113/22874504/32294a88-f1e8-11e6-8741-81e368bb1649.png\">\n\n\n#### License\nThis project is licensed under the terms of MIT license, See the license file or contact me for more info.\n","maintainers":[{"name":"arcanemagus","email":"landonabney@gmail.com"},{"name":"steelbrain","email":"de.steelbrain@gmail.com"}],"time":{"modified":"2017-02-26T10:38:39.729Z","created":"2015-08-31T23:46:41.155Z","0.0.1":"2015-08-31T23:46:41.155Z","1.0.0":"2015-09-01T02:38:01.453Z","2.0.0":"2015-09-01T06:19:49.037Z","2.0.1":"2015-09-06T03:57:07.188Z","2.0.2":"2015-09-06T07:28:31.571Z","2.0.3":"2015-09-07T11:09:02.287Z","2.0.4":"2015-09-07T17:36:16.705Z","2.0.5":"2015-09-07T17:46:22.672Z","2.1.0":"2015-09-10T16:48:47.843Z","2.1.1":"2015-09-11T20:46:26.864Z","2.1.2":"2015-09-12T13:26:22.017Z","2.1.3":"2015-09-19T11:21:42.574Z","3.0.0":"2015-11-06T11:59:38.909Z","3.0.1":"2015-11-11T07:47:53.840Z","3.0.2":"2015-11-15T16:45:58.947Z","3.0.3":"2015-11-22T01:41:30.624Z","3.0.4":"2015-11-22T02:03:21.322Z","3.0.5":"2015-11-22T13:06:36.149Z","3.0.6":"2015-12-03T01:47:04.259Z","3.0.7":"2016-01-01T09:30:25.267Z","3.0.8":"2016-02-08T14:36:07.655Z","3.0.9":"2016-02-08T19:27:10.887Z","4.0.0":"2016-02-16T18:57:38.677Z","4.0.1":"2016-02-16T19:10:58.668Z","4.1.0":"2016-08-09T09:07:13.218Z","4.2.0":"2016-08-12T18:02:55.780Z","4.3.0":"2016-08-26T07:51:40.189Z","4.3.1":"2016-08-28T17:33:31.781Z","4.4.0":"2017-02-13T07:35:18.408Z","4.4.1":"2017-02-14T18:13:10.011Z"},"homepage":"https://github.com/AtomLinter/package-deps#readme","keywords":["atom"],"repository":{"type":"git","url":"git+https://github.com/steelbrain/package-deps.git"},"author":{"name":"steelbrain"},"bugs":{"url":"https://github.com/AtomLinter/package-deps/issues"},"license":"MIT","readmeFilename":"README.md","users":{"r24y":true,"danielbayley":true,"gliviu":true},"_attachments":{},"_etag":"W/\"58b2b02f-978e\"","_lastModified":"Sun, 26 Feb 2017 10:38:39 GMT","_cached":true}