{"_id":"is-glob","_rev":"25-af1aa3f847719d689e9f4c6803545d31","name":"is-glob","description":"Returns `true` if the given string looks like a glob pattern or an extglob pattern. This makes it easy to create code that only uses external modules like node-glob when necessary, resulting in much faster code execution and initialization time, and a bet","dist-tags":{"latest":"3.1.0"},"versions":{"0.1.0":{"name":"is-glob","description":"Returns `true` if the given string looks like a glob pattern.","version":"0.1.0","homepage":"https://github.com/jonschlinkert/is-glob","author":{"name":"Jon Schlinkert","url":"https://github.com/jonschlinkert"},"repository":{"type":"git","url":"git://github.com/jonschlinkert/is-glob.git"},"bugs":{"url":"https://github.com/jonschlinkert/is-glob/issues"},"license":{"type":"MIT","url":"https://github.com/jonschlinkert/is-glob/blob/master/LICENSE-MIT"},"main":"index.js","engines":{"node":">=0.10.0"},"scripts":{"test":"mocha -R spec"},"devDependencies":{"mocha":"*","should":"*"},"keywords":["exec","expression","glob","match","matches","pattern","re","regex","regular","string","test"],"_id":"is-glob@0.1.0","_shasum":"d93dae5cf98c8c26bbedd591eee9dfb791be8bf6","_from":".","_npmVersion":"1.4.23","_npmUser":{"name":"jonschlinkert","email":"github@sellside.com"},"maintainers":[{"name":"jonschlinkert","email":"github@sellside.com"}],"dist":{"shasum":"d93dae5cf98c8c26bbedd591eee9dfb791be8bf6","tarball":"https://registry.npmjs.org/is-glob/-/is-glob-0.1.0.tgz"},"directories":{}},"0.2.0":{"name":"is-glob","description":"Returns `true` if the given string looks like a glob pattern.","version":"0.2.0","homepage":"https://github.com/jonschlinkert/is-glob","author":{"name":"Jon Schlinkert","url":"https://github.com/jonschlinkert"},"repository":{"type":"git","url":"git://github.com/jonschlinkert/is-glob.git"},"bugs":{"url":"https://github.com/jonschlinkert/is-glob/issues"},"license":{"type":"MIT","url":"https://github.com/jonschlinkert/is-glob/blob/master/LICENSE-MIT"},"main":"index.js","engines":{"node":">=0.10.0"},"scripts":{"test":"mocha -R spec"},"devDependencies":{"mocha":"*","should":"*"},"keywords":["exec","expression","glob","match","matches","pattern","re","regex","regular","string","test"],"gitHead":"fa474583adbc4c16bd7508d54a5d23627ef7a8d6","_id":"is-glob@0.2.0","_shasum":"96c0f79ac570ac428ae1460f97dd63a55d8b43d4","_from":".","_npmVersion":"1.4.23","_npmUser":{"name":"jonschlinkert","email":"github@sellside.com"},"maintainers":[{"name":"jonschlinkert","email":"github@sellside.com"}],"dist":{"shasum":"96c0f79ac570ac428ae1460f97dd63a55d8b43d4","tarball":"https://registry.npmjs.org/is-glob/-/is-glob-0.2.0.tgz"},"directories":{}},"0.3.0":{"name":"is-glob","description":"Returns `true` if the given string looks like a glob pattern.","version":"0.3.0","homepage":"https://github.com/jonschlinkert/is-glob","author":{"name":"Jon Schlinkert","url":"https://github.com/jonschlinkert"},"repository":{"type":"git","url":"git://github.com/jonschlinkert/is-glob.git"},"bugs":{"url":"https://github.com/jonschlinkert/is-glob/issues"},"license":{"type":"MIT","url":"https://github.com/jonschlinkert/is-glob/blob/master/LICENSE-MIT"},"main":"index.js","engines":{"node":">=0.10.0"},"scripts":{"test":"mocha -R spec"},"devDependencies":{"mocha":"*","should":"*"},"keywords":["exec","expression","glob","match","matches","pattern","re","regex","regular","string","test"],"gitHead":"1a9b2d4dacc0057fdce173eaf344d1cb72583fc6","_id":"is-glob@0.3.0","_shasum":"36f358abccfb33836406c44075b121a58736a382","_from":".","_npmVersion":"1.4.23","_npmUser":{"name":"jonschlinkert","email":"github@sellside.com"},"maintainers":[{"name":"jonschlinkert","email":"github@sellside.com"}],"dist":{"shasum":"36f358abccfb33836406c44075b121a58736a382","tarball":"https://registry.npmjs.org/is-glob/-/is-glob-0.3.0.tgz"},"directories":{}},"1.0.0":{"name":"is-glob","description":"Returns `true` if the given string looks like a glob pattern.","version":"1.0.0","homepage":"https://github.com/jonschlinkert/is-glob","author":{"name":"Jon Schlinkert","url":"https://github.com/jonschlinkert"},"repository":{"type":"git","url":"git://github.com/jonschlinkert/is-glob.git"},"bugs":{"url":"https://github.com/jonschlinkert/is-glob/issues"},"license":{"type":"MIT","url":"https://github.com/jonschlinkert/is-glob/blob/master/LICENSE"},"main":"index.js","engines":{"node":">=0.10.0"},"scripts":{"test":"mocha -R spec"},"devDependencies":{"mocha":"*","should":"*"},"keywords":["exec","expression","glob","match","matches","pattern","re","regex","regular","string","test"],"gitHead":"d068608972a863d853dee5e75c73b95838e301e4","_id":"is-glob@1.0.0","_shasum":"50c5011672a505b1c772bc02cccc078110e47da9","_from":".","_npmVersion":"1.4.23","_npmUser":{"name":"jonschlinkert","email":"github@sellside.com"},"maintainers":[{"name":"jonschlinkert","email":"github@sellside.com"}],"dist":{"shasum":"50c5011672a505b1c772bc02cccc078110e47da9","tarball":"https://registry.npmjs.org/is-glob/-/is-glob-1.0.0.tgz"},"directories":{}},"1.1.0":{"name":"is-glob","description":"Returns `true` if the given string looks like a glob pattern.","version":"1.1.0","homepage":"https://github.com/jonschlinkert/is-glob","author":{"name":"Jon Schlinkert","url":"https://github.com/jonschlinkert"},"repository":{"type":"git","url":"git://github.com/jonschlinkert/is-glob.git"},"bugs":{"url":"https://github.com/jonschlinkert/is-glob/issues"},"license":{"type":"MIT","url":"https://github.com/jonschlinkert/is-glob/blob/master/LICENSE"},"main":"index.js","engines":{"node":">=0.10.0"},"scripts":{"test":"mocha -R spec"},"devDependencies":{"mocha":"*","should":"*"},"keywords":["bash","braces","check","exec","expression","glob","globstar","match","matches","pattern","regex","regular","string","test"],"gitHead":"01054073f4326c63afe61d84b75aee6914e03546","_id":"is-glob@1.1.0","_shasum":"e1970788df44c826dbdf8a79b4cf4e951219bd63","_from":".","_npmVersion":"1.4.23","_npmUser":{"name":"jonschlinkert","email":"github@sellside.com"},"maintainers":[{"name":"jonschlinkert","email":"github@sellside.com"}],"dist":{"shasum":"e1970788df44c826dbdf8a79b4cf4e951219bd63","tarball":"https://registry.npmjs.org/is-glob/-/is-glob-1.1.0.tgz"},"directories":{}},"1.1.1":{"name":"is-glob","description":"Returns `true` if the given string looks like a glob pattern.","version":"1.1.1","homepage":"https://github.com/jonschlinkert/is-glob","author":{"name":"Jon Schlinkert","url":"https://github.com/jonschlinkert"},"repository":{"type":"git","url":"https://github.com/jonschlinkert/is-glob"},"bugs":{"url":"https://github.com/jonschlinkert/is-glob/issues"},"license":"MIT","files":["index.js"],"main":"index.js","engines":{"node":">=0.10.0"},"scripts":{"test":"mocha"},"devDependencies":{"mocha":"*","should":"*"},"keywords":["bash","braces","check","exec","extglob","expression","glob","globbing","globstar","match","matches","pattern","regex","regular","string","test"],"gitHead":"f3527a1072e036d007ac3f971d79bcc2f83c36f3","_id":"is-glob@1.1.1","_shasum":"06801ba469d88bc46778ef1aa8e265f6acda9856","_from":".","_npmVersion":"2.5.1","_nodeVersion":"0.12.0","_npmUser":{"name":"jonschlinkert","email":"github@sellside.com"},"maintainers":[{"name":"jonschlinkert","email":"github@sellside.com"}],"dist":{"shasum":"06801ba469d88bc46778ef1aa8e265f6acda9856","tarball":"https://registry.npmjs.org/is-glob/-/is-glob-1.1.1.tgz"},"directories":{}},"1.1.2":{"name":"is-glob","description":"Returns `true` if the given string looks like a glob pattern.","version":"1.1.2","homepage":"https://github.com/jonschlinkert/is-glob","author":{"name":"Jon Schlinkert","url":"https://github.com/jonschlinkert"},"repository":{"type":"git","url":"https://github.com/jonschlinkert/is-glob"},"bugs":{"url":"https://github.com/jonschlinkert/is-glob/issues"},"license":"MIT","files":["index.js"],"main":"index.js","engines":{"node":">=0.10.0"},"scripts":{"test":"mocha"},"devDependencies":{"mocha":"*","should":"*"},"keywords":["bash","braces","check","exec","extglob","expression","glob","globbing","globstar","match","matches","pattern","regex","regular","string","test"],"gitHead":"dbfdb6a271cc0fc46168d23dc0603739ff287e01","_id":"is-glob@1.1.2","_shasum":"2d3ea960a5af26ab6d136adb5dc8d6f99e4dc0f6","_from":".","_npmVersion":"2.5.1","_nodeVersion":"0.12.0","_npmUser":{"name":"jonschlinkert","email":"github@sellside.com"},"maintainers":[{"name":"jonschlinkert","email":"github@sellside.com"}],"dist":{"shasum":"2d3ea960a5af26ab6d136adb5dc8d6f99e4dc0f6","tarball":"https://registry.npmjs.org/is-glob/-/is-glob-1.1.2.tgz"},"directories":{}},"1.1.3":{"name":"is-glob","description":"Returns `true` if the given string looks like a glob pattern.","version":"1.1.3","homepage":"https://github.com/jonschlinkert/is-glob","author":{"name":"Jon Schlinkert","url":"https://github.com/jonschlinkert"},"repository":{"type":"git","url":"https://github.com/jonschlinkert/is-glob"},"bugs":{"url":"https://github.com/jonschlinkert/is-glob/issues"},"license":"MIT","files":["index.js"],"main":"index.js","engines":{"node":">=0.10.0"},"scripts":{"test":"mocha"},"devDependencies":{"mocha":"*","should":"*"},"keywords":["bash","braces","check","exec","extglob","expression","glob","globbing","globstar","match","matches","pattern","regex","regular","string","test"],"gitHead":"dbfdb6a271cc0fc46168d23dc0603739ff287e01","_id":"is-glob@1.1.3","_shasum":"b4c64b8303d39114492a460d364ccfb0d3c0a045","_from":".","_npmVersion":"2.5.1","_nodeVersion":"0.12.0","_npmUser":{"name":"jonschlinkert","email":"github@sellside.com"},"maintainers":[{"name":"jonschlinkert","email":"github@sellside.com"}],"dist":{"shasum":"b4c64b8303d39114492a460d364ccfb0d3c0a045","tarball":"https://registry.npmjs.org/is-glob/-/is-glob-1.1.3.tgz"},"directories":{}},"2.0.0":{"name":"is-glob","description":"Returns `true` if the given string looks like a glob pattern.","version":"2.0.0","homepage":"https://github.com/jonschlinkert/is-glob","author":{"name":"Jon Schlinkert","url":"https://github.com/jonschlinkert"},"repository":{"type":"git","url":"https://github.com/jonschlinkert/is-glob"},"bugs":{"url":"https://github.com/jonschlinkert/is-glob/issues"},"license":"MIT","files":["index.js"],"main":"index.js","engines":{"node":">=0.10.0"},"scripts":{"test":"mocha"},"devDependencies":{"mocha":"*","should":"*"},"keywords":["bash","braces","check","exec","extglob","expression","glob","globbing","globstar","match","matches","pattern","regex","regular","string","test"],"gitHead":"722a6e9f14cb370aa8cc5976d1319bc5ce8dfdfe","_id":"is-glob@2.0.0","_shasum":"97fcea442d4cb45cfa79e7447b78cf1d48eee4f5","_from":".","_npmVersion":"2.5.1","_nodeVersion":"0.12.0","_npmUser":{"name":"jonschlinkert","email":"github@sellside.com"},"maintainers":[{"name":"jonschlinkert","email":"github@sellside.com"}],"dist":{"shasum":"97fcea442d4cb45cfa79e7447b78cf1d48eee4f5","tarball":"https://registry.npmjs.org/is-glob/-/is-glob-2.0.0.tgz"},"directories":{}},"2.0.1":{"name":"is-glob","description":"Returns `true` if the given string looks like a glob pattern or an extglob pattern. This makes it easy to create code that only uses external modules like node-glob when necessary, resulting in much faster code execution and initialization time, and a bet","version":"2.0.1","homepage":"https://github.com/jonschlinkert/is-glob","author":{"name":"Jon Schlinkert","url":"https://github.com/jonschlinkert"},"repository":{"type":"git","url":"git+https://github.com/jonschlinkert/is-glob.git"},"bugs":{"url":"https://github.com/jonschlinkert/is-glob/issues"},"license":"MIT","files":["index.js"],"main":"index.js","engines":{"node":">=0.10.0"},"scripts":{"test":"mocha"},"dependencies":{"is-extglob":"^1.0.0"},"devDependencies":{"mocha":"*"},"keywords":["bash","braces","check","exec","extglob","expression","glob","globbing","globstar","match","matches","pattern","regex","regular","string","test"],"verb":{"related":{"list":["has-glob","is-extglob","is-posix-bracket","is-valid-glob","micromatch"]}},"gitHead":"d7db1b2dd559b3d5a73f89dbe72d9e9f4d6587d7","_id":"is-glob@2.0.1","_shasum":"d096f926a3ded5600f3fdfd91198cb0888c2d863","_from":".","_npmVersion":"2.10.1","_nodeVersion":"0.12.4","_npmUser":{"name":"jonschlinkert","email":"github@sellside.com"},"maintainers":[{"name":"jonschlinkert","email":"github@sellside.com"},{"name":"doowb","email":"brian.woodward@gmail.com"}],"dist":{"shasum":"d096f926a3ded5600f3fdfd91198cb0888c2d863","tarball":"https://registry.npmjs.org/is-glob/-/is-glob-2.0.1.tgz"},"directories":{}},"3.0.0":{"name":"is-glob","description":"Returns `true` if the given string looks like a glob pattern or an extglob pattern. This makes it easy to create code that only uses external modules like node-glob when necessary, resulting in much faster code execution and initialization time, and a bet","version":"3.0.0","homepage":"https://github.com/jonschlinkert/is-glob","author":{"name":"Jon Schlinkert","url":"https://github.com/jonschlinkert"},"contributors":[{"name":"Daniel Perez","email":"daniel@claudetech.com","url":"http://tuvistavie.com"},{"name":"Jon Schlinkert","email":"jon.schlinkert@sellside.com","url":"http://twitter.com/jonschlinkert"}],"repository":{"type":"git","url":"git+https://github.com/jonschlinkert/is-glob.git"},"bugs":{"url":"https://github.com/jonschlinkert/is-glob/issues"},"license":"MIT","files":["index.js","LICENSE","README.md"],"main":"index.js","engines":{"node":">=0.10.0"},"scripts":{"test":"mocha"},"dependencies":{"is-extglob":"^2.0.0"},"devDependencies":{"gulp-format-md":"^0.1.10","mocha":"^3.0.2"},"keywords":["bash","braces","check","exec","expression","extglob","glob","globbing","globstar","is","match","matches","pattern","regex","regular","string","test"],"verb":{"layout":"default","plugins":["gulp-format-md"],"related":{"list":["assemble","base","update","verb"]},"reflinks":["assemble","bach","base","composer","gulp","has-glob","is-valid-glob","micromatch","npm","scaffold","verb","vinyl"]},"gitHead":"57657ef7749e447571b01ea6b068e8288ed539a4","_id":"is-glob@3.0.0","_shasum":"e433c222db9d77844084d72db1eff047845985c1","_from":".","_npmVersion":"3.10.3","_nodeVersion":"6.3.0","_npmUser":{"name":"jonschlinkert","email":"github@sellside.com"},"maintainers":[{"name":"jonschlinkert","email":"github@sellside.com"},{"name":"doowb","email":"brian.woodward@gmail.com"}],"dist":{"shasum":"e433c222db9d77844084d72db1eff047845985c1","tarball":"https://registry.npmjs.org/is-glob/-/is-glob-3.0.0.tgz"},"_npmOperationalInternal":{"host":"packages-12-west.internal.npmjs.com","tmp":"tmp/is-glob-3.0.0.tgz_1472932646404_0.7158155627548695"},"directories":{}},"3.1.0":{"name":"is-glob","description":"Returns `true` if the given string looks like a glob pattern or an extglob pattern. This makes it easy to create code that only uses external modules like node-glob when necessary, resulting in much faster code execution and initialization time, and a bet","version":"3.1.0","homepage":"https://github.com/jonschlinkert/is-glob","author":{"name":"Jon Schlinkert","url":"https://github.com/jonschlinkert"},"contributors":[{"name":"Daniel Perez","email":"daniel@claudetech.com","url":"http://tuvistavie.com"},{"name":"Jon Schlinkert","email":"jon.schlinkert@sellside.com","url":"http://twitter.com/jonschlinkert"}],"repository":{"type":"git","url":"git+https://github.com/jonschlinkert/is-glob.git"},"bugs":{"url":"https://github.com/jonschlinkert/is-glob/issues"},"license":"MIT","files":["index.js"],"main":"index.js","engines":{"node":">=0.10.0"},"scripts":{"test":"mocha"},"dependencies":{"is-extglob":"^2.1.0"},"devDependencies":{"gulp-format-md":"^0.1.10","mocha":"^3.0.2"},"keywords":["bash","braces","check","exec","expression","extglob","glob","globbing","globstar","is","match","matches","pattern","regex","regular","string","test"],"verb":{"layout":"default","plugins":["gulp-format-md"],"related":{"list":["assemble","base","update","verb"]},"reflinks":["assemble","bach","base","composer","gulp","has-glob","is-valid-glob","micromatch","npm","scaffold","verb","vinyl"]},"gitHead":"4537576b5747e03db2f78235c98ec27755ace63c","_id":"is-glob@3.1.0","_shasum":"7ba5ae24217804ac70707b96922567486cc3e84a","_from":".","_npmVersion":"3.10.3","_nodeVersion":"6.7.0","_npmUser":{"name":"jonschlinkert","email":"github@sellside.com"},"maintainers":[{"name":"jonschlinkert","email":"github@sellside.com"},{"name":"doowb","email":"brian.woodward@gmail.com"}],"dist":{"shasum":"7ba5ae24217804ac70707b96922567486cc3e84a","tarball":"https://registry.npmjs.org/is-glob/-/is-glob-3.1.0.tgz"},"_npmOperationalInternal":{"host":"packages-12-west.internal.npmjs.com","tmp":"tmp/is-glob-3.1.0.tgz_1476311825972_0.002021018648520112"},"directories":{}}},"readme":"# is-glob [![NPM version](https://img.shields.io/npm/v/is-glob.svg?style=flat)](https://www.npmjs.com/package/is-glob) [![NPM downloads](https://img.shields.io/npm/dm/is-glob.svg?style=flat)](https://npmjs.org/package/is-glob) [![Build Status](https://img.shields.io/travis/jonschlinkert/is-glob.svg?style=flat)](https://travis-ci.org/jonschlinkert/is-glob)\n\n> Returns `true` if the given string looks like a glob pattern or an extglob pattern. This makes it easy to create code that only uses external modules like node-glob when necessary, resulting in much faster code execution and initialization time, and a better user experience.\n\n## Install\n\nInstall with [npm](https://www.npmjs.com/):\n\n```sh\n$ npm install --save is-glob\n```\n\nYou might also be interested in [is-valid-glob](https://github.com/jonschlinkert/is-valid-glob) and [has-glob](https://github.com/jonschlinkert/has-glob).\n\n## Usage\n\n```js\nvar isGlob = require('is-glob');\n```\n\n**True**\n\nPatterns that have glob characters or regex patterns will return `true`:\n\n```js\nisGlob('!foo.js');\nisGlob('*.js');\nisGlob('**/abc.js');\nisGlob('abc/*.js');\nisGlob('abc/(aaa|bbb).js');\nisGlob('abc/[a-z].js');\nisGlob('abc/{a,b}.js');\nisGlob('abc/?.js');\n//=> true\n```\n\nExtglobs\n\n```js\nisGlob('abc/@(a).js');\nisGlob('abc/!(a).js');\nisGlob('abc/+(a).js');\nisGlob('abc/*(a).js');\nisGlob('abc/?(a).js');\n//=> true\n```\n\n**False**\n\nEscaped globs or extglobs return `false`:\n\n```js\nisGlob('abc/\\\\@(a).js');\nisGlob('abc/\\\\!(a).js');\nisGlob('abc/\\\\+(a).js');\nisGlob('abc/\\\\*(a).js');\nisGlob('abc/\\\\?(a).js');\nisGlob('\\\\!foo.js');\nisGlob('\\\\*.js');\nisGlob('\\\\*\\\\*/abc.js');\nisGlob('abc/\\\\*.js');\nisGlob('abc/\\\\(aaa|bbb).js');\nisGlob('abc/\\\\[a-z].js');\nisGlob('abc/\\\\{a,b}.js');\nisGlob('abc/\\\\?.js');\n//=> false\n```\n\nPatterns that do not have glob patterns return `false`:\n\n```js\nisGlob('abc.js');\nisGlob('abc/def/ghi.js');\nisGlob('foo.js');\nisGlob('abc/@.js');\nisGlob('abc/+.js');\nisGlob();\nisGlob(null);\n//=> false\n```\n\nArrays are also `false` (If you want to check if an array has a glob pattern, use [has-glob](https://github.com/jonschlinkert/has-glob)):\n\n```js\nisGlob(['**/*.js']);\nisGlob(['foo.js']);\n//=> false\n```\n\n## About\n\n### Related projects\n\n* [assemble](https://www.npmjs.com/package/assemble): Get the rocks out of your socks! Assemble makes you fast at creating web projects… [more](https://github.com/assemble/assemble) | [homepage](https://github.com/assemble/assemble \"Get the rocks out of your socks! Assemble makes you fast at creating web projects. Assemble is used by thousands of projects for rapid prototyping, creating themes, scaffolds, boilerplates, e-books, UI components, API documentation, blogs, building websit\")\n* [base](https://www.npmjs.com/package/base): base is the foundation for creating modular, unit testable and highly pluggable node.js applications, starting… [more](https://github.com/node-base/base) | [homepage](https://github.com/node-base/base \"base is the foundation for creating modular, unit testable and highly pluggable node.js applications, starting with a handful of common methods, like `set`, `get`, `del` and `use`.\")\n* [update](https://www.npmjs.com/package/update): Be scalable! Update is a new, open source developer framework and CLI for automating updates… [more](https://github.com/update/update) | [homepage](https://github.com/update/update \"Be scalable! Update is a new, open source developer framework and CLI for automating updates of any kind in code projects.\")\n* [verb](https://www.npmjs.com/package/verb): Documentation generator for GitHub projects. Verb is extremely powerful, easy to use, and is used… [more](https://github.com/verbose/verb) | [homepage](https://github.com/verbose/verb \"Documentation generator for GitHub projects. Verb is extremely powerful, easy to use, and is used on hundreds of projects of all sizes to generate everything from API docs to readmes.\")\n\n### Contributing\n\nPull requests and stars are always welcome. For bugs and feature requests, [please create an issue](../../issues/new).\n\n### Contributors\n\n| **Commits** | **Contributor**<br/> | \n| --- | --- |\n| 40 | [jonschlinkert](https://github.com/jonschlinkert) |\n| 1 | [tuvistavie](https://github.com/tuvistavie) |\n\n### Building docs\n\n_(This document was generated by [verb-generate-readme](https://github.com/verbose/verb-generate-readme) (a [verb](https://github.com/verbose/verb) generator), please don't edit the readme directly. Any changes to the readme must be made in [.verb.md](.verb.md).)_\n\nTo generate the readme and API documentation with [verb](https://github.com/verbose/verb):\n\n```sh\n$ npm install -g verb verb-generate-readme && verb\n```\n\n### Running tests\n\nInstall dev dependencies:\n\n```sh\n$ npm install -d && npm test\n```\n\n### Author\n\n**Jon Schlinkert**\n\n* [github/jonschlinkert](https://github.com/jonschlinkert)\n* [twitter/jonschlinkert](http://twitter.com/jonschlinkert)\n\n### License\n\nCopyright © 2016, [Jon Schlinkert](https://github.com/jonschlinkert).\nReleased under the [MIT license](https://github.com/jonschlinkert/is-glob/blob/master/LICENSE).\n\n***\n\n_This file was generated by [verb-generate-readme](https://github.com/verbose/verb-generate-readme), v0.1.31, on October 12, 2016._","maintainers":[{"name":"jonschlinkert","email":"github@sellside.com"},{"name":"doowb","email":"brian.woodward@gmail.com"}],"time":{"modified":"2016-11-05T02:08:02.622Z","created":"2014-12-18T10:42:32.979Z","0.1.0":"2014-12-18T10:42:32.979Z","0.2.0":"2014-12-18T18:59:26.170Z","0.3.0":"2014-12-24T01:37:47.313Z","1.0.0":"2015-01-13T10:48:33.051Z","1.1.0":"2015-01-16T10:38:04.362Z","1.1.1":"2015-02-20T11:25:17.297Z","1.1.2":"2015-03-04T20:11:05.448Z","1.1.3":"2015-03-04T20:11:47.875Z","2.0.0":"2015-05-06T10:46:05.019Z","2.0.1":"2015-10-02T04:34:41.446Z","3.0.0":"2016-09-03T19:57:28.446Z","3.1.0":"2016-10-12T22:37:07.741Z"},"homepage":"https://github.com/jonschlinkert/is-glob","keywords":["bash","braces","check","exec","expression","extglob","glob","globbing","globstar","is","match","matches","pattern","regex","regular","string","test"],"repository":{"type":"git","url":"git+https://github.com/jonschlinkert/is-glob.git"},"author":{"name":"Jon Schlinkert","url":"https://github.com/jonschlinkert"},"bugs":{"url":"https://github.com/jonschlinkert/is-glob/issues"},"license":"MIT","readmeFilename":"README.md","users":{"jonschlinkert":true,"youstrive":true,"chrisyipw":true,"danielbayley":true},"contributors":[{"name":"Daniel Perez","email":"daniel@claudetech.com","url":"http://tuvistavie.com"},{"name":"Jon Schlinkert","email":"jon.schlinkert@sellside.com","url":"http://twitter.com/jonschlinkert"}],"_attachments":{},"_etag":"W/\"581d3f02-5be8\"","_lastModified":"Sat, 05 Nov 2016 02:08:02 GMT"}