{"digest":"70f8674ff2b98bc0af5bbbb850cebf5083e321af","css":".styleguide {\n  position: relative;\n  display: flex;\n  flex-direction: column;\n}\n.styleguide a {\n  text-decoration: underline;\n}\n.styleguide-controls {\n  position: absolute;\n  right: 10px;\n  top: 10px;\n  z-index: 100;\n}\n.styleguide-header {\n  padding: 15px;\n  border-bottom: 1px solid #181a1f;\n}\n.styleguide-header h1 {\n  font-size: 2em;\n  margin: 0 0 .5em 0;\n  color: #d7dae0;\n}\n.styleguide-header p {\n  font-size: 1.2em;\n}\n.styleguide-header p:last-of-type {\n  margin-bottom: 0;\n}\n.styleguide-sections {\n  flex: 1;\n  overflow: auto;\n}\n.styleguide-sections > section {\n  background-color: #23272e;\n  padding: 0;\n  border-bottom: 1px solid #181a1f;\n  border-top: none;\n}\n.styleguide-sections > section:last-child {\n  margin-bottom: 0;\n}\n.styleguide-sections > section.collapsed {\n  background-color: #282c34;\n}\n.styleguide-sections > section.collapsed > .section-heading {\n  display: block;\n  margin: 0;\n  padding-bottom: 15px;\n  color: #9da5b4;\n}\n.styleguide-sections > section.collapsed > .section-heading:hover {\n  color: #d7dae0;\n  background-color: #31363f;\n}\n.styleguide-sections > section.collapsed > .section-heading:active {\n  background-color: #282c34;\n}\n.styleguide-sections > section.collapsed > * {\n  display: none;\n}\n.styleguide-sections .section-heading.section-heading {\n  padding: 15px 15px 0 15px;\n  cursor: pointer;\n  font-weight: normal;\n  font-size: 1.8em;\n  color: #d7dae0;\n}\n.styleguide-sections section > h2 {\n  font-size: 1.5em;\n  line-height: 1.2;\n  margin: 1em 15px 0 15px;\n  color: #d7dae0;\n}\n.styleguide-sections section > p {\n  font-size: 1.1em;\n  margin: 0.5em 15px 1em 15px;\n}\n.styleguide .example {\n  display: flex;\n  flex-wrap: wrap;\n  border-radius: 3px;\n  padding: 5px;\n}\n.styleguide .example .example-rendered,\n.styleguide .example .example-code {\n  position: relative;\n  flex: 1 1 300px;\n  min-width: 0;\n  margin: 5px;\n  border-radius: 3px;\n  border: 1px solid #181a1f;\n}\n.styleguide .example .example-rendered {\n  padding: 10px;\n  background: #282c34;\n  overflow: hidden;\n}\n.styleguide .example .example-code {\n  background-color: #282c34;\n}\n.styleguide .example .example-code pre {\n  border: none;\n  background-color: inherit;\n}\n","imports":[{"path":"static\\variables\\ui-variables.less","digest":"e3029f763111ec391f6dcea8178d35be7c798b4f"},{"path":"static\\variables\\syntax-variables.less","digest":"812c1b7883a023f768773d14294653adcdb932d7"},{"path":"C:\\Users\\JRodr\\.atom\\packages\\material-ui\\styles\\ui-variables.less","digest":"45819ad5bbf7b4233dbc3fad269f8a93510eee14"},{"path":"node_modules\\one-dark-syntax\\styles\\syntax-variables.less","digest":"3c7face5194cc85d83f478b41471c2ac17f6bef1"},{"path":"node_modules\\one-dark-syntax\\styles\\colors.less","digest":"66bba03e9aabff000a84c2839a9d3e9a9fa08e0e"},{"path":"node_modules\\one-dark-syntax\\styles\\syntax-variables.less","digest":"3c7face5194cc85d83f478b41471c2ac17f6bef1"},{"path":"node_modules\\one-dark-syntax\\styles\\colors.less","digest":"66bba03e9aabff000a84c2839a9d3e9a9fa08e0e"}],"version":1}