{"_id":"isarray","_rev":"19-0e97d68871b64848c2f78b371490cdb3","name":"isarray","description":"Array#isArray for older browsers","dist-tags":{"latest":"2.0.1"},"versions":{"0.0.0":{"name":"isarray","description":"Array#isArray for older browsers","version":"0.0.0","repository":{"type":"git","url":"git://github.com/juliangruber/isarray.git"},"homepage":"https://github.com/juliangruber/isarray","main":"index.js","scripts":{"test":"tap test/*.js"},"dependencies":{},"devDependencies":{"tap":"*"},"keywords":["browser","isarray","array"],"author":{"name":"Julian Gruber","email":"mail@juliangruber.com","url":"http://juliangruber.com"},"license":"MIT","_id":"isarray@0.0.0","dist":{"shasum":"643ef22a01dd5b244411c2afedd4347489fb392e","tarball":"https://registry.npmjs.org/isarray/-/isarray-0.0.0.tgz"},"_from":".","_npmVersion":"1.2.18","_npmUser":{"name":"juliangruber","email":"julian@juliangruber.com"},"maintainers":[{"name":"juliangruber","email":"julian@juliangruber.com"}],"directories":{}},"0.0.1":{"name":"isarray","description":"Array#isArray for older browsers","version":"0.0.1","repository":{"type":"git","url":"git://github.com/juliangruber/isarray.git"},"homepage":"https://github.com/juliangruber/isarray","main":"index.js","scripts":{"test":"tap test/*.js"},"dependencies":{},"devDependencies":{"tap":"*"},"keywords":["browser","isarray","array"],"author":{"name":"Julian Gruber","email":"mail@juliangruber.com","url":"http://juliangruber.com"},"license":"MIT","_id":"isarray@0.0.1","dist":{"shasum":"8a18acfca9a8f4177e09abfc6038939b05d1eedf","tarball":"https://registry.npmjs.org/isarray/-/isarray-0.0.1.tgz"},"_from":".","_npmVersion":"1.2.18","_npmUser":{"name":"juliangruber","email":"julian@juliangruber.com"},"maintainers":[{"name":"juliangruber","email":"julian@juliangruber.com"}],"directories":{}},"1.0.0":{"name":"isarray","description":"Array#isArray for older browsers","version":"1.0.0","repository":{"type":"git","url":"git://github.com/juliangruber/isarray.git"},"homepage":"https://github.com/juliangruber/isarray","main":"index.js","dependencies":{},"devDependencies":{"tape":"~2.13.4"},"keywords":["browser","isarray","array"],"author":{"name":"Julian Gruber","email":"mail@juliangruber.com","url":"http://juliangruber.com"},"license":"MIT","testling":{"files":"test.js","browsers":["ie/8..latest","firefox/17..latest","firefox/nightly","chrome/22..latest","chrome/canary","opera/12..latest","opera/next","safari/5.1..latest","ipad/6.0..latest","iphone/6.0..latest","android-browser/4.2..latest"]},"scripts":{"test":"tape test.js"},"gitHead":"2a23a281f369e9ae06394c0fb4d2381355a6ba33","bugs":{"url":"https://github.com/juliangruber/isarray/issues"},"_id":"isarray@1.0.0","_shasum":"bb935d48582cba168c06834957a54a3e07124f11","_from":".","_npmVersion":"3.3.12","_nodeVersion":"5.1.0","_npmUser":{"name":"juliangruber","email":"julian@juliangruber.com"},"dist":{"shasum":"bb935d48582cba168c06834957a54a3e07124f11","tarball":"https://registry.npmjs.org/isarray/-/isarray-1.0.0.tgz"},"maintainers":[{"name":"juliangruber","email":"julian@juliangruber.com"}],"directories":{}},"2.0.0":{"name":"isarray","description":"Array#isArray for older browsers","version":"2.0.0","repository":{"type":"git","url":"git://github.com/juliangruber/isarray.git"},"homepage":"https://github.com/juliangruber/isarray","main":"index.js","dependencies":{},"devDependencies":{"tape":"~2.13.4"},"keywords":["browser","isarray","array"],"author":{"name":"Julian Gruber","email":"mail@juliangruber.com","url":"http://juliangruber.com"},"license":"MIT","testling":{"files":"test.js","browsers":["ie/8..latest","firefox/17..latest","firefox/nightly","chrome/22..latest","chrome/canary","opera/12..latest","opera/next","safari/5.1..latest","ipad/6.0..latest","iphone/6.0..latest","android-browser/4.2..latest"]},"scripts":{"test":"tape test.js"},"gitHead":"5ccb3ceb49561cd262ff596994e2aa0dfad94da9","bugs":{"url":"https://github.com/juliangruber/isarray/issues"},"_id":"isarray@2.0.0","_shasum":"3ac1d0b7cb66703a6aa1feaa92aedcb49b5ebf53","_from":".","_npmVersion":"2.15.8","_nodeVersion":"4.4.7","_npmUser":{"name":"juliangruber","email":"julian@juliangruber.com"},"dist":{"shasum":"3ac1d0b7cb66703a6aa1feaa92aedcb49b5ebf53","tarball":"https://registry.npmjs.org/isarray/-/isarray-2.0.0.tgz"},"maintainers":[{"name":"juliangruber","email":"julian@juliangruber.com"}],"_npmOperationalInternal":{"host":"packages-12-west.internal.npmjs.com","tmp":"tmp/isarray-2.0.0.tgz_1474735671571_0.3229408422484994"},"deprecated":"Just use Array.isArray directly","directories":{}},"2.0.1":{"name":"isarray","description":"Array#isArray for older browsers","version":"2.0.1","repository":{"type":"git","url":"git://github.com/juliangruber/isarray.git"},"homepage":"https://github.com/juliangruber/isarray","main":"index.js","files":["index.js"],"dependencies":{},"devDependencies":{"tape":"~2.13.4"},"keywords":["browser","isarray","array"],"author":{"name":"Julian Gruber","email":"mail@juliangruber.com","url":"http://juliangruber.com"},"license":"MIT","testling":{"files":"test.js","browsers":["ie/8..latest","firefox/17..latest","firefox/nightly","chrome/22..latest","chrome/canary","opera/12..latest","opera/next","safari/5.1..latest","ipad/6.0..latest","iphone/6.0..latest","android-browser/4.2..latest"]},"scripts":{"test":"tape test.js"},"gitHead":"d7f00583d8f58215cea94a81de85c6b4d33bead2","bugs":{"url":"https://github.com/juliangruber/isarray/issues"},"_id":"isarray@2.0.1","_shasum":"a37d94ed9cda2d59865c9f76fe596ee1f338741e","_from":".","_npmVersion":"2.15.8","_nodeVersion":"4.4.7","_npmUser":{"name":"juliangruber","email":"julian@juliangruber.com"},"dist":{"shasum":"a37d94ed9cda2d59865c9f76fe596ee1f338741e","tarball":"https://registry.npmjs.org/isarray/-/isarray-2.0.1.tgz"},"maintainers":[{"name":"juliangruber","email":"julian@juliangruber.com"}],"_npmOperationalInternal":{"host":"packages-12-west.internal.npmjs.com","tmp":"tmp/isarray-2.0.1.tgz_1475080038422_0.2867460672277957"},"deprecated":"Just use Array.isArray directly","directories":{}}},"readme":"\n# isarray\n\n`Array#isArray` for older browsers.\n\n[![build status](https://secure.travis-ci.org/juliangruber/isarray.svg)](http://travis-ci.org/juliangruber/isarray)\n[![downloads](https://img.shields.io/npm/dm/isarray.svg)](https://www.npmjs.org/package/isarray)\n\n[![browser support](https://ci.testling.com/juliangruber/isarray.png)\n](https://ci.testling.com/juliangruber/isarray)\n\n## Usage\n\n```js\nvar isArray = require('isarray');\n\nconsole.log(isArray([])); // => true\nconsole.log(isArray({})); // => false\n```\n\n## Installation\n\nWith [npm](https://npmjs.org) do\n\n```bash\n$ npm install isarray\n```\n\nThen bundle for the browser with\n[browserify](https://github.com/substack/node-browserify).\n\n## License\n\n(MIT)\n\nCopyright (c) 2013 Julian Gruber &lt;julian@juliangruber.com&gt;\n\nPermission is hereby granted, free of charge, to any person obtaining a copy of\nthis software and associated documentation files (the \"Software\"), to deal in\nthe Software without restriction, including without limitation the rights to\nuse, copy, modify, merge, publish, distribute, sublicense, and/or sell copies\nof the Software, and to permit persons to whom the Software is furnished to do\nso, subject to the following conditions:\n\nThe above copyright notice and this permission notice shall be included in all\ncopies or substantial portions of the Software.\n\nTHE SOFTWARE IS PROVIDED \"AS IS\", WITHOUT WARRANTY OF ANY KIND, EXPRESS OR\nIMPLIED, INCLUDING BUT NOT LIMITED TO THE WARRANTIES OF MERCHANTABILITY,\nFITNESS FOR A PARTICULAR PURPOSE AND NONINFRINGEMENT. IN NO EVENT SHALL THE\nAUTHORS OR COPYRIGHT HOLDERS BE LIABLE FOR ANY CLAIM, DAMAGES OR OTHER\nLIABILITY, WHETHER IN AN ACTION OF CONTRACT, TORT OR OTHERWISE, ARISING FROM,\nOUT OF OR IN CONNECTION WITH THE SOFTWARE OR THE USE OR OTHER DEALINGS IN THE\nSOFTWARE.\n","maintainers":[{"name":"juliangruber","email":"julian@juliangruber.com"}],"time":{"modified":"2016-11-01T17:37:47.102Z","created":"2013-05-22T19:10:00.756Z","0.0.0":"2013-05-22T19:10:04.137Z","0.0.1":"2013-05-27T17:40:35.695Z","1.0.0":"2015-12-10T10:05:07.067Z","2.0.0":"2016-09-24T16:47:53.485Z","2.0.1":"2016-09-28T16:27:20.434Z"},"author":{"name":"Julian Gruber","email":"mail@juliangruber.com","url":"http://juliangruber.com"},"repository":{"type":"git","url":"git://github.com/juliangruber/isarray.git"},"users":{"tunnckocore":true,"billfeller":true,"simplyianm":true,"nickeltobias":true,"monjer":true,"tobiasnickel":true,"joshfm821":true,"mojaray2k":true},"homepage":"https://github.com/juliangruber/isarray","keywords":["browser","isarray","array"],"license":"MIT","readmeFilename":"README.md","bugs":{"url":"https://github.com/juliangruber/isarray/issues"},"_attachments":{},"_etag":"W/\"5818d2eb-226a\"","_lastModified":"Tue, 01 Nov 2016 17:37:47 GMT","_cached":true}