{"digest":"1894fde5996320c77612690d9c9a3517b6e7205c","css":".emmet-panel {\n  position: absolute;\n  z-index: 10;\n  background: #282c34;\n  color: #9da5b4;\n  padding: 5px;\n  min-width: 200px;\n  font-size: 12px;\n  -webkit-box-shadow: 0 0 20px rgba(0, 0, 0, 0.5);\n  box-shadow: 0 0 20px rgba(0, 0, 0, 0.5);\n}\n.emmet-panel-tail {\n  position: absolute;\n  left: 8px;\n  margin-top: -6px;\n  width: 15px;\n  height: 15px;\n  content: '';\n  display: inline-block;\n  background: inherit;\n  z-index: -1;\n  -webkit-transform: rotate(45deg);\n  transform: rotate(45deg);\n}\n.emmet-panel atom-text-editor[mini] {\n  z-index: 1;\n  line-height: 16px;\n}\n.emmet-prompt {\n  min-width: -webkit-min-content;\n  padding: 10px;\n  /* &__label {\n\t\tdisplay: inline-block;\n\t\twhite-space: nowrap;\n\t\tmin-width: -webkit-min-content;\n\t\tmin-width: min-content;\n\t\tpadding-right: 10px;\n\t\tmargin: 0;\n\t} */\n}\n.emmet-prompt__input {\n  flex: 1 100%;\n  margin: 0;\n}\n","imports":[{"path":"static\\variables\\ui-variables.less","digest":"e3029f763111ec391f6dcea8178d35be7c798b4f"},{"path":"static\\variables\\syntax-variables.less","digest":"812c1b7883a023f768773d14294653adcdb932d7"},{"path":"node_modules\\one-dark-ui\\styles\\ui-variables.less","digest":"ade239ee28a3515a891063cf32f6ab0f6abbee09"},{"path":"node_modules\\one-dark-ui\\styles\\ui-variables-custom.less","digest":"92eb775b31e95606771953333016577d686314d9"},{"path":"node_modules\\one-dark-syntax\\styles\\syntax-variables.less","digest":"3c7face5194cc85d83f478b41471c2ac17f6bef1"},{"path":"node_modules\\one-dark-syntax\\styles\\colors.less","digest":"66bba03e9aabff000a84c2839a9d3e9a9fa08e0e"}],"version":1}