{"digest":"1a60aca88d74fb6fb1984f727fbc6bdde3c8dbf5","css":"/*\n * Your Stylesheet\n *\n * This stylesheet is loaded when Atom starts up and is reloaded automatically\n * when it is changed and saved.\n *\n * Add your own CSS or Less to fully customize Atom.\n * If you are unfamiliar with Less, you can read more about it here:\n * http://lesscss.org\n */\n/*\n * Examples\n * (To see them, uncomment and save)\n */\natom-text-editor .cursor {\n  border-color: #9575cd;\n}\natom-text-editor .bracket-matcher .region {\n  border-bottom: 3px solid #9575cd;\n}\n.tab-bar .tab {\n  font-size: 14px;\n  font-weight: bold;\n  letter-spacing: 0.5px;\n}\n.tab-bar .tab.active[data-type$=\"Editor\"] .title {\n  border-bottom: 2px solid #9575cd;\n  border-left: 4px solid #9575cd;\n}\n.tree-view {\n  font-size: 16px;\n}\n","imports":[{"path":"static\\variables\\ui-variables.less","digest":"e3029f763111ec391f6dcea8178d35be7c798b4f"},{"path":"static\\variables\\syntax-variables.less","digest":"812c1b7883a023f768773d14294653adcdb932d7"}],"version":1}