{"_id":"console-browserify","_rev":"26-4e49ff2f22296863b14a754aa6c51ea8","name":"console-browserify","description":"Emulate console for all the browsers","dist-tags":{"latest":"1.1.0"},"versions":{"0.1.0":{"name":"console-browserify","version":"0.1.0","description":"Emulate console for all the browsers","keywords":[],"author":{"name":"Raynos","email":"raynos2@gmail.com"},"repository":{"type":"git","url":"git://github.com/Raynos/console-browserify.git"},"main":"index","homepage":"https://github.com/Raynos/console-browserify","contributors":[{"name":"Raynos"}],"bugs":{"url":"https://github.com/Raynos/console-browserify/issues","email":"raynos2@gmail.com"},"dependencies":{"date-now":"~0.1.0"},"devDependencies":{"tape":"~0.2.2","browserify":"https://github.com/raynos/node-browserify/tarball/master","testem":"~0.2.55"},"licenses":[{"type":"MIT","url":"http://github.com/Raynos/console-browserify/raw/master/LICENSE"}],"scripts":{"test":"node ./test","build":"browserify test/index.js -o test/static/bundle.js","testem":"testem","postinstall":"npm dedup"},"testling":{"files":"test/index.js","browsers":{"ie":["6","7","8","9","10"],"firefox":["16","17","nightly"],"chrome":["22","23","canary"],"opera":["12","next"],"safari":["5.1"]}},"_id":"console-browserify@0.1.0","dist":{"shasum":"8b268ddd05d6d6162f6bbd9f7a7316042fc63c42","tarball":"https://registry.npmjs.org/console-browserify/-/console-browserify-0.1.0.tgz"},"_npmVersion":"1.1.71","_npmUser":{"name":"raynos","email":"raynos2@gmail.com"},"maintainers":[{"name":"raynos","email":"raynos2@gmail.com"}],"directories":{}},"0.1.1":{"name":"console-browserify","version":"0.1.1","description":"Emulate console for all the browsers","keywords":[],"author":{"name":"Raynos","email":"raynos2@gmail.com"},"repository":{"type":"git","url":"git://github.com/Raynos/console-browserify.git"},"main":"index","homepage":"https://github.com/Raynos/console-browserify","contributors":[{"name":"Raynos"}],"bugs":{"url":"https://github.com/Raynos/console-browserify/issues","email":"raynos2@gmail.com"},"dependencies":{"date-now":"~0.1.0"},"devDependencies":{"tape":"~0.2.2","browserify":"https://github.com/raynos/node-browserify/tarball/master","testem":"~0.2.55"},"licenses":[{"type":"MIT","url":"http://github.com/Raynos/console-browserify/raw/master/LICENSE"}],"scripts":{"test":"node ./test","build":"browserify test/index.js -o test/static/bundle.js","testem":"testem","postinstall":"npm dedup"},"testling":{"files":"test/index.js","browsers":{"ie":["6","7","8","9","10"],"firefox":["16","17","nightly"],"chrome":["22","23","canary"],"opera":["12","next"],"safari":["5.1"]}},"_id":"console-browserify@0.1.1","dist":{"shasum":"1f7b530e8a94e28e8d7579bc21a18c076ed38874","tarball":"https://registry.npmjs.org/console-browserify/-/console-browserify-0.1.1.tgz"},"_npmVersion":"1.1.71","_npmUser":{"name":"raynos","email":"raynos2@gmail.com"},"maintainers":[{"name":"raynos","email":"raynos2@gmail.com"}],"directories":{}},"0.1.2":{"name":"console-browserify","version":"0.1.2","description":"Emulate console for all the browsers","keywords":[],"author":{"name":"Raynos","email":"raynos2@gmail.com"},"repository":{"type":"git","url":"git://github.com/Raynos/console-browserify.git"},"main":"index","homepage":"https://github.com/Raynos/console-browserify","contributors":[{"name":"Raynos"}],"bugs":{"url":"https://github.com/Raynos/console-browserify/issues","email":"raynos2@gmail.com"},"dependencies":{"date-now":"~0.1.0"},"devDependencies":{"tape":"~0.2.2","browserify":"https://github.com/raynos/node-browserify/tarball/master","testem":"~0.2.55"},"licenses":[{"type":"MIT","url":"http://github.com/Raynos/console-browserify/raw/master/LICENSE"}],"scripts":{"test":"node ./test","build":"browserify test/index.js -o test/static/bundle.js","testem":"testem","postinstall":"npm dedup"},"testling":{"files":"test/index.js","browsers":{"ie":["6","7","8","9","10"],"firefox":["16","17","nightly"],"chrome":["22","23","canary"],"opera":["12","next"],"safari":["5.1"]}},"_id":"console-browserify@0.1.2","dist":{"shasum":"9e8d6a7cdada01b60d178f57b1aa7c7b2dba1551","tarball":"https://registry.npmjs.org/console-browserify/-/console-browserify-0.1.2.tgz"},"_npmVersion":"1.1.71","_npmUser":{"name":"raynos","email":"raynos2@gmail.com"},"maintainers":[{"name":"raynos","email":"raynos2@gmail.com"}],"directories":{}},"0.1.3":{"name":"console-browserify","version":"0.1.3","description":"Emulate console for all the browsers","keywords":[],"author":{"name":"Raynos","email":"raynos2@gmail.com"},"repository":{"type":"git","url":"git://github.com/Raynos/console-browserify.git"},"main":"index","homepage":"https://github.com/Raynos/console-browserify","contributors":[{"name":"Raynos"}],"bugs":{"url":"https://github.com/Raynos/console-browserify/issues","email":"raynos2@gmail.com"},"dependencies":{"date-now":"~0.1.1"},"devDependencies":{"tape":"~0.2.2","browserify":"https://github.com/raynos/node-browserify/tarball/master","testem":"~0.2.55"},"licenses":[{"type":"MIT","url":"http://github.com/Raynos/console-browserify/raw/master/LICENSE"}],"scripts":{"test":"node ./test","build":"browserify test/index.js -o test/static/bundle.js","testem":"testem","postinstall":"npm dedup"},"testling":{"files":"test/index.js","browsers":{"ie":["6","7","8","9","10"],"firefox":["16","17","nightly"],"chrome":["22","23","canary"],"opera":["12","next"],"safari":["5.1"]}},"_id":"console-browserify@0.1.3","dist":{"shasum":"0d5b48bddb6ab922f968fd55e29e018996a462d9","tarball":"https://registry.npmjs.org/console-browserify/-/console-browserify-0.1.3.tgz"},"_npmVersion":"1.1.71","_npmUser":{"name":"raynos","email":"raynos2@gmail.com"},"maintainers":[{"name":"raynos","email":"raynos2@gmail.com"}],"directories":{}},"0.1.4":{"name":"console-browserify","version":"0.1.4","description":"Emulate console for all the browsers","keywords":[],"author":{"name":"Raynos","email":"raynos2@gmail.com"},"repository":{"type":"git","url":"git://github.com/Raynos/console-browserify.git"},"main":"index","homepage":"https://github.com/Raynos/console-browserify","contributors":[{"name":"Raynos"}],"bugs":{"url":"https://github.com/Raynos/console-browserify/issues","email":"raynos2@gmail.com"},"dependencies":{"date-now":"~0.1.1"},"devDependencies":{"tape":"~0.2.2","browserify":"https://github.com/raynos/node-browserify/tarball/master","testem":"~0.2.55","jsonify":"0.0.0"},"licenses":[{"type":"MIT","url":"http://github.com/Raynos/console-browserify/raw/master/LICENSE"}],"scripts":{"test":"node ./test","build":"browserify test/index.js -o test/static/bundle.js","testem":"testem"},"testling":{"files":"test/index.js","browsers":{"ie":["6","7","8","9","10"],"firefox":["16","17","nightly"],"chrome":["22","23","canary"],"opera":["12","next"],"safari":["5.1"]}},"_id":"console-browserify@0.1.4","dist":{"shasum":"42efecda651fe1896311221e964ada4ad1b45f81","tarball":"https://registry.npmjs.org/console-browserify/-/console-browserify-0.1.4.tgz"},"_npmVersion":"1.1.71","_npmUser":{"name":"raynos","email":"raynos2@gmail.com"},"maintainers":[{"name":"raynos","email":"raynos2@gmail.com"}],"directories":{}},"0.1.5":{"name":"console-browserify","version":"0.1.5","description":"Emulate console for all the browsers","keywords":[],"author":{"name":"Raynos","email":"raynos2@gmail.com"},"repository":{"type":"git","url":"git://github.com/Raynos/console-browserify.git"},"main":"index","homepage":"https://github.com/Raynos/console-browserify","contributors":[{"name":"Raynos"}],"bugs":{"url":"https://github.com/Raynos/console-browserify/issues","email":"raynos2@gmail.com"},"dependencies":{},"devDependencies":{"tape":"~0.2.2","browserify":"https://github.com/raynos/node-browserify/tarball/master","testem":"~0.2.55","jsonify":"0.0.0"},"licenses":[{"type":"MIT","url":"http://github.com/Raynos/console-browserify/raw/master/LICENSE"}],"scripts":{"test":"node ./test","build":"browserify test/index.js -o test/static/bundle.js","testem":"testem"},"testling":{"files":"test/index.js","browsers":{"ie":["6","7","8","9","10"],"firefox":["16","17","nightly"],"chrome":["22","23","canary"],"opera":["12","next"],"safari":["5.1"]}},"_id":"console-browserify@0.1.5","dist":{"shasum":"3e4c5360d4b7214d9dccbd581b9f7e1ff0b2a8db","tarball":"https://registry.npmjs.org/console-browserify/-/console-browserify-0.1.5.tgz"},"_from":".","_npmVersion":"1.2.3","_npmUser":{"name":"raynos","email":"raynos2@gmail.com"},"maintainers":[{"name":"raynos","email":"raynos2@gmail.com"}],"directories":{}},"0.1.6":{"name":"console-browserify","version":"0.1.6","description":"Emulate console for all the browsers","keywords":[],"author":{"name":"Raynos","email":"raynos2@gmail.com"},"repository":{"type":"git","url":"git://github.com/Raynos/console-browserify.git"},"main":"index","homepage":"https://github.com/Raynos/console-browserify","contributors":[{"name":"Raynos"}],"bugs":{"url":"https://github.com/Raynos/console-browserify/issues","email":"raynos2@gmail.com"},"dependencies":{},"devDependencies":{"tape":"~0.2.2","browserify":"https://github.com/raynos/node-browserify/tarball/master","testem":"~0.2.55","jsonify":"0.0.0"},"licenses":[{"type":"MIT","url":"http://github.com/Raynos/console-browserify/raw/master/LICENSE"}],"scripts":{"test":"node ./test","build":"browserify test/index.js -o test/static/bundle.js","testem":"testem"},"testling":{"files":"test/index.js","browsers":{"ie":["6","7","8","9","10"],"firefox":["16","17","nightly"],"chrome":["22","23","canary"],"opera":["12","next"],"safari":["5.1"]}},"_id":"console-browserify@0.1.6","dist":{"shasum":"d128a3c0bb88350eb5626c6e7c71a6f0fd48983c","tarball":"https://registry.npmjs.org/console-browserify/-/console-browserify-0.1.6.tgz"},"_from":".","_npmVersion":"1.2.3","_npmUser":{"name":"raynos","email":"raynos2@gmail.com"},"maintainers":[{"name":"raynos","email":"raynos2@gmail.com"}],"directories":{}},"1.0.1":{"name":"console-browserify","version":"1.0.1","description":"Emulate console for all the browsers","keywords":[],"author":{"name":"Raynos","email":"raynos2@gmail.com"},"repository":{"type":"git","url":"git://github.com/Raynos/console-browserify.git"},"main":"index","homepage":"https://github.com/Raynos/console-browserify","contributors":[{"name":"Raynos"}],"bugs":{"url":"https://github.com/Raynos/console-browserify/issues","email":"raynos2@gmail.com"},"dependencies":{},"devDependencies":{"tape":"~0.2.2","browserify":"https://github.com/raynos/node-browserify/tarball/master","testem":"~0.2.55","jsonify":"0.0.0"},"licenses":[{"type":"MIT","url":"http://github.com/Raynos/console-browserify/raw/master/LICENSE"}],"scripts":{"test":"node ./test","build":"browserify test/index.js -o test/static/bundle.js","testem":"testem"},"testling":{"files":"test/index.js","browsers":{"ie":["6","7","8","9","10"],"firefox":["16","17","nightly"],"chrome":["22","23","canary"],"opera":["12","next"],"safari":["5.1"]}},"_id":"console-browserify@1.0.1","dist":{"shasum":"86d35db62438704ebfa4285232f307b85d5376df","tarball":"https://registry.npmjs.org/console-browserify/-/console-browserify-1.0.1.tgz"},"_from":".","_npmVersion":"1.3.5","_npmUser":{"name":"raynos","email":"raynos2@gmail.com"},"maintainers":[{"name":"raynos","email":"raynos2@gmail.com"}],"directories":{}},"1.0.2":{"name":"console-browserify","version":"1.0.2","description":"Emulate console for all the browsers","keywords":[],"author":{"name":"Raynos","email":"raynos2@gmail.com"},"repository":{"type":"git","url":"git://github.com/Raynos/console-browserify.git"},"main":"index","homepage":"https://github.com/Raynos/console-browserify","contributors":[{"name":"Raynos"}],"bugs":{"url":"https://github.com/Raynos/console-browserify/issues","email":"raynos2@gmail.com"},"dependencies":{},"devDependencies":{"tape":"~0.2.2","browserify":"https://github.com/raynos/node-browserify/tarball/master","testem":"~0.2.55","jsonify":"0.0.0"},"licenses":[{"type":"MIT","url":"http://github.com/Raynos/console-browserify/raw/master/LICENSE"}],"scripts":{"test":"node ./test","build":"browserify test/index.js -o test/static/bundle.js","testem":"testem"},"testling":{"files":"test/index.js","browsers":{"ie":["6","7","8","9","10"],"firefox":["16","17","nightly"],"chrome":["22","23","canary"],"opera":["12","next"],"safari":["5.1"]}},"_id":"console-browserify@1.0.2","dist":{"shasum":"def1cea1e03f5436332323a2bed8112337f94475","tarball":"https://registry.npmjs.org/console-browserify/-/console-browserify-1.0.2.tgz"},"_from":".","_npmVersion":"1.3.17","_npmUser":{"name":"raynos","email":"raynos2@gmail.com"},"maintainers":[{"name":"raynos","email":"raynos2@gmail.com"}],"directories":{}},"1.0.3":{"name":"console-browserify","version":"1.0.3","description":"Emulate console for all the browsers","keywords":[],"author":{"name":"Raynos","email":"raynos2@gmail.com"},"repository":{"type":"git","url":"git://github.com/Raynos/console-browserify.git"},"main":"index","homepage":"https://github.com/Raynos/console-browserify","contributors":[{"name":"Raynos"}],"bugs":{"url":"https://github.com/Raynos/console-browserify/issues","email":"raynos2@gmail.com"},"dependencies":{},"devDependencies":{"tape":"~2.3.0","browserify":"https://github.com/raynos/node-browserify/tarball/master","testem":"~0.2.55","jsonify":"0.0.0"},"licenses":[{"type":"MIT","url":"http://github.com/Raynos/console-browserify/raw/master/LICENSE"}],"scripts":{"test":"node ./test","build":"browserify test/index.js -o test/static/bundle.js","testem":"testem"},"testling":{"files":"test/index.js","browsers":{"ie":["6","7","8","9","10"],"firefox":["16","17","nightly"],"chrome":["22","23","canary"],"opera":["12","next"],"safari":["5.1"]}},"_id":"console-browserify@1.0.3","dist":{"shasum":"d3898d2c3a93102f364197f8874b4f92b5286a8e","tarball":"https://registry.npmjs.org/console-browserify/-/console-browserify-1.0.3.tgz"},"_from":".","_npmVersion":"1.3.17","_npmUser":{"name":"raynos","email":"raynos2@gmail.com"},"maintainers":[{"name":"raynos","email":"raynos2@gmail.com"}],"directories":{}},"1.1.0":{"name":"console-browserify","version":"1.1.0","description":"Emulate console for all the browsers","keywords":[],"author":{"name":"Raynos","email":"raynos2@gmail.com"},"repository":{"type":"git","url":"git://github.com/Raynos/console-browserify.git"},"main":"index","homepage":"https://github.com/Raynos/console-browserify","contributors":[{"name":"Raynos"}],"bugs":{"url":"https://github.com/Raynos/console-browserify/issues","email":"raynos2@gmail.com"},"dependencies":{"date-now":"^0.1.4"},"devDependencies":{"tape":"^2.12.3","jsonify":"0.0.0","tap-spec":"^0.1.8","run-browser":"^1.3.0","tap-dot":"^0.2.1"},"licenses":[{"type":"MIT","url":"http://github.com/Raynos/console-browserify/raw/master/LICENSE"}],"scripts":{"test":"node ./test/index.js | tap-spec","dot":"node ./test/index.js | tap-dot","start":"node ./index.js","cover":"istanbul cover --report none --print detail ./test/index.js","view-cover":"istanbul report html && google-chrome ./coverage/index.html","browser":"run-browser test/index.js","phantom":"run-browser test/index.js -b | tap-spec","build":"browserify test/index.js -o test/static/bundle.js","testem":"testem"},"testling":{"files":"test/index.js","browsers":["ie/8..latest","firefox/16..latest","firefox/nightly","chrome/22..latest","chrome/canary","opera/12..latest","opera/next","safari/5.1..latest","ipad/6.0..latest","iphone/6.0..latest","android-browser/4.2..latest"]},"_id":"console-browserify@1.1.0","dist":{"shasum":"f0241c45730a9fc6323b206dbf38edc741d0bb10","tarball":"https://registry.npmjs.org/console-browserify/-/console-browserify-1.1.0.tgz"},"_from":".","_npmVersion":"1.4.6","_npmUser":{"name":"raynos","email":"raynos2@gmail.com"},"maintainers":[{"name":"raynos","email":"raynos2@gmail.com"}],"directories":{}}},"readme":"# console-browserify\n\n[![build status][1]][2]\n\n[![browser support][3]][4]\n\n\nEmulate console for all the browsers\n\n## Example\n\n```js\nvar console = require(\"console-browserify\")\n\nconsole.log(\"hello world!\")\n```\n\n## Installation\n\n`npm install console-browserify`\n\n## Contributors\n\n - Raynos\n\n## MIT Licenced\n\n\n\n  [1]: https://secure.travis-ci.org/Raynos/console-browserify.png\n  [2]: http://travis-ci.org/Raynos/console-browserify\n  [3]: http://ci.testling.com/Raynos/console-browserify.png\n  [4]: http://ci.testling.com/Raynos/console-browserify\n","maintainers":[{"name":"raynos","email":"raynos2@gmail.com"}],"time":{"modified":"2015-03-05T18:26:56.776Z","created":"2013-01-27T05:05:36.936Z","0.1.0":"2013-01-27T05:05:37.892Z","0.1.1":"2013-01-27T05:15:25.967Z","0.1.2":"2013-01-27T05:20:25.376Z","0.1.3":"2013-01-27T05:42:25.110Z","0.1.4":"2013-01-29T22:33:05.762Z","0.1.5":"2013-01-30T02:59:39.845Z","0.1.6":"2013-02-05T04:59:35.082Z","1.0.1":"2013-09-23T18:45:29.638Z","1.0.2":"2013-12-13T18:33:49.234Z","1.0.3":"2013-12-13T18:39:56.650Z","1.1.0":"2014-04-08T20:30:24.778Z"},"author":{"name":"Raynos","email":"raynos2@gmail.com"},"repository":{"type":"git","url":"git://github.com/Raynos/console-browserify.git"},"homepage":"https://github.com/Raynos/console-browserify","keywords":[],"contributors":[{"name":"Raynos"}],"bugs":{"url":"https://github.com/Raynos/console-browserify/issues","email":"raynos2@gmail.com"},"readmeFilename":"README.md","users":{"binnng":true,"simplyianm":true},"_attachments":{},"_etag":"W/\"54f89ff0-4397\"","_lastModified":"Thu, 05 Mar 2015 18:26:56 GMT","_cached":true}