{"_id":"named-js-regexp","_rev":"17-0f814d4c751d084bda5221490e4f567a","name":"named-js-regexp","description":"Extends JavaScript RegExp with named groups, backreferences and replacement.","dist-tags":{"latest":"1.3.2"},"versions":{"0.9.0":{"name":"named-js-regexp","version":"0.9.0","description":"Extends JavaScript RegExp with named groups.","main":"lib/named-js-regexp.js","scripts":{"test":"mocha ./test"},"author":{"name":"edvinv"},"repository":{"type":"git","url":"git+https://github.com/edvinv/named-js-regexp.git"},"license":"MIT","dependencies":{},"keywords":["named","regexp","capture","group","regular","expression"],"devDependencies":{"chai":"^3.4.0","mocha":"^2.3.3"},"gitHead":"8f82e209bc01b969c5d6f59006d313e0b7f65db4","bugs":{"url":"https://github.com/edvinv/named-js-regexp/issues"},"homepage":"https://github.com/edvinv/named-js-regexp#readme","_id":"named-js-regexp@0.9.0","_shasum":"c1cd286612479b7fc27deb21d5770fa2a53c5089","_from":".","_npmVersion":"3.3.10","_nodeVersion":"4.2.2","_npmUser":{"name":"edvinv","email":"edvinv@outlook.com"},"dist":{"shasum":"c1cd286612479b7fc27deb21d5770fa2a53c5089","tarball":"https://registry.npmjs.org/named-js-regexp/-/named-js-regexp-0.9.0.tgz"},"maintainers":[{"name":"edvinv","email":"edvinv@outlook.com"}],"directories":{}},"1.0.0":{"name":"named-js-regexp","version":"1.0.0","description":"Extends JavaScript RegExp with named groups.","main":"lib/named-js-regexp.js","scripts":{"test":"mocha ./test"},"author":{"name":"edvinv"},"repository":{"type":"git","url":"git+https://github.com/edvinv/named-js-regexp.git"},"license":"MIT","dependencies":{},"keywords":["named","regexp","capture","group","regular","expression"],"devDependencies":{"chai":"^3.4.0","mocha":"^2.3.3"},"gitHead":"52a798ed05a112ac6a4a61ddba3f6596869686c4","bugs":{"url":"https://github.com/edvinv/named-js-regexp/issues"},"homepage":"https://github.com/edvinv/named-js-regexp#readme","_id":"named-js-regexp@1.0.0","_shasum":"5a73985fdcf18a033c6488ef3e469e3e469844af","_from":".","_npmVersion":"3.3.10","_nodeVersion":"4.2.2","_npmUser":{"name":"edvinv","email":"edvinv@outlook.com"},"dist":{"shasum":"5a73985fdcf18a033c6488ef3e469e3e469844af","tarball":"https://registry.npmjs.org/named-js-regexp/-/named-js-regexp-1.0.0.tgz"},"maintainers":[{"name":"edvinv","email":"edvinv@outlook.com"}],"directories":{}},"1.0.1":{"name":"named-js-regexp","version":"1.0.1","description":"Extends JavaScript RegExp with named groups.","main":"lib/named-js-regexp.js","scripts":{"test":"mocha ./test"},"author":{"name":"edvinv"},"repository":{"type":"git","url":"git+https://github.com/edvinv/named-js-regexp.git"},"license":"MIT","dependencies":{},"keywords":["named","regexp","capture","group","regular","expression"],"devDependencies":{"chai":"^3.4.0","mocha":"^2.3.3"},"gitHead":"10aa14b8b65711ae5e118634496f645ebdfc60b9","bugs":{"url":"https://github.com/edvinv/named-js-regexp/issues"},"homepage":"https://github.com/edvinv/named-js-regexp#readme","_id":"named-js-regexp@1.0.1","_shasum":"05a280e93da7549d645dcbd3638a57a69e5bcf09","_from":".","_npmVersion":"3.3.10","_nodeVersion":"4.2.2","_npmUser":{"name":"edvinv","email":"edvinv@outlook.com"},"dist":{"shasum":"05a280e93da7549d645dcbd3638a57a69e5bcf09","tarball":"https://registry.npmjs.org/named-js-regexp/-/named-js-regexp-1.0.1.tgz"},"maintainers":[{"name":"edvinv","email":"edvinv@outlook.com"}],"directories":{}},"1.0.2":{"name":"named-js-regexp","version":"1.0.2","description":"Extends JavaScript RegExp with named groups.","main":"lib/named-js-regexp.js","scripts":{"test":"mocha ./test"},"author":{"name":"edvinv"},"repository":{"type":"git","url":"git+https://github.com/edvinv/named-js-regexp.git"},"license":"MIT","dependencies":{},"keywords":["named","regexp","capture","group","regular","expression"],"devDependencies":{"chai":"^3.4.0","mocha":"^2.3.3"},"gitHead":"adb7fe3b864243178ce7edaf2d8fcfcfd67eeb97","bugs":{"url":"https://github.com/edvinv/named-js-regexp/issues"},"homepage":"https://github.com/edvinv/named-js-regexp#readme","_id":"named-js-regexp@1.0.2","_shasum":"645511668eeb252b8500c10fa7d7b612b0751d0a","_from":".","_npmVersion":"3.3.6","_nodeVersion":"4.2.0","_npmUser":{"name":"edvinv","email":"edvinv@outlook.com"},"dist":{"shasum":"645511668eeb252b8500c10fa7d7b612b0751d0a","tarball":"https://registry.npmjs.org/named-js-regexp/-/named-js-regexp-1.0.2.tgz"},"maintainers":[{"name":"edvinv","email":"edvinv@outlook.com"}],"directories":{}},"1.0.3":{"name":"named-js-regexp","version":"1.0.3","description":"Extends JavaScript RegExp with named groups.","main":"lib/named-js-regexp.js","scripts":{"test":"mocha ./test"},"author":{"name":"edvinv"},"repository":{"type":"git","url":"git+https://github.com/edvinv/named-js-regexp.git"},"license":"MIT","dependencies":{},"keywords":["named","regexp","capture","group","regular","expression"],"devDependencies":{"chai":"^3.4.0","mocha":"^2.3.3"},"gitHead":"c1cab63b394da4ac41b8619689fcb5a114c94cb6","bugs":{"url":"https://github.com/edvinv/named-js-regexp/issues"},"homepage":"https://github.com/edvinv/named-js-regexp#readme","_id":"named-js-regexp@1.0.3","_shasum":"74bb99e6faf119133b986841d6266bdf084ae0ca","_from":".","_npmVersion":"3.3.6","_nodeVersion":"4.2.0","_npmUser":{"name":"edvinv","email":"edvinv@outlook.com"},"dist":{"shasum":"74bb99e6faf119133b986841d6266bdf084ae0ca","tarball":"https://registry.npmjs.org/named-js-regexp/-/named-js-regexp-1.0.3.tgz"},"maintainers":[{"name":"edvinv","email":"edvinv@outlook.com"}],"directories":{}},"1.0.4":{"name":"named-js-regexp","version":"1.0.4","description":"Extends JavaScript RegExp with named groups.","main":"lib/named-js-regexp.js","scripts":{"test":"mocha ./test"},"author":{"name":"edvinv"},"repository":{"type":"git","url":"git+https://github.com/edvinv/named-js-regexp.git"},"license":"MIT","dependencies":{},"keywords":["named","regexp","capture","group","regular","expression"],"devDependencies":{"chai":"^3.4.0","mocha":"^2.3.3"},"gitHead":"c1e9dbc478f6f685e713a55b4716dc3babee0b4f","bugs":{"url":"https://github.com/edvinv/named-js-regexp/issues"},"homepage":"https://github.com/edvinv/named-js-regexp#readme","_id":"named-js-regexp@1.0.4","_shasum":"0816f98473793baf9bb4cd09388edf1a0c66b033","_from":".","_npmVersion":"3.3.6","_nodeVersion":"4.2.0","_npmUser":{"name":"edvinv","email":"edvinv@outlook.com"},"dist":{"shasum":"0816f98473793baf9bb4cd09388edf1a0c66b033","tarball":"https://registry.npmjs.org/named-js-regexp/-/named-js-regexp-1.0.4.tgz"},"maintainers":[{"name":"edvinv","email":"edvinv@outlook.com"}],"directories":{}},"1.1.0":{"name":"named-js-regexp","version":"1.1.0","description":"Extends JavaScript RegExp with named groups and named backreferences.","main":"lib/named-js-regexp.js","scripts":{"test":"mocha ./test"},"author":{"name":"edvinv"},"repository":{"type":"git","url":"git+https://github.com/edvinv/named-js-regexp.git"},"license":"MIT","dependencies":{},"keywords":["named","regexp","capture","group","regular","expression"],"devDependencies":{"chai":"^3.4.0","mocha":"^2.3.3"},"gitHead":"0b9c99fd12b8df71e4c7ee18fd83b2046d098eb4","bugs":{"url":"https://github.com/edvinv/named-js-regexp/issues"},"homepage":"https://github.com/edvinv/named-js-regexp#readme","_id":"named-js-regexp@1.1.0","_shasum":"1436f02adc2ab5d8ad5eb0029b1810cc4f3ce73b","_from":".","_npmVersion":"3.3.6","_nodeVersion":"4.2.0","_npmUser":{"name":"edvinv","email":"edvinv@outlook.com"},"dist":{"shasum":"1436f02adc2ab5d8ad5eb0029b1810cc4f3ce73b","tarball":"https://registry.npmjs.org/named-js-regexp/-/named-js-regexp-1.1.0.tgz"},"maintainers":[{"name":"edvinv","email":"edvinv@outlook.com"}],"directories":{}},"1.1.1":{"name":"named-js-regexp","version":"1.1.1","description":"Extends JavaScript RegExp with named groups and named backreferences.","main":"lib/named-js-regexp.js","scripts":{"test":"mocha ./test"},"author":{"name":"edvinv"},"repository":{"type":"git","url":"git+https://github.com/edvinv/named-js-regexp.git"},"license":"MIT","dependencies":{},"keywords":["named","regexp","capture","group","regular","expression"],"devDependencies":{"chai":"^3.4.0","mocha":"^2.3.3"},"gitHead":"7ed114f8322f74e5b99294366eaeac811b344cf0","bugs":{"url":"https://github.com/edvinv/named-js-regexp/issues"},"homepage":"https://github.com/edvinv/named-js-regexp#readme","_id":"named-js-regexp@1.1.1","_shasum":"331e2c378b62d8cd29343e62f6777dd16f1fbb12","_from":".","_npmVersion":"3.3.6","_nodeVersion":"4.2.0","_npmUser":{"name":"edvinv","email":"edvinv@outlook.com"},"dist":{"shasum":"331e2c378b62d8cd29343e62f6777dd16f1fbb12","tarball":"https://registry.npmjs.org/named-js-regexp/-/named-js-regexp-1.1.1.tgz"},"maintainers":[{"name":"edvinv","email":"edvinv@outlook.com"}],"directories":{}},"1.1.2":{"name":"named-js-regexp","version":"1.1.2","description":"Extends JavaScript RegExp with named groups and named backreferences.","main":"lib/named-js-regexp.js","scripts":{"test":"mocha ./test"},"author":{"name":"edvinv"},"repository":{"type":"git","url":"git+https://github.com/edvinv/named-js-regexp.git"},"license":"MIT","dependencies":{},"keywords":["named","regex","capture","group","regular","expression"],"devDependencies":{"chai":"^3.4.0","mocha":"^2.3.3"},"gitHead":"47a019cbd8b6f9bb946952a743d46974cb55585d","bugs":{"url":"https://github.com/edvinv/named-js-regexp/issues"},"homepage":"https://github.com/edvinv/named-js-regexp#readme","_id":"named-js-regexp@1.1.2","_shasum":"f87220df5963e2d78d4f2af86af2d01bea1c7e13","_from":".","_npmVersion":"3.3.6","_nodeVersion":"4.2.0","_npmUser":{"name":"edvinv","email":"edvinv@outlook.com"},"dist":{"shasum":"f87220df5963e2d78d4f2af86af2d01bea1c7e13","tarball":"https://registry.npmjs.org/named-js-regexp/-/named-js-regexp-1.1.2.tgz"},"maintainers":[{"name":"edvinv","email":"edvinv@outlook.com"}],"directories":{}},"1.1.3":{"name":"named-js-regexp","version":"1.1.3","description":"Extends JavaScript RegExp with named groups and named backreferences.","main":"lib/named-js-regexp.js","scripts":{"test":"mocha ./test"},"author":{"name":"edvinv"},"repository":{"type":"git","url":"git+https://github.com/edvinv/named-js-regexp.git"},"license":"MIT","dependencies":{},"keywords":["named","regexp","regex","capture","group","regular","expression"],"devDependencies":{"chai":"^3.4.0","mocha":"^2.3.3"},"gitHead":"4a6517ec8a4504831fd6ffc47d7a078c5380adeb","bugs":{"url":"https://github.com/edvinv/named-js-regexp/issues"},"homepage":"https://github.com/edvinv/named-js-regexp#readme","_id":"named-js-regexp@1.1.3","_shasum":"5cf7671021f4e827aecffd51579636b11438a981","_from":".","_npmVersion":"3.3.6","_nodeVersion":"4.2.0","_npmUser":{"name":"edvinv","email":"edvinv@outlook.com"},"dist":{"shasum":"5cf7671021f4e827aecffd51579636b11438a981","tarball":"https://registry.npmjs.org/named-js-regexp/-/named-js-regexp-1.1.3.tgz"},"maintainers":[{"name":"edvinv","email":"edvinv@outlook.com"}],"directories":{}},"1.2.0":{"name":"named-js-regexp","version":"1.2.0","description":"Extends JavaScript RegExp with named groups, backreferences and replacement.","main":"lib/named-js-regexp.js","scripts":{"test":"mocha ./test"},"author":{"name":"edvinv"},"repository":{"type":"git","url":"git+https://github.com/edvinv/named-js-regexp.git"},"license":"MIT","dependencies":{},"keywords":["named","regexp","regex","capture","group","regular","expression"],"devDependencies":{"chai":"^3.4.0","mocha":"^2.3.3"},"gitHead":"bed34654bd424e15ba79d822f126bf76b2a1e04a","bugs":{"url":"https://github.com/edvinv/named-js-regexp/issues"},"homepage":"https://github.com/edvinv/named-js-regexp#readme","_id":"named-js-regexp@1.2.0","_shasum":"836d722b1f4cd4edab092bea182b844278dca7e7","_from":".","_npmVersion":"3.3.6","_nodeVersion":"4.2.0","_npmUser":{"name":"edvinv","email":"edvinv@outlook.com"},"dist":{"shasum":"836d722b1f4cd4edab092bea182b844278dca7e7","tarball":"https://registry.npmjs.org/named-js-regexp/-/named-js-regexp-1.2.0.tgz"},"maintainers":[{"name":"edvinv","email":"edvinv@outlook.com"}],"directories":{}},"1.2.1":{"name":"named-js-regexp","version":"1.2.1","description":"Extends JavaScript RegExp with named groups, backreferences and replacement.","main":"lib/named-js-regexp.js","scripts":{"test":"mocha ./test"},"author":{"name":"edvinv"},"repository":{"type":"git","url":"git+https://github.com/edvinv/named-js-regexp.git"},"license":"MIT","dependencies":{},"keywords":["named","regexp","regex","capture","group","regular","expression"],"devDependencies":{"chai":"^3.4.0","mocha":"^2.3.3"},"gitHead":"ddf624e563af3ed8d825430ee1e9e95b4de9ede3","bugs":{"url":"https://github.com/edvinv/named-js-regexp/issues"},"homepage":"https://github.com/edvinv/named-js-regexp#readme","_id":"named-js-regexp@1.2.1","_shasum":"cba9ec329817c70b47a12455e754c0216251eceb","_from":".","_npmVersion":"3.3.6","_nodeVersion":"4.2.0","_npmUser":{"name":"edvinv","email":"edvinv@outlook.com"},"dist":{"shasum":"cba9ec329817c70b47a12455e754c0216251eceb","tarball":"https://registry.npmjs.org/named-js-regexp/-/named-js-regexp-1.2.1.tgz"},"maintainers":[{"name":"edvinv","email":"edvinv@outlook.com"}],"directories":{}},"1.3.0":{"name":"named-js-regexp","version":"1.3.0","description":"Extends JavaScript RegExp with named groups, backreferences and replacement.","main":"lib/named-js-regexp.js","scripts":{"test":"mocha ./test"},"author":{"name":"edvinv"},"repository":{"type":"git","url":"git+https://github.com/edvinv/named-js-regexp.git"},"license":"MIT","dependencies":{},"keywords":["named","regexp","regex","capture","group","regular","expression"],"devDependencies":{"chai":"^3.4.0","mocha":"^2.3.3"},"gitHead":"f6783b1f5f230cd875ee8a91f448cfb885ccc1da","bugs":{"url":"https://github.com/edvinv/named-js-regexp/issues"},"homepage":"https://github.com/edvinv/named-js-regexp#readme","_id":"named-js-regexp@1.3.0","_shasum":"c2aa7187dd776d0a99c54e43758d863c260aa481","_from":".","_npmVersion":"3.3.6","_nodeVersion":"4.2.0","_npmUser":{"name":"edvinv","email":"edvinv@outlook.com"},"dist":{"shasum":"c2aa7187dd776d0a99c54e43758d863c260aa481","tarball":"https://registry.npmjs.org/named-js-regexp/-/named-js-regexp-1.3.0.tgz"},"maintainers":[{"name":"edvinv","email":"edvinv@outlook.com"}],"directories":{}},"1.3.1":{"name":"named-js-regexp","version":"1.3.1","description":"Extends JavaScript RegExp with named groups, backreferences and replacement.","main":"lib/named-js-regexp.js","scripts":{"test":"mocha ./test"},"author":{"name":"edvinv"},"repository":{"type":"git","url":"git+https://github.com/edvinv/named-js-regexp.git"},"license":"MIT","dependencies":{},"keywords":["named","regexp","regex","capture","group","regular","expression"],"devDependencies":{"chai":"^3.4.0","mocha":"^2.3.3"},"gitHead":"9c83edc4bd3af57fe41ae89a7b75272d8bf9c0f9","bugs":{"url":"https://github.com/edvinv/named-js-regexp/issues"},"homepage":"https://github.com/edvinv/named-js-regexp#readme","_id":"named-js-regexp@1.3.1","_shasum":"8de283f7578cc62db2cbad1aa23c1f0df146b0de","_from":".","_npmVersion":"3.3.6","_nodeVersion":"4.2.0","_npmUser":{"name":"edvinv","email":"edvinv@outlook.com"},"dist":{"shasum":"8de283f7578cc62db2cbad1aa23c1f0df146b0de","tarball":"https://registry.npmjs.org/named-js-regexp/-/named-js-regexp-1.3.1.tgz"},"maintainers":[{"name":"edvinv","email":"edvinv@outlook.com"}],"directories":{}},"1.3.2":{"name":"named-js-regexp","version":"1.3.2","description":"Extends JavaScript RegExp with named groups, backreferences and replacement.","main":"lib/named-js-regexp.js","scripts":{"test":"mocha ./test"},"author":{"name":"edvinv"},"repository":{"type":"git","url":"git+https://github.com/edvinv/named-js-regexp.git"},"license":"MIT","dependencies":{},"keywords":["named","regexp","regex","capture","group","regular","expression"],"devDependencies":{"chai":"^3.4.0","mocha":"^2.3.3"},"gitHead":"28ac136f3d23f75a5280361870306846aecbed73","bugs":{"url":"https://github.com/edvinv/named-js-regexp/issues"},"homepage":"https://github.com/edvinv/named-js-regexp#readme","_id":"named-js-regexp@1.3.2","_shasum":"967779b923c2381e243a97cb8a39413141def241","_from":".","_npmVersion":"3.10.8","_nodeVersion":"6.9.1","_npmUser":{"name":"edvinv","email":"edvinv@outlook.com"},"dist":{"shasum":"967779b923c2381e243a97cb8a39413141def241","tarball":"https://registry.npmjs.org/named-js-regexp/-/named-js-regexp-1.3.2.tgz"},"maintainers":[{"name":"edvinv","email":"edvinv@outlook.com"}],"_npmOperationalInternal":{"host":"packages-18-east.internal.npmjs.com","tmp":"tmp/named-js-regexp-1.3.2.tgz_1479472386319_0.8439773763529956"},"directories":{}}},"readme":"## named-js-regexp  \r\nExtends JavaScript RegExp with named groups, backreferences and replacement. \r\nAll are converted to normal JavaScript RegExp so you will get the same speed \r\nexcept for initial parsing, which can also be eliminated with cache enabled. \r\n\r\n### Syntax\r\nNamed group: `(?<name>expression)` or `(:<name>expression)`  \r\nNamed backreference: `\\k<name>`  \r\nNamed group in replacement text:  `${name}`\r\n  \r\n  \r\n### Install\r\n```sh\r\nnpm install named-js-regexp --save\r\n```\r\n\r\n### Using with regexp.execGroups\r\n```javascript\r\nvar namedRegexp = require(\"named-js-regexp\");\r\n\r\nvar re=namedRegexp(\"(?<hours>\\\\d\\\\d?):(?<minutes>\\\\d\\\\d?)(:(?<seconds>\\\\d\\\\d?))?\"); \r\n// or with regexp literal... NOTE: you must use (:<name>) \r\nvar re=namedRegexp(/(:<hours>\\d\\d?):(:<minutes>\\d\\d?)(:(:<seconds>\\d\\d?))?/);\r\n\r\nre.execGroups(\"1:2:33\");    // => { hours:\"1\", minutes:\"2\", seconds:\"33\" }\r\nre.execGroups(\"1\");         // => null\r\n```\r\n\r\n### Using with regexp.exec\r\n```javascript\r\nvar re=namedRegexp(\"(?<hours>\\\\d\\\\d?):(?<minutes>\\\\d\\\\d?)(:(?<seconds>\\\\d\\\\d?))?\");\r\nvar result=re.exec(\"1:2\");\r\nresult.groups();            // => { hours:\"1\", minutes:\"2\", seconds:undefined }\r\nresult.group(\"minutes\");    // => \"2\"\r\nresult.group(\"seconds\");    // => undefined\r\n```\r\n\r\n### Using named backreferences\r\n```javascript\r\nvar re=namedRegexp(\"(<(?<elem>\\\\w+)>).*<\\/\\\\k<elem>>\");\r\nvar result=re.exec(\"<div>hi</div>\");\r\nresult.groups();            // => { elem: \"div\" }\r\n```\r\n\r\n### Using named replacement\r\n```javascript\r\nvar re = namedRegexp(\"(?<h>\\\\d+):(?<m>\\\\d+):(?<s>\\\\d+)\");\r\nre.replace('1:23:44', '${h}hour(s) ${m}minute(s) ${s}second(s)');\r\n// => 1hour(s) 23minute(s) 44second(s)\r\nre.replace('1:23:44', function () {\r\n\tvar g = this.groups();\r\n\treturn g.h + 'hour' + (g.h > 1 ? 's ' : ' ')+ g.m + 'minute' + (g.m > 1 ? 's ' : ' ')+ g.s + 'second' + (g.s > 1 ? 's' : '');\r\n});\r\n// => 1hour 23minutes 44seconds\r\n```\r\n\r\n### Using with regexp.groupsIndices\r\n```javascript\r\nvar re = namedRegexp(\"(?<hours>\\\\d\\\\d?):(?<minutes>\\\\d\\\\d?)(:(?<seconds>\\\\d\\\\d?))?\");\r\nvar matches = \"1:2\".match(re);\r\nmatches[re.groupsIndices[\"hours\"]];     // => \"1\"\r\nmatches[re.groupsIndices[\"seconds\"]];   // => undefined\r\n```\r\n\r\n### Handling group name duplication\r\n```javascript\r\nvar re = namedRegexp(\"(?<digit>((?<a>\\\\d):(?<b>\\\\d)))|(?<char>((?<a>\\\\w):(?<b>\\\\w)))\");\r\nre.groupsIndices;    // => { digit: 1, a: [ 3, 7 ], b: [ 4, 8 ], char: 5 }\r\n\r\nvar r = re.exec(\"a:b\");\r\nr.groups();          // => { a: \"a\", b: \"b\", digit: undefined, char: \"a:b\" }\r\nr.groups(true);      // => { a: [undefined, \"a\"], b: [undefined, \"b\"], digit: undefined, char: \"a:b\" }\r\nr = re.exec(\"1:2\");\r\nr.groups();          // => { a: \"1\", b: \"2\", digit: \"1:2\", char: undefined }\r\nr.groups(true);      // => { a: [\"1\", undefined], b: [\"2\", undefined], digit: \"1:2\", char: undefined }\r\n```\r\n\r\n### Using with successive matches\r\n```javascript\r\nvar re = namedRegexp(\"(?<x>\\\\d)(?<y>\\\\w)\", \"g\");\r\nvar r = re.exec(\"1a2b\");\r\nr.groups();              // => { x: '1', y: 'a' }\r\nr = re.exec(\"1a2b\");\r\nr.groups();              // => { x: '2', y: 'b' }\r\nr = re.exec(\"1a2b\");     // => null\r\n```\r\n\r\n### API\r\n`var namedRegexp = require(\"named-js-regexp\");`  \r\n`regexp=namedRegexp(value:string|RegExp|boolean, flags?:string)`  \r\nReturns normal JavaScript RegExp object with some additional properties. Parameter value can be string expression or RegExp object. For\r\nlatest you must use `(:<name>expression)` syntax and flags parameter is ignored.  \r\nSet value parameter to true to enable caching or set to false to clear and disable cache.  \r\n\r\n##### regexp\r\n`regexp.exec(expression:string)`  \r\nPerforms search for the matches and returns null if no match was found or matched (Array) result.\r\n\r\n`regexp.execGroups(expression:string, all?:boolean)`  \r\nPerforms search for the matches and returns null if no match was found or name/value dictionary, \r\nwhere name is group name and value is matched value. If same group name was defined multiple times and \r\nparameter all is false (default) then first (from left to right) not undefined value is returned. \r\nIf parameter all is true then returned value is array of all matched values.     \r\n\r\n`regexp.replace(text:string, replacement:string|function)`  \r\nWorks as String.prototype.replace. If parameter replacement is string you can also use named replace like `${name}` instead of `$1`.\r\nIf replacement is function it receives same parameters as String.prototype.replace callback, but `this` is set to matched \r\nobject, similar to one returned by exec.  \r\n\r\n`regexp.groupsIndices`  \r\nReturns name/value mapper where name is group name and value is index that can be used to access matched value by index. \r\nIf same group name was defined multiple times then value is array of all matched indices ordered from left to right as defined in\r\nregular expression. \r\n\r\n##### matched (returned by regexp.exec)\r\n`matched.groups(all?:boolean)`  \r\nReturns name/value dictionary, where name is group name and value is matched value. Check regexp.execGroups \r\nfor info about parameter all.    \r\n\r\n`matched.group(name:string, all?:boolean)`  \r\nReturns named group value or undefined if named group was not found. Check regexp.execGroups \r\nfor info about parameter all.  \r\n\r\n### NOTES\r\n- Group name should start with '\\_$a-zA-Z' and can contain only '\\_$a-zA-Z0-9'.\r\n- Named backreference should refer to already defined named group, otherwise error is thrown.\r\n- Named backreference and named replacement should not refer to duplicated named group, otherwise error is thrown.  \r\n\r\n### LICENCE\r\nMIT\r\n","maintainers":[{"name":"edvinv","email":"edvinv@outlook.com"}],"time":{"modified":"2016-11-18T12:33:06.899Z","created":"2015-11-05T13:30:51.591Z","0.9.0":"2015-11-05T13:30:51.591Z","1.0.0":"2015-11-07T13:39:29.472Z","1.0.1":"2015-11-08T15:15:21.178Z","1.0.2":"2015-11-09T13:13:13.391Z","1.0.3":"2015-11-11T09:45:43.270Z","1.0.4":"2015-11-12T08:25:55.606Z","1.1.0":"2015-11-13T10:46:32.740Z","1.1.1":"2015-11-13T12:53:27.238Z","1.1.2":"2015-11-16T09:44:18.475Z","1.1.3":"2015-11-16T09:48:21.153Z","1.2.0":"2015-11-23T14:05:39.739Z","1.2.1":"2015-11-24T12:11:30.985Z","1.3.0":"2015-12-23T15:31:29.488Z","1.3.1":"2016-01-13T10:22:49.507Z","1.3.2":"2016-11-18T12:33:06.899Z"},"homepage":"https://github.com/edvinv/named-js-regexp#readme","keywords":["named","regexp","regex","capture","group","regular","expression"],"repository":{"type":"git","url":"git+https://github.com/edvinv/named-js-regexp.git"},"author":{"name":"edvinv"},"bugs":{"url":"https://github.com/edvinv/named-js-regexp/issues"},"license":"MIT","readmeFilename":"README.md","users":{"gliviu":true,"ja.superior":true},"_attachments":{},"_etag":"W/\"582ef502-5c1e\"","_lastModified":"Fri, 18 Nov 2016 12:33:06 GMT","_cached":true}