{"_id":"jshint-json","_rev":"11-3c8449ff23aee803f218a3c4410ff747","name":"jshint-json","description":"JSON reporter for JSHint","dist-tags":{"latest":"1.0.0"},"versions":{"0.1.0":{"name":"jshint-json","version":"0.1.0","description":"JSON reporter for JSHint","keywords":["jshint","reporter","lint","validate","json","serialize","bridge"],"homepage":"https://github.com/sindresorhus/jshint-json","bugs":{"url":"https://github.com/sindresorhus/jshint-json/issues"},"license":"MIT","author":{"name":"Sindre Sorhus","email":"sindresorhus@gmail.com","url":"http://sindresorhus.com"},"files":["json.js"],"main":"json","repository":{"type":"git","url":"git://github.com/sindresorhus/jshint-json.git"},"scripts":{"test":"mocha"},"devDependencies":{"mocha":"~1.13.0","jshint":"~2.1.11"},"engines":{"node":">=0.8.0"},"_id":"jshint-json@0.1.0","dist":{"shasum":"4e9bb6ea188efb3fddd3708def6d8ec82c93f2aa","tarball":"https://registry.npmjs.org/jshint-json/-/jshint-json-0.1.0.tgz"},"_from":".","_npmVersion":"1.3.10","_npmUser":{"name":"sindresorhus","email":"sindresorhus@gmail.com"},"maintainers":[{"name":"sindresorhus","email":"sindresorhus@gmail.com"}],"directories":{}},"0.1.1":{"name":"jshint-json","version":"0.1.1","description":"JSON reporter for JSHint","keywords":["jshint","reporter","lint","validate","json","serialize","bridge"],"homepage":"https://github.com/sindresorhus/jshint-json","bugs":{"url":"https://github.com/sindresorhus/jshint-json/issues"},"license":"MIT","author":{"name":"Sindre Sorhus","email":"sindresorhus@gmail.com","url":"http://sindresorhus.com"},"files":["json.js"],"repository":{"type":"git","url":"git://github.com/sindresorhus/jshint-json.git"},"scripts":{"test":"mocha"},"devDependencies":{"mocha":"~1.13.0","jshint":"~2.1.11"},"engines":{"node":">=0.8.0"},"_id":"jshint-json@0.1.1","dist":{"shasum":"368bcd7deacdeec3209f4328eb4d8b1be4b86c5b","tarball":"https://registry.npmjs.org/jshint-json/-/jshint-json-0.1.1.tgz"},"_from":".","_npmVersion":"1.3.11","_npmUser":{"name":"sindresorhus","email":"sindresorhus@gmail.com"},"maintainers":[{"name":"sindresorhus","email":"sindresorhus@gmail.com"}],"directories":{}},"0.1.2":{"name":"jshint-json","version":"0.1.2","description":"JSON reporter for JSHint","keywords":["jshint","reporter","lint","validate","json","serialize","bridge"],"homepage":"https://github.com/sindresorhus/jshint-json","bugs":{"url":"https://github.com/sindresorhus/jshint-json/issues"},"license":"MIT","author":{"name":"Sindre Sorhus","email":"sindresorhus@gmail.com","url":"http://sindresorhus.com"},"files":["index.js","json.js"],"repository":{"type":"git","url":"git://github.com/sindresorhus/jshint-json.git"},"scripts":{"test":"mocha"},"devDependencies":{"mocha":"~1.13.0","jshint":"~2.1.11"},"engines":{"node":">=0.8.0"},"_id":"jshint-json@0.1.2","dist":{"shasum":"fab34a0954f600dae7653c4c0dbba923d66ae555","tarball":"https://registry.npmjs.org/jshint-json/-/jshint-json-0.1.2.tgz"},"_from":".","_npmVersion":"1.3.11","_npmUser":{"name":"sindresorhus","email":"sindresorhus@gmail.com"},"maintainers":[{"name":"sindresorhus","email":"sindresorhus@gmail.com"}],"directories":{}},"1.0.0":{"name":"jshint-json","version":"1.0.0","description":"JSON reporter for JSHint","keywords":["jshint","reporter","lint","validate","json","serialize","bridge"],"license":"MIT","author":{"name":"Sindre Sorhus","email":"sindresorhus@gmail.com","url":"http://sindresorhus.com"},"files":["index.js","json.js"],"repository":{"type":"git","url":"https://github.com/sindresorhus/jshint-json"},"scripts":{"test":"mocha"},"devDependencies":{"jshint":"^2.5.3","mocha":"*"},"engines":{"node":">=0.10.0"},"gitHead":"8f53587bd6d02712d4c4dd377a6789e14623d1e4","bugs":{"url":"https://github.com/sindresorhus/jshint-json/issues"},"homepage":"https://github.com/sindresorhus/jshint-json","_id":"jshint-json@1.0.0","_shasum":"c2ac280a2bd29b22a195ec25e078969fbfa83b41","_from":".","_npmVersion":"1.4.21","_npmUser":{"name":"sindresorhus","email":"sindresorhus@gmail.com"},"maintainers":[{"name":"sindresorhus","email":"sindresorhus@gmail.com"}],"dist":{"shasum":"c2ac280a2bd29b22a195ec25e078969fbfa83b41","tarball":"https://registry.npmjs.org/jshint-json/-/jshint-json-1.0.0.tgz"},"directories":{}}},"readme":"# jshint-json [![Build Status](https://travis-ci.org/sindresorhus/jshint-json.svg?branch=master)](https://travis-ci.org/sindresorhus/jshint-json)\n\n> JSON reporter for [JSHint](https://github.com/jshint/jshint)\n\nMakes it easy to use JSHint with other tools.\n\n\n## Install\n\n```sh\nnpm install --save-dev jshint-json\n```\n\n\n## Usage\n\nUse it with:\n\n#### JSHint CLI\n\n```sh\n$ jshint --reporter node_modules/jshint-json/json.js file.js\n```\n\n#### [grunt-contrib-jshint](https://github.com/gruntjs/grunt-contrib-jshint)\n\n```js\ngrunt.initConfig({\n\tjshint: {\n\t\toptions: {\n\t\t\treporter: require('jshint-json')\n\t\t},\n\t\ttarget: ['file.js']\n\t}\n});\n\ngrunt.loadNpmTasks('grunt-contrib-jshint');\ngrunt.registerTask('default', ['jshint']);\n```\n\n\n## Example output\n\n```json\n{\n\t\"result\": [{\n\t\t\"file\": \"test.js\",\n\t\t\"error\": {\n\t\t\t\"id\": \"(error)\",\n\t\t\t\"raw\": \"'{a}' is not defined.\",\n\t\t\t\"code\": \"W117\",\n\t\t\t\"evidence\": \"describe('jshint-json', function () {\",\n\t\t\t\"line\": 6,\n\t\t\t\"character\": 1,\n\t\t\t\"scope\": \"(main)\",\n\t\t\t\"a\": \"describe\",\n\t\t\t\"reason\": \"'describe' is not defined.\"\n\t\t}\n\t}, {\n\t\t\"file\": \"test.js\",\n\t\t\"error\": {\n\t\t\t\"id\": \"(error)\",\n\t\t\t\"raw\": \"'{a}' is not defined.\",\n\t\t\t\"code\": \"W117\",\n\t\t\t\"evidence\": \"\\tit('should be used by JSHint', function () {\",\n\t\t\t\"line\": 7,\n\t\t\t\"character\": 5,\n\t\t\t\"scope\": \"(main)\",\n\t\t\t\"a\": \"it\",\n\t\t\t\"reason\": \"'it' is not defined.\"\n\t\t}\n\t}],\n\t\"data\": [{\n\t\t\"functions\": [{\n\t\t\t\"name\": \"\\\"jshint-json\\\"\",\n\t\t\t\"line\": 6,\n\t\t\t\"character\": 35,\n\t\t\t\"last\": 26,\n\t\t\t\"lastcharacter\": 2,\n\t\t\t\"metrics\": {\n\t\t\t\t\"complexity\": 1,\n\t\t\t\t\"parameters\": 0,\n\t\t\t\t\"statements\": 1\n\t\t\t}\n\t\t}, {\n\t\t\t\"name\": \"\\\"should be used by JSHint\\\"\",\n\t\t\t\"line\": 7,\n\t\t\t\"character\": 46,\n\t\t\t\"last\": 25,\n\t\t\t\"lastcharacter\": 6,\n\t\t\t\"metrics\": {\n\t\t\t\t\"complexity\": 1,\n\t\t\t\t\"parameters\": 0,\n\t\t\t\t\"statements\": 5\n\t\t\t}\n\t\t}],\n\t\t\"options\": {\n\t\t\t\"node\": true,\n\t\t\t\"esnext\": true,\n\t\t\t\"bitwise\": true,\n\t\t\t\"camelcase\": true,\n\t\t\t\"curly\": true,\n\t\t\t\"eqeqeq\": true,\n\t\t\t\"immed\": true,\n\t\t\t\"indent\": 4,\n\t\t\t\"(explicitIndent)\": true,\n\t\t\t\"latedef\": true,\n\t\t\t\"newcap\": true,\n\t\t\t\"noarg\": true,\n\t\t\t\"quotmark\": \"single\",\n\t\t\t\"regexp\": true,\n\t\t\t\"undef\": true,\n\t\t\t\"unused\": true,\n\t\t\t\"strict\": true,\n\t\t\t\"trailing\": true,\n\t\t\t\"smarttabs\": true,\n\t\t\t\"maxerr\": 50\n\t\t},\n\t\t\"errors\": [{\n\t\t\t\"id\": \"(error)\",\n\t\t\t\"raw\": \"'{a}' is not defined.\",\n\t\t\t\"code\": \"W117\",\n\t\t\t\"evidence\": \"describe('jshint-json', function () {\",\n\t\t\t\"line\": 6,\n\t\t\t\"character\": 1,\n\t\t\t\"scope\": \"(main)\",\n\t\t\t\"a\": \"describe\",\n\t\t\t\"reason\": \"'describe' is not defined.\"\n\t\t}, {\n\t\t\t\"id\": \"(error)\",\n\t\t\t\"raw\": \"'{a}' is not defined.\",\n\t\t\t\"code\": \"W117\",\n\t\t\t\"evidence\": \"\\tit('should be used by JSHint', function () {\",\n\t\t\t\"line\": 7,\n\t\t\t\"character\": 5,\n\t\t\t\"scope\": \"(main)\",\n\t\t\t\"a\": \"it\",\n\t\t\t\"reason\": \"'it' is not defined.\"\n\t\t}],\n\t\t\"implieds\": [{\n\t\t\t\"name\": \"describe\",\n\t\t\t\"line\": [\n\t\t\t\t6\n\t\t\t]\n\t\t}, {\n\t\t\t\"name\": \"it\",\n\t\t\t\"line\": [\n\t\t\t\t7\n\t\t\t]\n\t\t}],\n\t\t\"globals\": [\n\t\t\t\"assert\",\n\t\t\t\"require\",\n\t\t\t\"jshint\",\n\t\t\t\"jsonReporter\",\n\t\t\t\"console\"\n\t\t],\n\t\t\"member\": {\n\t\t\t\"run\": 1,\n\t\t\t\"reporter\": 2,\n\t\t\t\"log\": 2,\n\t\t\t\"args\": 1\n\t\t},\n\t\t\"file\": \"test.js\"\n\t}]\n}\n```\n\n\n## License\n\nMIT © [Sindre Sorhus](http://sindresorhus.com)\n","maintainers":[{"name":"sindresorhus","email":"sindresorhus@gmail.com"}],"time":{"modified":"2014-08-14T09:38:07.583Z","created":"2013-10-12T21:18:42.237Z","0.1.0":"2013-10-12T21:18:45.223Z","0.1.1":"2013-10-25T22:14:45.265Z","0.1.2":"2013-10-25T22:22:45.487Z","1.0.0":"2014-08-14T09:38:07.583Z"},"author":{"name":"Sindre Sorhus","email":"sindresorhus@gmail.com","url":"http://sindresorhus.com"},"repository":{"type":"git","url":"https://github.com/sindresorhus/jshint-json"},"homepage":"https://github.com/sindresorhus/jshint-json","keywords":["jshint","reporter","lint","validate","json","serialize","bridge"],"bugs":{"url":"https://github.com/sindresorhus/jshint-json/issues"},"license":"MIT","readmeFilename":"readme.md","users":{},"_attachments":{},"_etag":"W/\"53ec837f-22a5\"","_lastModified":"Thu, 14 Aug 2014 09:38:07 GMT","_cached":true}