{"_id":"cli","_rev":"175-fb8c7e2b29ff7f109ac33b380c4f4b9c","name":"cli","description":"A tool for rapidly building command line apps","dist-tags":{"latest":"1.0.1"},"versions":{"0.1.0":{"name":"cli","description":"A command line opts/args parser for node.js","version":"0.1.0","homepage":"http://github.com/chriso/cli","keywords":["cli","command line","opts","parseopt","opt","args","console"],"author":{"name":"Chris O'Hara","email":"cohara87@gmail.com"},"main":"./lib","directories":{"lib":"./lib"},"bugs":{"email":"cohara87@gmail.com","url":"http://github.com/chriso/cli/issues"},"repository":{"type":"git","url":"http://github.com/chriso/cli.git"},"engines":{"node":">=0.2.5"},"licenses":[{"type":"MIT","url":"http://github.com/chriso/node.io/raw/master/LICENSE"}],"_id":"cli@0.1.0","_nodeSupported":true,"_npmVersion":"0.2.12-1","_nodeVersion":"v0.3.1","dist":{"shasum":"40066f20d2193b6508a4faf09cb394dbd2f42519","tarball":"https://registry.npmjs.org/cli/-/cli-0.1.0.tgz"}},"0.1.1":{"name":"cli","description":"A command line opts/args parser for node","version":"0.1.1","homepage":"http://github.com/chriso/cli","keywords":["cli","command line","opts","parseopt","opt","args","console","argsparse","optparse","daemon"],"author":{"name":"Chris O'Hara","email":"cohara87@gmail.com"},"main":"cli","bugs":{"email":"cohara87@gmail.com","url":"http://github.com/chriso/cli/issues"},"repository":{"type":"git","url":"http://github.com/chriso/cli.git"},"engines":{"node":">=0.2.5"},"licenses":[{"type":"MIT","url":"http://github.com/chriso/node.io/raw/master/LICENSE"}],"_id":"cli@0.1.1","_nodeSupported":true,"_npmVersion":"0.2.12-1","_nodeVersion":"v0.3.1","dist":{"shasum":"d353c04bbc2cd74812a089cde66128c48bf5e354","tarball":"https://registry.npmjs.org/cli/-/cli-0.1.1.tgz"},"directories":{}},"0.1.3":{"name":"cli","description":"A command line opts/args parser for node","version":"0.1.3","homepage":"http://github.com/chriso/cli","keywords":["cli","command line","opts","parseopt","opt","args","console","argsparse","optparse","daemon"],"author":{"name":"Chris O'Hara","email":"cohara87@gmail.com"},"main":"cli","bugs":{"email":"cohara87@gmail.com","url":"http://github.com/chriso/cli/issues"},"repository":{"type":"git","url":"http://github.com/chriso/cli.git"},"engines":{"node":">=0.2.5"},"licenses":[{"type":"MIT"}],"_id":"cli@0.1.3","_nodeSupported":true,"_npmVersion":"0.2.12-1","_nodeVersion":"v0.3.1","dist":{"shasum":"6670647be72f9a3bfb99d0ac071a39e1f179fb83","tarball":"https://registry.npmjs.org/cli/-/cli-0.1.3.tgz"},"directories":{}},"0.1.4":{"name":"cli","description":"A command line opts/args parser for node","version":"0.1.4","homepage":"http://github.com/chriso/cli","keywords":["cli","command line","opts","parseopt","opt","args","console","argsparse","optparse","daemon"],"author":{"name":"Chris O'Hara","email":"cohara87@gmail.com"},"main":"cli","bugs":{"email":"cohara87@gmail.com","url":"http://github.com/chriso/cli/issues"},"repository":{"type":"git","url":"http://github.com/chriso/cli.git"},"engines":{"node":">=0.2.5"},"licenses":[{"type":"MIT"}],"_id":"cli@0.1.4","_nodeSupported":true,"_npmVersion":"0.2.12-1","_nodeVersion":"v0.3.1","dist":{"shasum":"f1881854eb29dd1be61fa5cf669b126b8de166bc","tarball":"https://registry.npmjs.org/cli/-/cli-0.1.4.tgz"},"directories":{}},"0.1.5":{"name":"cli","description":"A command line opts/args parser for node","version":"0.1.5","homepage":"http://github.com/chriso/cli","keywords":["cli","command line","opts","parseopt","opt","args","console","argsparse","optparse","daemon"],"author":{"name":"Chris O'Hara","email":"cohara87@gmail.com"},"main":"cli","bugs":{"email":"cohara87@gmail.com","url":"http://github.com/chriso/cli/issues"},"repository":{"type":"git","url":"http://github.com/chriso/cli.git"},"engines":{"node":">=0.2.5"},"licenses":[{"type":"MIT"}],"_id":"cli@0.1.5","_nodeSupported":true,"_npmVersion":"0.2.12-1","_nodeVersion":"v0.3.1","dist":{"shasum":"4feee13c6ef8089f98acdfc5a3b8682066822d4b","tarball":"https://registry.npmjs.org/cli/-/cli-0.1.5.tgz"},"directories":{}},"0.1.6":{"name":"cli","description":"A command line opts/args parser for node","version":"0.1.6","homepage":"http://github.com/chriso/cli","keywords":["cli","command line","opts","parseopt","opt","args","console","argsparse","optparse","daemon"],"author":{"name":"Chris O'Hara","email":"cohara87@gmail.com"},"main":"cli","bugs":{"email":"cohara87@gmail.com","url":"http://github.com/chriso/cli/issues"},"repository":{"type":"git","url":"http://github.com/chriso/cli.git"},"engines":{"node":">=0.2.5"},"licenses":[{"type":"MIT"}],"_id":"cli@0.1.6","_nodeSupported":true,"_npmVersion":"0.2.12-1","_nodeVersion":"v0.3.1","dist":{"shasum":"7984c77b5d21a2a5bd6365d705a7f4a37d8f2b46","tarball":"https://registry.npmjs.org/cli/-/cli-0.1.6.tgz"},"directories":{}},"0.1.7":{"name":"cli","description":"A command line opts/args parser for node","version":"0.1.7","homepage":"http://github.com/chriso/cli","keywords":["cli","command line","opts","parseopt","opt","args","console","argsparse","optparse","daemon"],"author":{"name":"Chris O'Hara","email":"cohara87@gmail.com"},"main":"cli","bugs":{"email":"cohara87@gmail.com","url":"http://github.com/chriso/cli/issues"},"repository":{"type":"git","url":"http://github.com/chriso/cli.git"},"engines":{"node":">=0.2.5"},"licenses":[{"type":"MIT"}],"_id":"cli@0.1.7","_nodeSupported":true,"_npmVersion":"0.2.12-1","_nodeVersion":"v0.3.1","dist":{"shasum":"16a609c5c84d7b6195f0e13b0d58f66db9a26b47","tarball":"https://registry.npmjs.org/cli/-/cli-0.1.7.tgz"},"directories":{}},"0.1.8":{"name":"cli","description":"A command line opts/args parser for node","version":"0.1.8","homepage":"http://github.com/chriso/cli","keywords":["cli","command line","opts","parseopt","opt","args","console","argsparse","optparse","daemon"],"author":{"name":"Chris O'Hara","email":"cohara87@gmail.com"},"main":"cli","bugs":{"email":"cohara87@gmail.com","url":"http://github.com/chriso/cli/issues"},"repository":{"type":"git","url":"http://github.com/chriso/cli.git"},"engines":{"node":">=0.2.5"},"licenses":[{"type":"MIT"}],"_id":"cli@0.1.8","_nodeSupported":true,"_npmVersion":"0.2.12-1","_nodeVersion":"v0.3.1","dist":{"shasum":"8e641421c14dbc67618367b4dd4c71e07cfc7682","tarball":"https://registry.npmjs.org/cli/-/cli-0.1.8.tgz"},"directories":{}},"0.1.9":{"name":"cli","description":"A command line opts/args parser for node","version":"0.1.9","homepage":"http://github.com/chriso/cli","keywords":["cli","command line","opts","parseopt","opt","args","console","argsparse","optparse","daemon"],"author":{"name":"Chris O'Hara","email":"cohara87@gmail.com"},"main":"cli","bugs":{"email":"cohara87@gmail.com","url":"http://github.com/chriso/cli/issues"},"repository":{"type":"git","url":"http://github.com/chriso/cli.git"},"contributors":[{"name":"Douglas Meyer"}],"engines":{"node":">=0.2.5"},"licenses":[{"type":"MIT"}],"_id":"cli@0.1.9","_nodeSupported":true,"_npmVersion":"0.2.12-1","_nodeVersion":"v0.3.1","dist":{"shasum":"005d82883391cbf1c0b67c7ffc6449b1ccd8f650","tarball":"https://registry.npmjs.org/cli/-/cli-0.1.9.tgz"},"directories":{}},"0.2.0":{"name":"cli","description":"A command line opts/args parser for node","version":"0.2.0","homepage":"http://github.com/chriso/cli","keywords":["cli","command line","opts","parseopt","opt","args","console","argsparse","optparse","daemon"],"author":{"name":"Chris O'Hara","email":"cohara87@gmail.com"},"main":"cli","bugs":{"email":"cohara87@gmail.com","url":"http://github.com/chriso/cli/issues"},"repository":{"type":"git","url":"http://github.com/chriso/cli.git"},"contributors":[{"name":"Douglas Meyer"}],"engines":{"node":">=0.2.5"},"licenses":[{"type":"MIT"}],"_id":"cli@0.2.0","_nodeSupported":true,"_npmVersion":"0.2.12-1","_nodeVersion":"v0.3.1","dist":{"shasum":"71a16636a2663db9bc40b1f30e5499c71011feca","tarball":"https://registry.npmjs.org/cli/-/cli-0.2.0.tgz"},"directories":{}},"0.2.1-1":{"name":"cli","description":"A command line opts/args parser for node","version":"0.2.1-1","homepage":"http://github.com/chriso/cli","keywords":["cli","command line","opts","parseopt","opt","args","console","argsparse","optparse","daemon"],"author":{"name":"Chris O'Hara","email":"cohara87@gmail.com"},"main":"cli","bugs":{"email":"cohara87@gmail.com","url":"http://github.com/chriso/cli/issues"},"repository":{"type":"git","url":"http://github.com/chriso/cli.git"},"contributors":[{"name":"Douglas Meyer"}],"engines":{"node":">=0.2.5"},"licenses":[{"type":"MIT"}],"_id":"cli@0.2.1-1","_nodeSupported":true,"_npmVersion":"0.2.12-1","_nodeVersion":"v0.3.1","dist":{"shasum":"91cd3a5c571894555ed77e66b3181cc1da4a5f49","tarball":"https://registry.npmjs.org/cli/-/cli-0.2.1-1.tgz"},"directories":{}},"0.2.2-1":{"name":"cli","description":"A tool for rapidly building command line apps","version":"0.2.2-1","homepage":"http://github.com/chriso/cli","keywords":["cli","command line","opts","parseopt","opt","args","console","argsparse","optparse","daemon"],"author":{"name":"Chris O'Hara","email":"cohara87@gmail.com"},"main":"cli","bugs":{"email":"cohara87@gmail.com","url":"http://github.com/chriso/cli/issues"},"repository":{"type":"git","url":"http://github.com/chriso/cli.git"},"contributors":[{"name":"Douglas Meyer"}],"engines":{"node":">=0.2.5"},"licenses":[{"type":"MIT"}],"_id":"cli@0.2.2-1","_nodeSupported":true,"_npmVersion":"0.2.12-1","_nodeVersion":"v0.3.1","dist":{"shasum":"3b9df09dfdeb72453163ab6243cfb4ced148ad21","tarball":"https://registry.npmjs.org/cli/-/cli-0.2.2-1.tgz"},"directories":{}},"0.2.3-1":{"name":"cli","description":"A tool for rapidly building command line apps","version":"0.2.3-1","homepage":"http://github.com/chriso/cli","keywords":["cli","command line","opts","parseopt","opt","args","console","argsparse","optparse","daemon","autocomplete","command","autocompletion"],"author":{"name":"Chris O'Hara","email":"cohara87@gmail.com"},"main":"cli","bugs":{"email":"cohara87@gmail.com","url":"http://github.com/chriso/cli/issues"},"repository":{"type":"git","url":"http://github.com/chriso/cli.git"},"contributors":[{"name":"Douglas Meyer"}],"engines":{"node":">=0.2.5"},"licenses":[{"type":"MIT"}],"_id":"cli@0.2.3-1","_nodeSupported":true,"_npmVersion":"0.2.12-1","_nodeVersion":"v0.3.1","dist":{"shasum":"3cf8911ffed3898f5207a6f19692556e6461a11f","tarball":"https://registry.npmjs.org/cli/-/cli-0.2.3-1.tgz"},"directories":{}},"0.2.3-2":{"name":"cli","description":"A tool for rapidly building command line apps","version":"0.2.3-2","homepage":"http://github.com/chriso/cli","keywords":["cli","command line","opts","parseopt","opt","args","console","argsparse","optparse","daemon","autocomplete","command","autocompletion"],"author":{"name":"Chris O'Hara","email":"cohara87@gmail.com"},"main":"cli","bugs":{"email":"cohara87@gmail.com","url":"http://github.com/chriso/cli/issues"},"repository":{"type":"git","url":"http://github.com/chriso/cli.git"},"contributors":[{"name":"Douglas Meyer"}],"engines":{"node":">=0.2.5"},"licenses":[{"type":"MIT"}],"_id":"cli@0.2.3-2","_nodeSupported":true,"_npmVersion":"0.2.12-1","_nodeVersion":"v0.3.1","dist":{"shasum":"61ea70fa5c0fef594cc66398a52d7fd511f5cd52","tarball":"https://registry.npmjs.org/cli/-/cli-0.2.3-2.tgz"},"directories":{}},"0.2.3-3":{"name":"cli","description":"A tool for rapidly building command line apps","version":"0.2.3-3","homepage":"http://github.com/chriso/cli","keywords":["cli","command line","opts","parseopt","opt","args","console","argsparse","optparse","daemon","autocomplete","command","autocompletion"],"author":{"name":"Chris O'Hara","email":"cohara87@gmail.com"},"main":"cli","bugs":{"email":"cohara87@gmail.com","url":"http://github.com/chriso/cli/issues"},"repository":{"type":"git","url":"http://github.com/chriso/cli.git"},"contributors":[{"name":"Douglas Meyer"}],"engines":{"node":">=0.2.5"},"licenses":[{"type":"MIT"}],"_id":"cli@0.2.3-3","_engineSupported":true,"_npmVersion":"0.2.14","_nodeVersion":"v0.3.1","directories":{},"files":[""],"_defaultsLoaded":true,"dist":{"shasum":"8509f21e8de02dcf9ed10a6300f485a9f862c26f","tarball":"https://registry.npmjs.org/cli/-/cli-0.2.3-3.tgz"}},"0.2.3-4":{"name":"cli","description":"A tool for rapidly building command line apps","version":"0.2.3-4","homepage":"http://github.com/chriso/cli","keywords":["cli","command line","opts","parseopt","opt","args","console","argsparse","optparse","daemon","autocomplete","command","autocompletion"],"author":{"name":"Chris O'Hara","email":"cohara87@gmail.com"},"main":"cli","bugs":{"email":"cohara87@gmail.com","url":"http://github.com/chriso/cli/issues"},"repository":{"type":"git","url":"http://github.com/chriso/cli.git"},"contributors":[{"name":"Douglas Meyer"}],"engines":{"node":">=0.2.5"},"licenses":[{"type":"MIT"}],"_id":"cli@0.2.3-4","_engineSupported":true,"_npmVersion":"0.2.14","_nodeVersion":"v0.3.1","directories":{},"files":[""],"_defaultsLoaded":true,"dist":{"shasum":"e22544cb152785b0dccd4d60f4318ad63f7c25ef","tarball":"https://registry.npmjs.org/cli/-/cli-0.2.3-4.tgz"}},"0.2.3-5":{"name":"cli","description":"A tool for rapidly building command line apps","version":"0.2.3-5","homepage":"http://github.com/chriso/cli","keywords":["cli","command line","opts","parseopt","opt","args","console","argsparse","optparse","daemon","autocomplete","command","autocompletion"],"author":{"name":"Chris O'Hara","email":"cohara87@gmail.com"},"main":"cli","bugs":{"email":"cohara87@gmail.com","url":"http://github.com/chriso/cli/issues"},"repository":{"type":"git","url":"http://github.com/chriso/cli.git"},"contributors":[{"name":"Douglas Meyer"}],"engines":{"node":">=0.2.5"},"licenses":[{"type":"MIT"}],"_id":"cli@0.2.3-5","_engineSupported":true,"_npmVersion":"0.2.14-6","_nodeVersion":"v0.3.1","directories":{},"files":[""],"_defaultsLoaded":true,"dist":{"shasum":"3960884d9f592819b2299d899d008e120fa6ce39","tarball":"https://registry.npmjs.org/cli/-/cli-0.2.3-5.tgz"}},"0.2.4-1":{"name":"cli","description":"A tool for rapidly building command line apps","version":"0.2.4-1","homepage":"http://github.com/chriso/cli","keywords":["cli","command line","opts","parseopt","opt","args","console","argsparse","optparse","daemon","autocomplete","command","autocompletion"],"author":{"name":"Chris O'Hara","email":"cohara87@gmail.com"},"main":"cli","bugs":{"email":"cohara87@gmail.com","url":"http://github.com/chriso/cli/issues"},"repository":{"type":"git","url":"http://github.com/chriso/cli.git"},"contributors":[{"name":"Douglas Meyer"}],"engines":{"node":">=0.2.5"},"licenses":[{"type":"MIT"}],"_id":"cli@0.2.4-1","_engineSupported":true,"_npmVersion":"0.2.14-6","_nodeVersion":"v0.3.1","directories":{},"files":[""],"_defaultsLoaded":true,"dist":{"shasum":"8796402baf011975ba68bb50f9e6b488b9ffa69e","tarball":"https://registry.npmjs.org/cli/-/cli-0.2.4-1.tgz"}},"0.2.4-2":{"name":"cli","description":"A tool for rapidly building command line apps","version":"0.2.4-2","homepage":"http://github.com/chriso/cli","keywords":["cli","command line","opts","parseopt","opt","args","console","argsparse","optparse","daemon","autocomplete","command","autocompletion"],"author":{"name":"Chris O'Hara","email":"cohara87@gmail.com"},"main":"cli","bugs":{"email":"cohara87@gmail.com","url":"http://github.com/chriso/cli/issues"},"repository":{"type":"git","url":"http://github.com/chriso/cli.git"},"contributors":[{"name":"Douglas Meyer"}],"engines":{"node":">=0.2.5"},"licenses":[{"type":"MIT"}],"_id":"cli@0.2.4-2","_engineSupported":true,"_npmVersion":"0.2.14-6","_nodeVersion":"v0.3.1","directories":{},"files":[""],"_defaultsLoaded":true,"dist":{"shasum":"ca9d805cc3866d94ee80d9fc8a5e9e81df463bde","tarball":"https://registry.npmjs.org/cli/-/cli-0.2.4-2.tgz"}},"0.2.5":{"name":"cli","description":"A tool for rapidly building command line apps","version":"0.2.5","homepage":"http://github.com/chriso/cli","keywords":["cli","command line","opts","parseopt","opt","args","console","argsparse","optparse","daemon","autocomplete","command","autocompletion"],"author":{"name":"Chris O'Hara","email":"cohara87@gmail.com"},"main":"cli","bugs":{"email":"cohara87@gmail.com","url":"http://github.com/chriso/cli/issues"},"repository":{"type":"git","url":"http://github.com/chriso/cli.git"},"contributors":[{"name":"Douglas Meyer"}],"engines":{"node":">=0.2.5"},"licenses":[{"type":"MIT"}],"_id":"cli@0.2.5","_engineSupported":true,"_npmVersion":"0.2.16","_nodeVersion":"v0.2.6","directories":{},"files":[""],"_defaultsLoaded":true,"dist":{"shasum":"c27b331e8409a28761b4d73a4c00d8f067eab0ec","tarball":"https://registry.npmjs.org/cli/-/cli-0.2.5.tgz"}},"0.2.6":{"name":"cli","description":"A tool for rapidly building command line apps","version":"0.2.6","homepage":"http://github.com/chriso/cli","keywords":["cli","command line","opts","parseopt","opt","args","console","argsparse","optparse","daemon","autocomplete","command","autocompletion"],"author":{"name":"Chris O'Hara","email":"cohara87@gmail.com"},"main":"cli","bugs":{"email":"cohara87@gmail.com","url":"http://github.com/chriso/cli/issues"},"repository":{"type":"git","url":"http://github.com/chriso/cli.git"},"contributors":[{"name":"Douglas Meyer"}],"engines":{"node":">=0.2.5"},"licenses":[{"type":"MIT"}],"_id":"cli@0.2.6","_engineSupported":true,"_npmVersion":"0.2.17","_nodeVersion":"v0.2.6","directories":{},"files":[""],"_defaultsLoaded":true,"dist":{"shasum":"5e4eaded66413344493ff70a1836bdeb4e519d35","tarball":"https://registry.npmjs.org/cli/-/cli-0.2.6.tgz"}},"0.2.7":{"name":"cli","description":"A tool for rapidly building command line apps","version":"0.2.7","homepage":"http://github.com/chriso/cli","keywords":["cli","command line","opts","parseopt","opt","args","console","argsparse","optparse","daemon","autocomplete","command","autocompletion"],"author":{"name":"Chris O'Hara","email":"cohara87@gmail.com"},"main":"cli.js","bugs":{"email":"cohara87@gmail.com","url":"http://github.com/chriso/cli/issues"},"repository":{"type":"git","url":"git://github.com/chriso/cli.git"},"contributors":[{"name":"Douglas Meyer"}],"engines":{"node":">=0.2.5"},"licenses":[{"type":"MIT"}],"_id":"cli@0.2.7","_engineSupported":true,"_npmVersion":"0.3.7","_nodeVersion":"v0.4.1","directories":{},"files":[""],"_defaultsLoaded":true,"dist":{"shasum":"6fe3db18926aade712018fd72e2656b139b08ef0","tarball":"https://registry.npmjs.org/cli/-/cli-0.2.7.tgz"}},"0.2.8":{"name":"cli","description":"A tool for rapidly building command line apps","version":"0.2.8","homepage":"http://github.com/chriso/cli","keywords":["cli","command line","opts","parseopt","opt","args","console","argsparse","optparse","daemon","autocomplete","command","autocompletion"],"author":{"name":"Chris O'Hara","email":"cohara87@gmail.com"},"main":"cli.js","bugs":{"email":"cohara87@gmail.com","url":"http://github.com/chriso/cli/issues"},"repository":{"type":"git","url":"git://github.com/chriso/cli.git"},"contributors":[{"name":"Douglas Meyer"}],"engines":{"node":">=0.2.5"},"licenses":[{"type":"MIT"}],"_id":"cli@0.2.8","_engineSupported":true,"_npmVersion":"0.3.15","_nodeVersion":"v0.4.2","directories":{},"files":[""],"_defaultsLoaded":true,"dist":{"shasum":"c86ac7fc75193bc836c369ca9eff37022ffec559","tarball":"https://registry.npmjs.org/cli/-/cli-0.2.8.tgz"}},"0.3.0":{"name":"cli","description":"A tool for rapidly building command line apps","version":"0.3.0","homepage":"http://github.com/chriso/cli","keywords":["cli","command line","opts","parseopt","opt","args","console","argsparse","optparse","daemon","autocomplete","command","autocompletion"],"author":{"name":"Chris O'Hara","email":"cohara87@gmail.com"},"main":"cli.js","bugs":{"email":"cohara87@gmail.com","url":"http://github.com/chriso/cli/issues"},"repository":{"type":"git","url":"git://github.com/chriso/cli.git"},"contributors":[{"name":"Douglas Meyer"}],"engines":{"node":">=0.2.5"},"licenses":[{"type":"MIT"}],"dependencies":{},"devDependencies":{},"_id":"cli@0.3.0","_engineSupported":true,"_npmVersion":"1.0.6","_nodeVersion":"v0.4.7","_defaultsLoaded":true,"dist":{"shasum":"41852190d974a8d18465a0b1a1ca80c92b31eed1","tarball":"https://registry.npmjs.org/cli/-/cli-0.3.0.tgz"},"scripts":{},"directories":{}},"0.3.1":{"name":"cli","description":"A tool for rapidly building command line apps","version":"0.3.1","homepage":"http://github.com/chriso/cli","keywords":["cli","command line","opts","parseopt","opt","args","console","argsparse","optparse","daemon","autocomplete","command","autocompletion"],"author":{"name":"Chris O'Hara","email":"cohara87@gmail.com"},"main":"cli.js","bugs":{"email":"cohara87@gmail.com","url":"http://github.com/chriso/cli/issues"},"repository":{"type":"git","url":"git://github.com/chriso/cli.git"},"contributors":[{"name":"Douglas Meyer"}],"engines":{"node":">=0.2.5"},"licenses":[{"type":"MIT"}],"dependencies":{},"devDependencies":{},"_id":"cli@0.3.1","_engineSupported":true,"_npmVersion":"1.0.6","_nodeVersion":"v0.4.7","_defaultsLoaded":true,"dist":{"shasum":"f56ee983212a3a58b697c614f292b1e8c3f3b9fa","tarball":"https://registry.npmjs.org/cli/-/cli-0.3.1.tgz"},"scripts":{},"directories":{}},"0.3.2":{"name":"cli","description":"A tool for rapidly building command line apps","version":"0.3.2","homepage":"http://github.com/chriso/cli","keywords":["cli","command line","opts","parseopt","opt","args","console","argsparse","optparse","daemon","autocomplete","command","autocompletion"],"author":{"name":"Chris O'Hara","email":"cohara87@gmail.com"},"main":"cli.js","bugs":{"email":"cohara87@gmail.com","url":"http://github.com/chriso/cli/issues"},"repository":{"type":"git","url":"git://github.com/chriso/cli.git"},"contributors":[{"name":"Douglas Meyer"}],"engines":{"node":">=0.2.5"},"licenses":[{"type":"MIT"}],"dependencies":{},"devDependencies":{},"_id":"cli@0.3.2","_engineSupported":true,"_npmVersion":"1.0.6","_nodeVersion":"v0.4.7","_defaultsLoaded":true,"dist":{"shasum":"7b28820e8c3e853b72e30aa4cec0179aa06cdd7f","tarball":"https://registry.npmjs.org/cli/-/cli-0.3.2.tgz"},"scripts":{},"directories":{}},"0.3.3":{"name":"cli","description":"A tool for rapidly building command line apps","version":"0.3.3","homepage":"http://github.com/chriso/cli","keywords":["cli","command line","opts","parseopt","opt","args","console","argsparse","optparse","daemon","autocomplete","command","autocompletion"],"author":{"name":"Chris O'Hara","email":"cohara87@gmail.com"},"main":"cli.js","bugs":{"email":"cohara87@gmail.com","url":"http://github.com/chriso/cli/issues"},"repository":{"type":"git","url":"git://github.com/chriso/cli.git"},"contributors":[{"name":"Douglas Meyer"}],"engines":{"node":">=0.2.5"},"licenses":[{"type":"MIT"}],"dependencies":{},"devDependencies":{},"_id":"cli@0.3.3","_engineSupported":true,"_npmVersion":"1.0.6","_nodeVersion":"v0.4.7","_defaultsLoaded":true,"dist":{"shasum":"4fdc9746165fc8da7048c4733faee289d6112d69","tarball":"https://registry.npmjs.org/cli/-/cli-0.3.3.tgz"},"scripts":{},"directories":{}},"0.3.4":{"name":"cli","description":"A tool for rapidly building command line apps","version":"0.3.4","homepage":"http://github.com/chriso/cli","keywords":["cli","command line","opts","parseopt","opt","args","console","argsparse","optparse","daemon","autocomplete","command","autocompletion"],"author":{"name":"Chris O'Hara","email":"cohara87@gmail.com"},"main":"cli.js","bugs":{"email":"cohara87@gmail.com","url":"http://github.com/chriso/cli/issues"},"repository":{"type":"git","url":"git://github.com/chriso/cli.git"},"contributors":[{"name":"Douglas Meyer"}],"engines":{"node":">=0.2.5"},"licenses":[{"type":"MIT"}],"dependencies":{},"devDependencies":{},"_id":"cli@0.3.4","_engineSupported":true,"_npmVersion":"1.0.6","_nodeVersion":"v0.4.7","_defaultsLoaded":true,"dist":{"shasum":"16bfa95a11fe439486daea2c7db448d1eb34cf5c","tarball":"https://registry.npmjs.org/cli/-/cli-0.3.4.tgz"},"scripts":{},"directories":{}},"0.3.5":{"name":"cli","description":"A tool for rapidly building command line apps","version":"0.3.5","homepage":"http://github.com/chriso/cli","keywords":["cli","command line","opts","parseopt","opt","args","console","argsparse","optparse","daemon","autocomplete","command","autocompletion"],"author":{"name":"Chris O'Hara","email":"cohara87@gmail.com"},"main":"cli.js","bugs":{"email":"cohara87@gmail.com","url":"http://github.com/chriso/cli/issues"},"repository":{"type":"git","url":"git://github.com/chriso/cli.git"},"contributors":[{"name":"Douglas Meyer"}],"engines":{"node":">=0.2.5"},"licenses":[{"type":"MIT"}],"dependencies":{},"devDependencies":{},"_id":"cli@0.3.5","_engineSupported":true,"_npmVersion":"1.0.6","_nodeVersion":"v0.4.8","_defaultsLoaded":true,"dist":{"shasum":"9819d523fab9830b2eeaf7ec9b39918cc9876116","tarball":"https://registry.npmjs.org/cli/-/cli-0.3.5.tgz"},"scripts":{},"directories":{}},"0.3.6":{"name":"cli","description":"A tool for rapidly building command line apps","version":"0.3.6","homepage":"http://github.com/chriso/cli","keywords":["cli","command line","opts","parseopt","opt","args","console","argsparse","optparse","daemon","autocomplete","command","autocompletion"],"author":{"name":"Chris O'Hara","email":"cohara87@gmail.com"},"main":"cli.js","bugs":{"email":"cohara87@gmail.com","url":"http://github.com/chriso/cli/issues"},"repository":{"type":"git","url":"git://github.com/chriso/cli.git"},"contributors":[{"name":"Douglas Meyer"}],"engines":{"node":">=0.2.5"},"licenses":[{"type":"MIT"}],"dependencies":{},"devDependencies":{},"_id":"cli@0.3.6","_engineSupported":true,"_npmVersion":"1.0.6","_nodeVersion":"v0.4.8","_defaultsLoaded":true,"dist":{"shasum":"f1d627e1300b6afe9575367b1804366d13f81205","tarball":"https://registry.npmjs.org/cli/-/cli-0.3.6.tgz"},"scripts":{},"directories":{}},"0.3.7":{"name":"cli","description":"A tool for rapidly building command line apps","version":"0.3.7","homepage":"http://github.com/chriso/cli","keywords":["cli","command line","opts","parseopt","opt","args","console","argsparse","optparse","daemon","autocomplete","command","autocompletion"],"author":{"name":"Chris O'Hara","email":"cohara87@gmail.com"},"main":"cli.js","bugs":{"email":"cohara87@gmail.com","url":"http://github.com/chriso/cli/issues"},"repository":{"type":"git","url":"git://github.com/chriso/cli.git"},"contributors":[{"name":"Douglas Meyer"}],"engines":{"node":">=0.2.5"},"licenses":[{"type":"MIT"}],"_npmJsonOpts":{"file":"/Users/chris/.npm/cli/0.3.7/package/package.json","wscript":false,"contributors":false,"serverjs":false},"_id":"cli@0.3.7","dependencies":{},"devDependencies":{},"_engineSupported":true,"_npmVersion":"1.0.15","_nodeVersion":"v0.4.8","_defaultsLoaded":true,"dist":{"shasum":"1b6dd1f267ce6817e353ecc8a5c231eb8aaf4786","tarball":"https://registry.npmjs.org/cli/-/cli-0.3.7.tgz"},"scripts":{},"directories":{}},"0.3.8":{"name":"cli","description":"A tool for rapidly building command line apps","version":"0.3.8","homepage":"http://github.com/chriso/cli","keywords":["cli","command line","opts","parseopt","opt","args","console","argsparse","optparse","daemon","autocomplete","command","autocompletion"],"author":{"name":"Chris O'Hara","email":"cohara87@gmail.com"},"main":"cli.js","bugs":{"email":"cohara87@gmail.com","url":"http://github.com/chriso/cli/issues"},"repository":{"type":"git","url":"git://github.com/chriso/cli.git"},"contributors":[{"name":"Douglas Meyer"}],"engines":{"node":">=0.2.5"},"licenses":[{"type":"MIT"}],"_npmJsonOpts":{"file":"/Users/chris/.npm/cli/0.3.8/package/package.json","wscript":false,"contributors":false,"serverjs":false},"_id":"cli@0.3.8","dependencies":{},"devDependencies":{},"_engineSupported":true,"_npmVersion":"1.0.30","_nodeVersion":"v0.4.11","_defaultsLoaded":true,"dist":{"shasum":"1d704b92dff637c6bd8baadebd28ca9e1e3c955c","tarball":"https://registry.npmjs.org/cli/-/cli-0.3.8.tgz"},"maintainers":[{"name":"cohara87","email":"cohara87@gmail.com"}],"directories":{}},"0.3.9":{"name":"cli","description":"A tool for rapidly building command line apps","version":"0.3.9","homepage":"http://github.com/chriso/cli","keywords":["cli","command line","opts","parseopt","opt","args","console","argsparse","optparse","daemon","autocomplete","command","autocompletion"],"author":{"name":"Chris O'Hara","email":"cohara87@gmail.com"},"main":"cli.js","bugs":{"email":"cohara87@gmail.com","url":"http://github.com/chriso/cli/issues"},"repository":{"type":"git","url":"git://github.com/chriso/cli.git"},"contributors":[{"name":"Douglas Meyer"}],"engines":{"node":">=0.2.5"},"licenses":[{"type":"MIT"}],"_npmUser":{"name":"cohara87","email":"cohara87@gmail.com"},"_id":"cli@0.3.9","dependencies":{},"devDependencies":{},"_engineSupported":true,"_npmVersion":"1.0.106","_nodeVersion":"v0.6.6","_defaultsLoaded":true,"dist":{"shasum":"09d621298aaaf8930fd221047bd3cb5bf12954da","tarball":"https://registry.npmjs.org/cli/-/cli-0.3.9.tgz"},"maintainers":[{"name":"cohara87","email":"cohara87@gmail.com"}],"directories":{}},"0.4.0":{"name":"cli","description":"A tool for rapidly building command line apps","version":"0.4.0","homepage":"http://github.com/chriso/cli","keywords":["cli","command line","opts","parseopt","opt","args","console","argsparse","optparse","daemon","autocomplete","command","autocompletion"],"author":{"name":"Chris O'Hara","email":"cohara87@gmail.com"},"main":"cli.js","bugs":{"email":"cohara87@gmail.com","url":"http://github.com/chriso/cli/issues"},"repository":{"type":"git","url":"git://github.com/chriso/cli.git"},"contributors":[{"name":"Douglas Meyer"}],"engines":{"node":">=0.2.5"},"licenses":[{"type":"MIT"}],"_npmUser":{"name":"cohara87","email":"cohara87@gmail.com"},"_id":"cli@0.4.0","dependencies":{},"devDependencies":{},"_engineSupported":true,"_npmVersion":"1.0.106","_nodeVersion":"v0.6.6","_defaultsLoaded":true,"dist":{"shasum":"f3847216f9082dcc1f18ca69677d03f0d7a36a8a","tarball":"https://registry.npmjs.org/cli/-/cli-0.4.0.tgz"},"maintainers":[{"name":"cohara87","email":"cohara87@gmail.com"}],"directories":{}},"0.4.1":{"name":"cli","description":"A tool for rapidly building command line apps","version":"0.4.1","homepage":"http://github.com/chriso/cli","keywords":["cli","command line","opts","parseopt","opt","args","console","argsparse","optparse","daemon","autocomplete","command","autocompletion"],"author":{"name":"Chris O'Hara","email":"cohara87@gmail.com"},"main":"cli.js","bugs":{"email":"cohara87@gmail.com","url":"http://github.com/chriso/cli/issues"},"repository":{"type":"git","url":"git://github.com/chriso/cli.git"},"dependencies":{"glob":">= 3.1.4"},"contributors":[{"name":"Douglas Meyer"}],"engines":{"node":">=0.2.5"},"licenses":[{"type":"MIT"}],"_npmUser":{"name":"cohara87","email":"cohara87@gmail.com"},"_id":"cli@0.4.1","devDependencies":{},"optionalDependencies":{},"_engineSupported":true,"_npmVersion":"1.1.0-3","_nodeVersion":"v0.6.10","_defaultsLoaded":true,"dist":{"shasum":"ccdf57e56a12525c70b37b4479835764e6927714","tarball":"https://registry.npmjs.org/cli/-/cli-0.4.1.tgz"},"maintainers":[{"name":"cohara87","email":"cohara87@gmail.com"}],"directories":{}},"0.4.2":{"name":"cli","description":"A tool for rapidly building command line apps","version":"0.4.2","homepage":"http://github.com/chriso/cli","keywords":["cli","command line","opts","parseopt","opt","args","console","argsparse","optparse","daemon","autocomplete","command","autocompletion"],"author":{"name":"Chris O'Hara","email":"cohara87@gmail.com"},"main":"cli.js","bugs":{"email":"cohara87@gmail.com","url":"http://github.com/chriso/cli/issues"},"repository":{"type":"git","url":"git://github.com/chriso/cli.git"},"dependencies":{"glob":">= 3.1.4"},"contributors":[{"name":"Douglas Meyer"}],"engines":{"node":">=0.2.5"},"licenses":[{"type":"MIT"}],"_npmUser":{"name":"cohara87","email":"cohara87@gmail.com"},"_id":"cli@0.4.2","devDependencies":{},"optionalDependencies":{},"_engineSupported":true,"_npmVersion":"1.1.16","_nodeVersion":"v0.6.15","_defaultsLoaded":true,"dist":{"shasum":"a40bae340ffa676bbadabfe49307f862fc60ef08","tarball":"https://registry.npmjs.org/cli/-/cli-0.4.2.tgz"},"maintainers":[{"name":"cohara87","email":"cohara87@gmail.com"}],"directories":{}},"0.4.3":{"name":"cli","description":"A tool for rapidly building command line apps","version":"0.4.3","homepage":"http://github.com/chriso/cli","keywords":["cli","command line","opts","parseopt","opt","args","console","argsparse","optparse","daemon","autocomplete","command","autocompletion"],"author":{"name":"Chris O'Hara","email":"cohara87@gmail.com"},"main":"cli.js","bugs":{"email":"cohara87@gmail.com","url":"http://github.com/chriso/cli/issues"},"repository":{"type":"git","url":"git://github.com/chriso/cli.git"},"dependencies":{"glob":">= 3.1.4"},"contributors":[{"name":"Douglas Meyer"}],"engines":{"node":">=0.2.5"},"licenses":[{"type":"MIT"}],"_npmUser":{"name":"cohara87","email":"cohara87@gmail.com"},"_id":"cli@0.4.3","devDependencies":{},"optionalDependencies":{},"_engineSupported":true,"_npmVersion":"1.1.18","_nodeVersion":"v0.6.15","_defaultsLoaded":true,"dist":{"shasum":"e6819c8d5faa957f64f98f66a8506268c1d1f17d","tarball":"https://registry.npmjs.org/cli/-/cli-0.4.3.tgz"},"maintainers":[{"name":"cohara87","email":"cohara87@gmail.com"}],"directories":{}},"0.4.4":{"name":"cli","description":"A tool for rapidly building command line apps","version":"0.4.4","homepage":"http://github.com/chriso/cli","keywords":["cli","command line","opts","parseopt","opt","args","console","argsparse","optparse","daemon","autocomplete","command","autocompletion"],"author":{"name":"Chris O'Hara","email":"cohara87@gmail.com"},"main":"cli.js","bugs":{"email":"cohara87@gmail.com","url":"http://github.com/chriso/cli/issues"},"repository":{"type":"git","url":"git://github.com/chriso/cli.git"},"dependencies":{"glob":">= 3.1.4"},"contributors":[{"name":"Douglas Meyer"}],"engines":{"node":">=0.2.5"},"licenses":[{"type":"MIT"}],"_npmUser":{"name":"cohara87","email":"cohara87@gmail.com"},"_id":"cli@0.4.4","devDependencies":{},"optionalDependencies":{},"_engineSupported":true,"_npmVersion":"1.1.21","_nodeVersion":"v0.6.18","_defaultsLoaded":true,"dist":{"shasum":"13ceb30872e7c9addc383e5519fb2949ab61ba43","tarball":"https://registry.npmjs.org/cli/-/cli-0.4.4.tgz"},"maintainers":[{"name":"cohara87","email":"cohara87@gmail.com"}],"directories":{}},"0.4.4-1":{"name":"cli","description":"A tool for rapidly building command line apps","version":"0.4.4-1","homepage":"http://github.com/chriso/cli","keywords":["cli","command line","opts","parseopt","opt","args","console","argsparse","optparse","daemon","autocomplete","command","autocompletion"],"author":{"name":"Chris O'Hara","email":"cohara87@gmail.com"},"main":"cli.js","bugs":{"email":"cohara87@gmail.com","url":"http://github.com/chriso/cli/issues"},"repository":{"type":"git","url":"git://github.com/chriso/cli.git"},"dependencies":{"glob":">= 3.1.4"},"contributors":[{"name":"Douglas Meyer"}],"engines":{"node":">=0.2.5"},"licenses":[{"type":"MIT"}],"_npmUser":{"name":"cohara87","email":"cohara87@gmail.com"},"_id":"cli@0.4.4-1","devDependencies":{},"optionalDependencies":{},"_engineSupported":true,"_npmVersion":"1.1.21","_nodeVersion":"v0.6.18","_defaultsLoaded":true,"dist":{"shasum":"fee0faf646f110ab862a55daef0a383c385b1ab4","tarball":"https://registry.npmjs.org/cli/-/cli-0.4.4-1.tgz"},"maintainers":[{"name":"cohara87","email":"cohara87@gmail.com"}],"directories":{}},"0.4.4-2":{"name":"cli","description":"A tool for rapidly building command line apps","version":"0.4.4-2","homepage":"http://github.com/chriso/cli","keywords":["cli","command line","opts","parseopt","opt","args","console","argsparse","optparse","daemon","autocomplete","command","autocompletion"],"author":{"name":"Chris O'Hara","email":"cohara87@gmail.com"},"main":"cli.js","bugs":{"mail":"cohara87@gmail.com","url":"http://github.com/chriso/cli/issues"},"repository":{"type":"git","url":"http://github.com/chriso/cli.git"},"dependencies":{"glob":">= 3.1.4"},"contributors":[{"name":"Douglas Meyer"}],"engines":{"node":">=0.2.5"},"licenses":[{"type":"MIT"}],"_id":"cli@0.4.4-2","dist":{"shasum":"a38c8f991df22eea0179ec16dd90fa3f3c85fa4a","tarball":"https://registry.npmjs.org/cli/-/cli-0.4.4-2.tgz"},"_npmVersion":"1.1.59","_npmUser":{"name":"cohara87","email":"cohara87@gmail.com"},"maintainers":[{"name":"cohara87","email":"cohara87@gmail.com"}],"directories":{}},"0.4.5":{"name":"cli","description":"A tool for rapidly building command line apps","version":"0.4.5","homepage":"http://github.com/chriso/cli","keywords":["cli","command line","opts","parseopt","opt","args","console","argsparse","optparse","daemon","autocomplete","command","autocompletion"],"author":{"name":"Chris O'Hara","email":"cohara87@gmail.com"},"main":"cli.js","bugs":{"url":"http://github.com/chriso/cli/issues"},"repository":{"type":"git","url":"http://github.com/chriso/cli.git"},"dependencies":{"glob":">= 3.1.4"},"contributors":[{"name":"Douglas Meyer"}],"engines":{"node":">=0.2.5"},"licenses":[{"type":"MIT"}],"_id":"cli@0.4.5","dist":{"shasum":"78f9485cd161b566e9a6c72d7170c4270e81db61","tarball":"https://registry.npmjs.org/cli/-/cli-0.4.5.tgz"},"_from":".","_npmVersion":"1.3.2","_npmUser":{"name":"cohara87","email":"cohara87@gmail.com"},"maintainers":[{"name":"cohara87","email":"cohara87@gmail.com"}],"directories":{}},"0.5.0":{"name":"cli","description":"A tool for rapidly building command line apps","version":"0.5.0","homepage":"http://github.com/chriso/cli","keywords":["cli","command line","opts","parseopt","opt","args","console","argsparse","optparse","daemon","autocomplete","command","autocompletion"],"author":{"name":"Chris O'Hara","email":"cohara87@gmail.com"},"main":"cli.js","bugs":{"url":"http://github.com/chriso/cli/issues"},"repository":{"type":"git","url":"http://github.com/chriso/cli.git"},"dependencies":{"glob":">= 3.1.4"},"contributors":[{"name":"Douglas Meyer"}],"engines":{"node":">=0.2.5"},"licenses":[{"type":"MIT"}],"_id":"cli@0.5.0","dist":{"shasum":"ef371577975072261f7a334295425cf8e8298873","tarball":"https://registry.npmjs.org/cli/-/cli-0.5.0.tgz"},"_from":".","_npmVersion":"1.4.3","_npmUser":{"name":"cohara87","email":"cohara87@gmail.com"},"maintainers":[{"name":"cohara87","email":"cohara87@gmail.com"}],"directories":{}},"0.6.0":{"name":"cli","description":"A tool for rapidly building command line apps","version":"0.6.0","homepage":"http://github.com/chriso/cli","keywords":["cli","command line","opts","parseopt","opt","args","console","argsparse","optparse","daemon","autocomplete","command","autocompletion"],"author":{"name":"Chris O'Hara","email":"cohara87@gmail.com"},"main":"cli.js","bugs":{"url":"http://github.com/chriso/cli/issues"},"repository":{"type":"git","url":"http://github.com/chriso/cli.git"},"dependencies":{"glob":">= 3.1.4","exit":"0.1.2"},"contributors":[{"name":"Douglas Meyer"}],"engines":{"node":">=0.2.5"},"licenses":[{"type":"MIT"}],"_id":"cli@0.6.0","dist":{"shasum":"bf9933d8b3dda5fc07bc0f7fa6e9247287137c21","tarball":"https://registry.npmjs.org/cli/-/cli-0.6.0.tgz"},"_from":".","_npmVersion":"1.4.3","_npmUser":{"name":"cohara87","email":"cohara87@gmail.com"},"maintainers":[{"name":"cohara87","email":"cohara87@gmail.com"}],"directories":{}},"0.6.2":{"name":"cli","description":"A tool for rapidly building command line apps","version":"0.6.2","homepage":"http://github.com/chriso/cli","keywords":["cli","command line","opts","parseopt","opt","args","console","argsparse","optparse","daemon","autocomplete","command","autocompletion"],"author":{"name":"Chris O'Hara","email":"cohara87@gmail.com"},"main":"cli.js","bugs":{"url":"http://github.com/chriso/cli/issues"},"repository":{"type":"git","url":"http://github.com/chriso/cli.git"},"dependencies":{"glob":">= 3.1.4","exit":"0.1.2"},"contributors":[{"name":"Douglas Meyer"}],"engines":{"node":">=0.2.5"},"licenses":[{"type":"MIT"}],"_id":"cli@0.6.2","dist":{"shasum":"9ee9ee9f2c61b301c42c1471bc110c96efeb2ee0","tarball":"https://registry.npmjs.org/cli/-/cli-0.6.2.tgz"},"_from":".","_npmVersion":"1.4.3","_npmUser":{"name":"cohara87","email":"cohara87@gmail.com"},"maintainers":[{"name":"cohara87","email":"cohara87@gmail.com"}],"directories":{}},"0.6.3":{"name":"cli","description":"A tool for rapidly building command line apps","version":"0.6.3","homepage":"http://github.com/chriso/cli","keywords":["cli","command line","opts","parseopt","opt","args","console","argsparse","optparse","daemon","autocomplete","command","autocompletion"],"author":{"name":"Chris O'Hara","email":"cohara87@gmail.com"},"main":"cli.js","bugs":{"url":"http://github.com/chriso/cli/issues"},"repository":{"type":"git","url":"http://github.com/chriso/cli.git"},"dependencies":{"glob":"~ 3.2.1","exit":"0.1.2"},"contributors":[{"name":"Douglas Meyer"}],"engines":{"node":">=0.2.5"},"licenses":[{"type":"MIT"}],"_id":"cli@0.6.3","_shasum":"31418ed08d60a1b02cf180c6d6fee3204bfe65cd","_from":".","_npmVersion":"1.4.10","_npmUser":{"name":"cohara87","email":"cohara87@gmail.com"},"maintainers":[{"name":"cohara87","email":"cohara87@gmail.com"}],"dist":{"shasum":"31418ed08d60a1b02cf180c6d6fee3204bfe65cd","tarball":"https://registry.npmjs.org/cli/-/cli-0.6.3.tgz"},"directories":{}},"0.6.4":{"name":"cli","description":"A tool for rapidly building command line apps","version":"0.6.4","homepage":"http://github.com/chriso/cli","keywords":["cli","command line","opts","parseopt","opt","args","console","argsparse","optparse","daemon","autocomplete","command","autocompletion"],"author":{"name":"Chris O'Hara","email":"cohara87@gmail.com"},"main":"cli.js","bugs":{"url":"http://github.com/chriso/cli/issues"},"repository":{"type":"git","url":"http://github.com/chriso/cli.git"},"dependencies":{"glob":"~ 3.2.1","exit":"0.1.2"},"contributors":[{"name":"Douglas Meyer"}],"engines":{"node":">=0.2.5"},"licenses":[{"type":"MIT"}],"gitHead":"98aca4fb116450fea8bc5f79ab34724d7adede02","_id":"cli@0.6.4","scripts":{},"_shasum":"105c4e9b29ecdbc1ee0c8e418276f62d8351f88e","_from":".","_npmVersion":"2.0.0-alpha-5","_npmUser":{"name":"cohara87","email":"cohara87@gmail.com"},"maintainers":[{"name":"cohara87","email":"cohara87@gmail.com"}],"dist":{"shasum":"105c4e9b29ecdbc1ee0c8e418276f62d8351f88e","tarball":"https://registry.npmjs.org/cli/-/cli-0.6.4.tgz"},"directories":{}},"0.6.5":{"name":"cli","description":"A tool for rapidly building command line apps","version":"0.6.5","homepage":"http://github.com/chriso/cli","keywords":["cli","command line","opts","parseopt","opt","args","console","argsparse","optparse","daemon","autocomplete","command","autocompletion"],"author":{"name":"Chris O'Hara","email":"cohara87@gmail.com"},"main":"cli.js","bugs":{"url":"http://github.com/chriso/cli/issues"},"repository":{"type":"git","url":"http://github.com/chriso/cli.git"},"dependencies":{"glob":"~ 3.2.1","exit":"0.1.2"},"contributors":[{"name":"Douglas Meyer"}],"engines":{"node":">=0.2.5"},"licenses":[{"type":"MIT"}],"gitHead":"18eca8df3813a399b2998dcb58e9a21af63caf4c","_id":"cli@0.6.5","scripts":{},"_shasum":"f4edda12dfa8d56d726b43b0b558e089b0d2a85c","_from":".","_npmVersion":"2.0.0","_npmUser":{"name":"cohara87","email":"cohara87@gmail.com"},"maintainers":[{"name":"cohara87","email":"cohara87@gmail.com"}],"dist":{"shasum":"f4edda12dfa8d56d726b43b0b558e089b0d2a85c","tarball":"https://registry.npmjs.org/cli/-/cli-0.6.5.tgz"},"directories":{}},"0.6.6":{"name":"cli","description":"A tool for rapidly building command line apps","version":"0.6.6","homepage":"http://github.com/chriso/cli","keywords":["cli","command line","opts","parseopt","opt","args","console","argsparse","optparse","daemon","autocomplete","command","autocompletion"],"author":{"name":"Chris O'Hara","email":"cohara87@gmail.com"},"main":"cli.js","bugs":{"url":"http://github.com/chriso/cli/issues"},"repository":{"type":"git","url":"http://github.com/chriso/cli.git"},"dependencies":{"glob":"~ 3.2.1","exit":"0.1.2"},"contributors":[{"name":"Douglas Meyer"}],"engines":{"node":">=0.2.5"},"licenses":[{"type":"MIT"}],"gitHead":"088e01c2df81b0850ae4ae2daa7827fb6dcf0502","_id":"cli@0.6.6","scripts":{},"_shasum":"02ad44a380abf27adac5e6f0cdd7b043d74c53e3","_from":".","_npmVersion":"2.7.3","_nodeVersion":"0.12.1","_npmUser":{"name":"cohara87","email":"cohara87@gmail.com"},"maintainers":[{"name":"cohara87","email":"cohara87@gmail.com"}],"dist":{"shasum":"02ad44a380abf27adac5e6f0cdd7b043d74c53e3","tarball":"https://registry.npmjs.org/cli/-/cli-0.6.6.tgz"},"directories":{}},"0.7.0":{"name":"cli","description":"A tool for rapidly building command line apps","version":"0.7.0","homepage":"http://github.com/chriso/cli","keywords":["cli","command line","opts","parseopt","opt","args","console","argsparse","optparse","daemon","autocomplete","command","autocompletion"],"author":{"name":"Chris O'Hara","email":"cohara87@gmail.com"},"main":"cli.js","bugs":{"url":"http://github.com/chriso/cli/issues"},"repository":{"type":"git","url":"git+ssh://git@github.com/chriso/cli.git"},"dependencies":{"glob":"^5.0.10","exit":"0.1.2"},"contributors":[{"name":"Douglas Meyer"}],"engines":{"node":">=0.2.5"},"license":"MIT","gitHead":"e91d4db9d4d3afa2d90b71e2d87512392a9e6079","_id":"cli@0.7.0","scripts":{},"_shasum":"f348f58c3ad659a1ab97474df6ead5e8ee564bd7","_from":".","_npmVersion":"2.10.1","_nodeVersion":"0.12.4","_npmUser":{"name":"cohara87","email":"cohara87@gmail.com"},"dist":{"shasum":"f348f58c3ad659a1ab97474df6ead5e8ee564bd7","tarball":"https://registry.npmjs.org/cli/-/cli-0.7.0.tgz"},"maintainers":[{"name":"cohara87","email":"cohara87@gmail.com"}],"directories":{}},"0.7.1":{"name":"cli","description":"A tool for rapidly building command line apps","version":"0.7.1","homepage":"http://github.com/chriso/cli","keywords":["cli","command line","opts","parseopt","opt","args","console","argsparse","optparse","daemon","autocomplete","command","autocompletion"],"author":{"name":"Chris O'Hara","email":"cohara87@gmail.com"},"main":"cli.js","bugs":{"url":"http://github.com/chriso/cli/issues"},"repository":{"type":"git","url":"git+ssh://git@github.com/chriso/cli.git"},"dependencies":{"glob":"^5.0.10","exit":"0.1.2"},"contributors":[{"name":"Douglas Meyer"}],"engines":{"node":">=0.2.5"},"license":"MIT","gitHead":"2b46947e1b8f9e1f47e2ee09735a586fb2fa91bc","_id":"cli@0.7.1","scripts":{},"_shasum":"d7055d8d2d30b0edea13c92d2bc0ebba87d69672","_from":".","_npmVersion":"2.10.1","_nodeVersion":"0.12.4","_npmUser":{"name":"cohara87","email":"cohara87@gmail.com"},"dist":{"shasum":"d7055d8d2d30b0edea13c92d2bc0ebba87d69672","tarball":"https://registry.npmjs.org/cli/-/cli-0.7.1.tgz"},"maintainers":[{"name":"cohara87","email":"cohara87@gmail.com"}],"directories":{}},"0.8.0":{"name":"cli","description":"A tool for rapidly building command line apps","version":"0.8.0","homepage":"http://github.com/chriso/cli","keywords":["cli","command line","opts","parseopt","opt","args","console","argsparse","optparse","daemon","autocomplete","command","autocompletion"],"author":{"name":"Chris O'Hara","email":"cohara87@gmail.com"},"main":"cli.js","bugs":{"url":"http://github.com/chriso/cli/issues"},"repository":{"type":"git","url":"git+ssh://git@github.com/chriso/cli.git"},"dependencies":{"glob":"^5.0.10","exit":"0.1.2"},"contributors":[{"name":"Douglas Meyer"}],"engines":{"node":">=0.2.5"},"license":"MIT","gitHead":"7b7abb7fc40673a5fdb17d3202c6dede4e7434da","_id":"cli@0.8.0","scripts":{},"_shasum":"faaa4889890ea2492745b57197a3316c7875d2f7","_from":".","_npmVersion":"2.10.1","_nodeVersion":"0.12.4","_npmUser":{"name":"cohara87","email":"cohara87@gmail.com"},"dist":{"shasum":"faaa4889890ea2492745b57197a3316c7875d2f7","tarball":"https://registry.npmjs.org/cli/-/cli-0.8.0.tgz"},"maintainers":[{"name":"cohara87","email":"cohara87@gmail.com"}],"directories":{}},"0.9.0":{"name":"cli","description":"A tool for rapidly building command line apps","version":"0.9.0","homepage":"http://github.com/chriso/cli","keywords":["cli","command line","opts","parseopt","opt","args","console","argsparse","optparse","daemon","autocomplete","command","autocompletion"],"author":{"name":"Chris O'Hara","email":"cohara87@gmail.com"},"main":"cli.js","bugs":{"url":"http://github.com/chriso/cli/issues"},"repository":{"type":"git","url":"git+ssh://git@github.com/chriso/cli.git"},"dependencies":{"glob":"^5.0.10","exit":"0.1.2"},"contributors":[{"name":"Douglas Meyer"}],"engines":{"node":">=0.2.5"},"license":"MIT","gitHead":"87b200eadde1544a0481e34b19cb0f256b0ab3b9","_id":"cli@0.9.0","scripts":{},"_shasum":"23f9ebfd5ca291527a16f38d6467e4a6b3e3ded4","_from":".","_npmVersion":"2.12.1","_nodeVersion":"0.12.7","_npmUser":{"name":"cohara87","email":"cohara87@gmail.com"},"dist":{"shasum":"23f9ebfd5ca291527a16f38d6467e4a6b3e3ded4","tarball":"https://registry.npmjs.org/cli/-/cli-0.9.0.tgz"},"maintainers":[{"name":"cohara87","email":"cohara87@gmail.com"}],"directories":{}},"0.10.0":{"name":"cli","description":"A tool for rapidly building command line apps","version":"0.10.0","homepage":"http://github.com/chriso/cli","keywords":["cli","command line","opts","parseopt","opt","args","console","argsparse","optparse","daemon","autocomplete","command","autocompletion"],"author":{"name":"Chris O'Hara","email":"cohara87@gmail.com"},"main":"cli.js","bugs":{"url":"http://github.com/chriso/cli/issues"},"repository":{"type":"git","url":"git+ssh://git@github.com/chriso/cli.git"},"dependencies":{"glob":"^5.0.10","exit":"0.1.2"},"contributors":[{"name":"Douglas Meyer"}],"engines":{"node":">=0.2.5"},"license":"MIT","gitHead":"432f5f7853e867400c462d699ecb57b71b0d2973","_id":"cli@0.10.0","scripts":{},"_shasum":"30bfc8e2a574a6d42629e7078c4c65d2e381b75e","_from":".","_npmVersion":"2.14.2","_nodeVersion":"0.12.7","_npmUser":{"name":"cohara87","email":"cohara87@gmail.com"},"dist":{"shasum":"30bfc8e2a574a6d42629e7078c4c65d2e381b75e","tarball":"https://registry.npmjs.org/cli/-/cli-0.10.0.tgz"},"maintainers":[{"name":"cohara87","email":"cohara87@gmail.com"}],"directories":{}},"0.11.0":{"name":"cli","description":"A tool for rapidly building command line apps","version":"0.11.0","homepage":"http://github.com/chriso/cli","keywords":["cli","command line","opts","parseopt","opt","args","console","argsparse","optparse","daemon","autocomplete","command","autocompletion"],"author":{"name":"Chris O'Hara","email":"cohara87@gmail.com"},"main":"cli.js","bugs":{"url":"http://github.com/chriso/cli/issues"},"repository":{"type":"git","url":"git+ssh://git@github.com/chriso/cli.git"},"dependencies":{"glob":"^5.0.10","exit":"0.1.2"},"contributors":[{"name":"Douglas Meyer"}],"engines":{"node":">=0.2.5"},"license":"MIT","gitHead":"afce12d4bfd3033b7187235758f87440d4254050","_id":"cli@0.11.0","scripts":{},"_shasum":"f9965939522bd7b5cee99e89d26c4a723ec408d4","_from":".","_npmVersion":"2.14.6","_nodeVersion":"4.1.2","_npmUser":{"name":"cohara87","email":"cohara87@gmail.com"},"dist":{"shasum":"f9965939522bd7b5cee99e89d26c4a723ec408d4","tarball":"https://registry.npmjs.org/cli/-/cli-0.11.0.tgz"},"maintainers":[{"name":"cohara87","email":"cohara87@gmail.com"}],"directories":{}},"0.11.1":{"name":"cli","description":"A tool for rapidly building command line apps","version":"0.11.1","homepage":"http://github.com/chriso/cli","keywords":["cli","command line","opts","parseopt","opt","args","console","argsparse","optparse","daemon","autocomplete","command","autocompletion"],"author":{"name":"Chris O'Hara","email":"cohara87@gmail.com"},"main":"cli.js","bugs":{"url":"http://github.com/chriso/cli/issues"},"repository":{"type":"git","url":"git+ssh://git@github.com/chriso/cli.git"},"dependencies":{"glob":"^5.0.10","exit":"0.1.2"},"contributors":[{"name":"Douglas Meyer"}],"engines":{"node":">=0.2.5"},"license":"MIT","gitHead":"150c164c8cee6e7ff70513b3c6507f67e5dbeb19","_id":"cli@0.11.1","scripts":{},"_shasum":"2480a3493a6c4489a9be8e8059d545ea342eebb1","_from":".","_npmVersion":"3.3.9","_nodeVersion":"5.0.0","_npmUser":{"name":"cohara87","email":"cohara87@gmail.com"},"dist":{"shasum":"2480a3493a6c4489a9be8e8059d545ea342eebb1","tarball":"https://registry.npmjs.org/cli/-/cli-0.11.1.tgz"},"maintainers":[{"name":"cohara87","email":"cohara87@gmail.com"}],"directories":{}},"0.11.2":{"name":"cli","description":"A tool for rapidly building command line apps","version":"0.11.2","homepage":"http://github.com/node-js-libs/cli","keywords":["cli","command line","opts","parseopt","opt","args","console","argsparse","optparse","daemon","autocomplete","command","autocompletion"],"author":{"name":"Chris O'Hara","email":"cohara87@gmail.com"},"main":"cli.js","bugs":{"url":"http://github.com/node-js-libs/cli/issues"},"repository":{"type":"git","url":"git+ssh://git@github.com/node-js-libs/cli.git"},"dependencies":{"glob":"^5.0.10","exit":"0.1.2"},"contributors":[{"name":"Douglas Meyer"}],"engines":{"node":">=0.2.5"},"license":"MIT","gitHead":"6628f0843a7c708258204840f94c473725ca97ce","_id":"cli@0.11.2","scripts":{},"_shasum":"9d83ab5cb77991971d625a6b2c78bb761ff1d121","_from":".","_npmVersion":"3.6.0","_nodeVersion":"5.7.1","_npmUser":{"name":"cohara87","email":"cohara87@gmail.com"},"dist":{"shasum":"9d83ab5cb77991971d625a6b2c78bb761ff1d121","tarball":"https://registry.npmjs.org/cli/-/cli-0.11.2.tgz"},"maintainers":[{"name":"cohara87","email":"cohara87@gmail.com"}],"_npmOperationalInternal":{"host":"packages-13-west.internal.npmjs.com","tmp":"tmp/cli-0.11.2.tgz_1457339910267_0.9711482245475054"},"directories":{}},"0.11.3":{"name":"cli","description":"A tool for rapidly building command line apps","version":"0.11.3","homepage":"http://github.com/node-js-libs/cli","keywords":["cli","command line","opts","parseopt","opt","args","console","argsparse","optparse","daemon","autocomplete","command","autocompletion"],"author":{"name":"Chris O'Hara","email":"cohara87@gmail.com"},"main":"cli.js","bugs":{"url":"http://github.com/node-js-libs/cli/issues"},"repository":{"type":"git","url":"git+ssh://git@github.com/node-js-libs/cli.git"},"dependencies":{"glob":"^7.0.5","exit":"0.1.2"},"contributors":[{"name":"Douglas Meyer"}],"engines":{"node":">=0.2.5"},"license":"MIT","gitHead":"42e8cecab6f759d7e0d0378b1e1a05826bb9bd85","_id":"cli@0.11.3","scripts":{},"_shasum":"7b0cd3de990e452925667c0dbaffdc9f7f2a9a15","_from":".","_npmVersion":"3.10.3","_nodeVersion":"6.3.1","_npmUser":{"name":"cohara87","email":"cohara87@gmail.com"},"dist":{"shasum":"7b0cd3de990e452925667c0dbaffdc9f7f2a9a15","tarball":"https://registry.npmjs.org/cli/-/cli-0.11.3.tgz"},"maintainers":[{"name":"cohara87","email":"cohara87@gmail.com"}],"_npmOperationalInternal":{"host":"packages-12-west.internal.npmjs.com","tmp":"tmp/cli-0.11.3.tgz_1470525549077_0.1238217253703624"},"directories":{}},"1.0.0":{"name":"cli","description":"A tool for rapidly building command line apps","version":"1.0.0","homepage":"http://github.com/node-js-libs/cli","keywords":["cli","command line","opts","parseopt","opt","args","console","argsparse","optparse","autocomplete","command","autocompletion"],"author":{"name":"Chris O'Hara","email":"cohara87@gmail.com"},"main":"cli.js","bugs":{"url":"http://github.com/node-js-libs/cli/issues"},"repository":{"type":"git","url":"git+ssh://git@github.com/node-js-libs/cli.git"},"dependencies":{"glob":"^7.0.5","exit":"0.1.2"},"contributors":[{"name":"Douglas Meyer"}],"engines":{"node":">=0.2.5"},"license":"MIT","gitHead":"969a1e58748cb057d41835ef8ec9f5b99d1560a7","_id":"cli@1.0.0","scripts":{},"_shasum":"ee07dfc1390e3f2e6a9957cf88e1d4bfa777719d","_from":".","_npmVersion":"3.10.3","_nodeVersion":"6.3.1","_npmUser":{"name":"cohara87","email":"cohara87@gmail.com"},"dist":{"shasum":"ee07dfc1390e3f2e6a9957cf88e1d4bfa777719d","tarball":"https://registry.npmjs.org/cli/-/cli-1.0.0.tgz"},"maintainers":[{"name":"cohara87","email":"cohara87@gmail.com"}],"_npmOperationalInternal":{"host":"packages-16-east.internal.npmjs.com","tmp":"tmp/cli-1.0.0.tgz_1471379855902_0.46515405899845064"},"directories":{}},"1.0.1":{"name":"cli","description":"A tool for rapidly building command line apps","version":"1.0.1","homepage":"http://github.com/node-js-libs/cli","keywords":["cli","command line","opts","parseopt","opt","args","console","argsparse","optparse","autocomplete","command","autocompletion"],"author":{"name":"Chris O'Hara","email":"cohara87@gmail.com"},"main":"cli.js","bugs":{"url":"http://github.com/node-js-libs/cli/issues"},"repository":{"type":"git","url":"git+ssh://git@github.com/node-js-libs/cli.git"},"dependencies":{"glob":"^7.1.1","exit":"0.1.2"},"contributors":[{"name":"Douglas Meyer"}],"engines":{"node":">=0.2.5"},"license":"MIT","gitHead":"470db35ec032a81a3d5aebb4f48f90f905945248","_id":"cli@1.0.1","scripts":{},"_shasum":"22817534f24bfa4950c34d532d48ecbc621b8c14","_from":".","_npmVersion":"3.10.8","_nodeVersion":"6.9.1","_npmUser":{"name":"cohara87","email":"cohara87@gmail.com"},"dist":{"shasum":"22817534f24bfa4950c34d532d48ecbc621b8c14","tarball":"https://registry.npmjs.org/cli/-/cli-1.0.1.tgz"},"maintainers":[{"name":"cohara87","email":"cohara87@gmail.com"}],"_npmOperationalInternal":{"host":"packages-18-east.internal.npmjs.com","tmp":"tmp/cli-1.0.1.tgz_1477195136534_0.8342971515376121"},"directories":{}}},"maintainers":[{"name":"cohara87","email":"cohara87@gmail.com"}],"time":{"modified":"2016-11-03T13:04:14.833Z","created":"2011-01-01T07:20:53.660Z","0.1.0":"2011-01-01T07:20:54.661Z","0.1.1":"2011-01-02T13:27:25.447Z","0.1.3":"2011-01-04T02:42:21.151Z","0.1.4":"2011-01-04T03:19:13.491Z","0.1.5":"2011-01-04T03:32:32.638Z","0.1.6":"2011-01-04T03:38:58.709Z","0.1.7":"2011-01-04T04:06:48.213Z","0.1.8":"2011-01-04T15:52:54.640Z","0.1.9":"2011-01-05T00:38:36.124Z","0.2.0":"2011-01-05T00:49:43.059Z","0.2.1-1":"2011-01-05T01:10:54.500Z","0.2.2-1":"2011-01-06T07:06:25.999Z","0.2.3-1":"2011-01-06T11:14:50.363Z","0.2.3-2":"2011-01-06T11:23:30.062Z","0.2.3-3":"2011-01-08T10:43:28.459Z","0.2.3-4":"2011-01-08T10:46:18.266Z","0.2.3-5":"2011-01-13T10:24:16.995Z","0.2.4-1":"2011-01-14T23:53:37.722Z","0.2.4-2":"2011-01-15T00:41:57.116Z","0.2.5":"2011-02-01T02:42:51.762Z","0.2.6":"2011-02-02T08:26:08.648Z","0.2.7":"2011-02-25T19:35:19.533Z","0.2.8":"2011-03-12T00:18:59.188Z","0.3.0":"2011-05-13T14:10:02.685Z","0.3.1":"2011-05-16T10:41:43.959Z","0.3.2":"2011-05-19T10:31:56.571Z","0.3.3":"2011-05-19T20:54:12.737Z","0.3.4":"2011-05-22T00:29:04.266Z","0.3.5":"2011-05-24T09:48:14.953Z","0.3.6":"2011-05-24T09:52:11.465Z","0.3.7":"2011-06-30T02:40:00.918Z","0.3.8":"2011-09-19T12:01:18.040Z","0.3.9":"2011-12-31T04:17:46.834Z","0.4.0":"2011-12-31T04:33:32.194Z","0.4.1":"2012-02-24T21:54:29.062Z","0.4.2":"2012-04-10T22:20:38.010Z","0.4.3":"2012-04-29T01:44:35.526Z","0.4.4":"2012-05-17T05:44:14.501Z","0.4.4-1":"2012-05-17T05:46:00.041Z","0.4.4-2":"2012-09-24T09:02:16.133Z","0.4.5":"2013-07-31T10:00:59.062Z","0.5.0":"2014-04-24T04:56:49.880Z","0.6.0":"2014-05-04T22:45:01.058Z","0.6.2":"2014-05-05T00:02:04.738Z","0.6.3":"2014-06-03T01:59:25.455Z","0.6.4":"2014-08-27T03:47:59.397Z","0.6.5":"2014-10-20T09:10:21.771Z","0.6.6":"2015-03-28T00:49:02.312Z","0.7.0":"2015-05-28T06:43:56.078Z","0.7.1":"2015-06-03T21:54:44.351Z","0.8.0":"2015-06-06T01:46:45.334Z","0.9.0":"2015-07-29T22:36:07.478Z","0.10.0":"2015-09-06T03:14:16.586Z","0.11.0":"2015-10-11T02:29:30.178Z","0.11.1":"2015-11-02T21:12:20.729Z","0.11.2":"2016-03-07T08:38:31.734Z","0.11.3":"2016-08-06T23:19:09.322Z","1.0.0":"2016-08-16T20:37:39.823Z","1.0.1":"2016-10-23T03:58:59.396Z"},"author":{"name":"Chris O'Hara","email":"cohara87@gmail.com"},"repository":{"type":"git","url":"git+ssh://git@github.com/node-js-libs/cli.git"},"users":{"dodo":true,"fgribreau":true,"wayneseymour":true,"dercoder":true,"ramjoshi":true,"katylava":true,"tunnckocore":true,"exromany":true,"jeeeyul":true,"gavinengel":true,"olls":true,"kbeaulieu":true,"qw3rtman":true,"yashprit":true,"icirellik":true,"rouabhi":true,"rsp":true,"itonyyo":true,"ralucas":true,"ragnarokkr":true,"mjwilliams":true,"justintormey":true,"chrisbernal":true,"jeseab":true,"ddffx":true,"aliemre":true,"invelo":true,"flozz":true,"nketchum":true,"spklein":true,"helsner":true,"rdesoky":true,"monkeymonk":true,"sopepos":true,"okdyp":true,"rwatts":true,"accraze":true,"vutran":true,"sapronlee":true,"dbaran":true,"shujianbu":true,"episanchez":true,"rocksynth":true,"xinwangwang":true,"jcowgar":true,"adammessinger":true,"otbe":true,"r4ph":true,"ivan.marquez":true,"lukicdarkoo":true,"scottfreecode":true,"deadratfink":true,"sachacr":true},"readme":"**cli is a toolkit for rapidly building command line apps - it includes:**\n\n- Full featured opts/args parser\n- Plugin support for adding common options and switches\n- Helper methods for working with input/output and spawning child processes\n- Output colored/styled messages, [progress bars](https://github.com/chriso/cli/blob/master/examples/progress.js) or [spinners](https://github.com/chriso/cli/blob/master/examples/spinner.js)\n- Command [auto-completion](https://github.com/chriso/cli/blob/master/examples/command.js) and [glob support](https://github.com/chriso/cli/blob/master/examples/glob.js)\n\nInstall using `npm install cli` or just bundle [cli.js](https://github.com/chriso/cli/raw/master/cli.js) with your app.\n\n## Example apps\n\n### sort.js\n\n```javascript\n#!/usr/bin/env node\nrequire('cli').withStdinLines(function(lines, newline) {\n    this.output(lines.sort().join(newline));\n});\n```\n\nTry it out\n\n```bash\n$ ./sort.js < input.txt\n```\n\nLet's add support for an `-n` switch to use a numeric sort, and a `-r` switch to reverse output - only 5 extra lines of code (!)\n\n```javascript\nvar cli = require('cli'), options = cli.parse();\n\ncli.withStdinLines(function(lines, newline) {\n    lines.sort(!options.n ? null : function(a, b) {\n        return parseInt(a) > parseInt(b);\n    });\n    if (options.r) lines.reverse();\n    this.output(lines.join(newline));\n});\n```\n\n## Command Line Arguments Parser\n\ncli takes an object as a map for the arguments you wish to parse.  \nEach property/key in the object is the long version of the argument i.e. --file  \nThe array associated with it is the options to apply to that argument.  \n\n### Example\n```javascript\ncli.parse({\n\tfile: [ 'f', 'A file to process', 'file', temp.log ],          // -f, --file FILE   A file to process\n\ttime: [ 't', 'An access time', 'time', false],                 // -t, --time TIME   An access time\n\twork: [ false, 'What kind of work to do', 'string', 'sleep' ]  //     --work STRING What kind of work to do\n});\n```\n### Explanation of array options\n\n1.\tA short name, single letter i.e. -f, or false if no short name is supported for this option  \n2.\tA description of the option  \n3.\tThe type of object the argument should map too.  \n\tBelow is a list of the return types followed by a description and a list of  \n\tvalid values you can use for this option to get desired type of Object back.\n\t- **as-is:** What you enter, is what you get\n          - 'string', 1,  true\n   - **int:** Is converted to an Integer wrapped in a Number Object\n          - 'int', 'number', 'num',\n          - 'time', 'seconds', 'secs', 'minutes', 'mins'\n          - 'x', 'n'\n   - **date:** Is converted to a Date Object\n          - 'date', 'datetime', 'date_time'\n\t- **float:** Is converted to a Float wrapped in a Number Object\n          - 'float', 'decimal'\n\t- **file:** Is converted to a String Object if it is a valid path\n          - 'path', 'file', 'directory', 'dir'\n\t- **email:** Converted to a String Object if it is a valid email format\n          - 'email'\n\t- **url:** Converted to a String Object if it is a valid URL format\n          - 'url', 'uri', 'domain', 'host'\n   - **ip:** Converted to a String Object if it is a valid IP Address format\n          - 'ip'\n   - **true:** Converted to true if argument is present on command line\n          - 'bool', 'boolean', 'on'\n\t- **false:** Converted to false if argument is present on command line\n          - 'false', 'off', false, 0\n4.\tA default value for this option if one is not given on the command line\n\n## Helper methods\n\ncli has methods that collect stdin (newline is auto-detected as \\n or \\r\\n)\n\n```javascript\ncli.withStdin(callback);        //callback receives stdin as a string\ncli.withStdinLines(callback);   //callback receives stdin split into an array of lines (lines, newline)\n```\n\ncli also has a lower level method for working with input line by line (see [./examples/cat.js](https://github.com/chriso/cli/blob/master/examples/cat.js) for an example).\n\n```javascript\ncli.withInput(file, function (line, newline, eof) {\n    if (!eof) {\n        this.output(line + newline);\n    }\n});\n```\n*Note: `file` can be omitted if you want to work with stdin*\n\n```javascript\n//cli.toType(object);         If a Built-in type, returns the name of the type as a lower cased String\ncli.toType([]);               // 'array'\ncli.toType(new Date());       // 'date'\ncli.toType(1);                // 'integer'\ncli.toType(1.1);              // 'float'\ncli.toType(Math);             // 'math'\ncli.toType(/a/);              // 'regex'\ncli.toType(JSON);             // 'json'\n```\n\nTo output a progress bar, call\n\n```javascript\ncli.progress(progress); //Where 0 <= progress <= 1\n```\n\nTo spawn a child process, use\n\n```javascript\ncli.exec(cmd, callback); //callback receives the output of the process (split into lines)\n```\n\ncli also comes bundled with kof's [node-natives](https://github.com/kof/node-natives) (access with cli.native) and creationix' [stack](https://github.com/creationix/stack) (access with cli.createServer)\n\n## Plugins\n\nPlugins are a way of adding common opts and can be enabled using\n\n```javascript\ncli.enable(plugin1, [plugin2, ...]);  //To disable, use the equivalent disable() method\n```\n\n**help** - *enabled by default*\n\nAdds `-h,--help` to output auto-generated usage information\n\n**version**\n\nAdds `-v,--version` to output version information for the app. cli will attempt to locate and parse a nearby *package.json*\n\nTo set your own app name and version, use `cli.setApp(app_name, version)`\n\n**status**\n\nAdds options to show/hide the stylized status messages that are output to the console when using one of these methods\n\n```javascript\ncli.debug(msg);  //Only shown when using --debug\ncli.error(msg);\ncli.fatal(msg);  //Exits the process after outputting msg\ncli.info(msg);\ncli.ok(msg);\n```\n\n`-k,--no-color` will omit ANSI color escapes from the output\n\n**glob**  - *requires* `npm install glob`\n\nEnables glob matching of arguments\n\n**timeout**\n\nAdds `-t,--timeout N` to exit the process after N seconds with an error\n\n**catchall**\n\nAdds `-c,--catch` to catch and output uncaughtExceptions and resume execution\n\n*Note: Plugins are automatically disabled if an option or switch of the same name is already defined*\n\n## LICENSE\n\n(MIT license)\n\nCopyright (c) 2010 Chris O'Hara <cohara87@gmail.com>\n\nPermission is hereby granted, free of charge, to any person obtaining\na copy of this software and associated documentation files (the\n\"Software\"), to deal in the Software without restriction, including\nwithout limitation the rights to use, copy, modify, merge, publish,\ndistribute, sublicense, and/or sell copies of the Software, and to\npermit persons to whom the Software is furnished to do so, subject to\nthe following conditions:\n\nThe above copyright notice and this permission notice shall be\nincluded in all copies or substantial portions of the Software.\n\nTHE SOFTWARE IS PROVIDED \"AS IS\", WITHOUT WARRANTY OF ANY KIND,\nEXPRESS OR IMPLIED, INCLUDING BUT NOT LIMITED TO THE WARRANTIES OF\nMERCHANTABILITY, FITNESS FOR A PARTICULAR PURPOSE AND\nNONINFRINGEMENT. IN NO EVENT SHALL THE AUTHORS OR COPYRIGHT HOLDERS BE\nLIABLE FOR ANY CLAIM, DAMAGES OR OTHER LIABILITY, WHETHER IN AN ACTION\nOF CONTRACT, TORT OR OTHERWISE, ARISING FROM, OUT OF OR IN CONNECTION\nWITH THE SOFTWARE OR THE USE OR OTHER DEALINGS IN THE SOFTWARE.\n","homepage":"http://github.com/node-js-libs/cli","keywords":["cli","command line","opts","parseopt","opt","args","console","argsparse","optparse","autocomplete","command","autocompletion"],"contributors":[{"name":"Douglas Meyer"}],"bugs":{"url":"http://github.com/node-js-libs/cli/issues"},"readmeFilename":"README.md","license":"MIT","_attachments":{},"_etag":"W/\"581b35ce-10a31\"","_lastModified":"Thu, 03 Nov 2016 13:04:14 GMT","_cached":true}