{"digest":"d49db921170357f83612471149eac507cf6c0f76","css":".fuzzy-finder .list-group .character-match {\n  color: #d7dae0;\n  font-weight: bold;\n}\n","imports":[{"path":"static\\variables\\ui-variables.less","digest":"e3029f763111ec391f6dcea8178d35be7c798b4f"},{"path":"static\\variables\\syntax-variables.less","digest":"812c1b7883a023f768773d14294653adcdb932d7"},{"path":"C:\\Users\\JRodr\\.atom\\packages\\material-ui\\styles\\ui-variables.less","digest":"45819ad5bbf7b4233dbc3fad269f8a93510eee14"},{"path":"node_modules\\one-dark-syntax\\styles\\syntax-variables.less","digest":"3c7face5194cc85d83f478b41471c2ac17f6bef1"},{"path":"node_modules\\one-dark-syntax\\styles\\colors.less","digest":"66bba03e9aabff000a84c2839a9d3e9a9fa08e0e"}],"version":1}