{"_id":"write-file-atomic","_rev":"26-c182219b87973c318355d8ddb4a01a90","name":"write-file-atomic","description":"Write files in an atomic fashion w/configurable ownership","dist-tags":{"latest":"1.3.1"},"versions":{"1.0.0":{"name":"write-file-atomic","version":"1.0.0","description":"Write files in an atomic fashion w/configurable ownership","main":"index.js","scripts":{"test":"tap test/*.js"},"repository":{"type":"git","url":"git@github.com:iarna/write-file-atomic.git"},"keywords":["writeFile","atomic"],"author":{"name":"Rebecca Turner","email":"me@re-becca.org","url":"http://re-becca.org"},"license":"ISC","bugs":{"url":"https://github.com/iarna/write-file-atomic/issues"},"homepage":"https://github.com/iarna/write-file-atomic","dependencies":{"slide":"^1.1.5"},"devDependencies":{"require-inject":"^1.1.0","tap":"^0.4.12"},"gitHead":"5ef6f374dfd1b6034f11d80a0d5616e7aa5bcaeb","_id":"write-file-atomic@1.0.0","_shasum":"20750a1710e6cd09de5911d3043fa14e4a948445","_from":".","_npmVersion":"1.4.23","_npmUser":{"name":"iarna","email":"me@re-becca.org"},"maintainers":[{"name":"iarna","email":"me@re-becca.org"}],"dist":{"shasum":"20750a1710e6cd09de5911d3043fa14e4a948445","tarball":"https://registry.npmjs.org/write-file-atomic/-/write-file-atomic-1.0.0.tgz"},"directories":{}},"1.0.1":{"name":"write-file-atomic","version":"1.0.1","description":"Write files in an atomic fashion w/configurable ownership","main":"index.js","scripts":{"test":"tap test/*.js"},"repository":{"type":"git","url":"git@github.com:iarna/write-file-atomic.git"},"keywords":["writeFile","atomic"],"author":{"name":"Rebecca Turner","email":"me@re-becca.org","url":"http://re-becca.org"},"license":"ISC","bugs":{"url":"https://github.com/iarna/write-file-atomic/issues"},"homepage":"https://github.com/iarna/write-file-atomic","dependencies":{"slide":"^1.1.5"},"devDependencies":{"require-inject":"^1.1.0","tap":"^0.4.12"},"gitHead":"93f18a172fa79d0fb67c6c1dc37be62a106f13a5","_id":"write-file-atomic@1.0.1","_shasum":"0592ccdc2cee973e7427525f4cd5f67d352afeb9","_from":".","_npmVersion":"1.4.23","_npmUser":{"name":"iarna","email":"me@re-becca.org"},"maintainers":[{"name":"iarna","email":"me@re-becca.org"}],"dist":{"shasum":"0592ccdc2cee973e7427525f4cd5f67d352afeb9","tarball":"https://registry.npmjs.org/write-file-atomic/-/write-file-atomic-1.0.1.tgz"},"directories":{}},"1.0.2":{"name":"write-file-atomic","version":"1.0.2","description":"Write files in an atomic fashion w/configurable ownership","main":"index.js","scripts":{"test":"tap test/*.js"},"repository":{"type":"git","url":"git@github.com:iarna/write-file-atomic.git"},"keywords":["writeFile","atomic"],"author":{"name":"Rebecca Turner","email":"me@re-becca.org","url":"http://re-becca.org"},"license":"ISC","bugs":{"url":"https://github.com/iarna/write-file-atomic/issues"},"homepage":"https://github.com/iarna/write-file-atomic","dependencies":{"slide":"^1.1.5"},"devDependencies":{"require-inject":"^1.1.0","tap":"^0.4.12"},"gitHead":"84058cea16834f9f53ae1948fbb828937f9ab697","_id":"write-file-atomic@1.0.2","_shasum":"080b0439cf29b3abdcf321a86fc47e9429b9984e","_from":".","_npmVersion":"1.4.23","_npmUser":{"name":"iarna","email":"me@re-becca.org"},"maintainers":[{"name":"iarna","email":"me@re-becca.org"}],"dist":{"shasum":"080b0439cf29b3abdcf321a86fc47e9429b9984e","tarball":"https://registry.npmjs.org/write-file-atomic/-/write-file-atomic-1.0.2.tgz"},"directories":{}},"1.0.3":{"name":"write-file-atomic","version":"1.0.3","description":"Write files in an atomic fashion w/configurable ownership","main":"index.js","scripts":{"test":"tap test/*.js"},"repository":{"type":"git","url":"git@github.com:iarna/write-file-atomic.git"},"keywords":["writeFile","atomic"],"author":{"name":"Rebecca Turner","email":"me@re-becca.org","url":"http://re-becca.org"},"license":"ISC","bugs":{"url":"https://github.com/iarna/write-file-atomic/issues"},"homepage":"https://github.com/iarna/write-file-atomic","dependencies":{"slide":"^1.1.5"},"devDependencies":{"require-inject":"^1.1.0","tap":"^0.4.12"},"gitHead":"5e85cfc7b38e4f0659b15b1c1d979e6a4a7bf6d5","_id":"write-file-atomic@1.0.3","_shasum":"597fcb824a0d1ad337db90b7028d2772e9e8e7af","_from":".","_npmVersion":"2.0.0","_npmUser":{"name":"iarna","email":"me@re-becca.org"},"maintainers":[{"name":"iarna","email":"me@re-becca.org"}],"dist":{"shasum":"597fcb824a0d1ad337db90b7028d2772e9e8e7af","tarball":"https://registry.npmjs.org/write-file-atomic/-/write-file-atomic-1.0.3.tgz"},"directories":{}},"1.1.0":{"name":"write-file-atomic","version":"1.1.0","description":"Write files in an atomic fashion w/configurable ownership","main":"index.js","scripts":{"test":"tap test/*.js"},"repository":{"type":"git","url":"git@github.com:iarna/write-file-atomic.git"},"keywords":["writeFile","atomic"],"author":{"name":"Rebecca Turner","email":"me@re-becca.org","url":"http://re-becca.org"},"license":"ISC","bugs":{"url":"https://github.com/iarna/write-file-atomic/issues"},"homepage":"https://github.com/iarna/write-file-atomic","dependencies":{"graceful-fs":"^3.0.2","slide":"^1.1.5"},"devDependencies":{"require-inject":"^1.1.0","tap":"^0.4.12"},"gitHead":"28e4df86547c6728eab0b51bca6f00cf44ef392c","_id":"write-file-atomic@1.1.0","_shasum":"e114cfb8f82188353f98217c5945451c9b4dc060","_from":".","_npmVersion":"1.4.28","_npmUser":{"name":"iarna","email":"me@re-becca.org"},"maintainers":[{"name":"iarna","email":"me@re-becca.org"}],"dist":{"shasum":"e114cfb8f82188353f98217c5945451c9b4dc060","tarball":"https://registry.npmjs.org/write-file-atomic/-/write-file-atomic-1.1.0.tgz"},"directories":{}},"1.1.1":{"name":"write-file-atomic","version":"1.1.1","description":"Write files in an atomic fashion w/configurable ownership","main":"index.js","scripts":{"test":"tap test/*.js"},"repository":{"type":"git","url":"git@github.com:iarna/write-file-atomic.git"},"keywords":["writeFile","atomic"],"author":{"name":"Rebecca Turner","email":"me@re-becca.org","url":"http://re-becca.org"},"license":"ISC","bugs":{"url":"https://github.com/iarna/write-file-atomic/issues"},"homepage":"https://github.com/iarna/write-file-atomic","dependencies":{"graceful-fs":"^3.0.2","slide":"^1.1.5"},"devDependencies":{"require-inject":"^1.1.0","tap":"^0.4.12"},"gitHead":"2e85f44a3d176e5e1ed453c016adbe4bcc25eb5c","_id":"write-file-atomic@1.1.1","_shasum":"cf085df5f415638d9bc9e56ad0f33349f18ba2e4","_from":".","_npmVersion":"2.7.6","_nodeVersion":"1.6.2","_npmUser":{"name":"iarna","email":"me@re-becca.org"},"dist":{"shasum":"cf085df5f415638d9bc9e56ad0f33349f18ba2e4","tarball":"https://registry.npmjs.org/write-file-atomic/-/write-file-atomic-1.1.1.tgz"},"maintainers":[{"name":"iarna","email":"me@re-becca.org"}],"directories":{}},"1.1.2":{"name":"write-file-atomic","version":"1.1.2","description":"Write files in an atomic fashion w/configurable ownership","main":"index.js","scripts":{"test":"tap test/*.js"},"repository":{"type":"git","url":"git@github.com:iarna/write-file-atomic.git"},"keywords":["writeFile","atomic"],"author":{"name":"Rebecca Turner","email":"me@re-becca.org","url":"http://re-becca.org"},"license":"ISC","bugs":{"url":"https://github.com/iarna/write-file-atomic/issues"},"homepage":"https://github.com/iarna/write-file-atomic","dependencies":{"graceful-fs":"^3.0.2","slide":"^1.1.5"},"devDependencies":{"require-inject":"^1.1.0","tap":"^0.4.12"},"gitHead":"b721f8a71223bcf162f1ee4ff4677f31de1c061f","_id":"write-file-atomic@1.1.2","_shasum":"ff3d61f1c2f5bb71e8ebe491a7157bf7d60435a4","_from":".","_npmVersion":"2.7.6","_nodeVersion":"1.6.2","_npmUser":{"name":"iarna","email":"me@re-becca.org"},"dist":{"shasum":"ff3d61f1c2f5bb71e8ebe491a7157bf7d60435a4","tarball":"https://registry.npmjs.org/write-file-atomic/-/write-file-atomic-1.1.2.tgz"},"maintainers":[{"name":"iarna","email":"me@re-becca.org"}],"directories":{}},"1.1.3":{"name":"write-file-atomic","version":"1.1.3","description":"Write files in an atomic fashion w/configurable ownership","main":"index.js","scripts":{"test":"tap test/*.js"},"repository":{"type":"git","url":"git+ssh://git@github.com/iarna/write-file-atomic.git"},"keywords":["writeFile","atomic"],"author":{"name":"Rebecca Turner","email":"me@re-becca.org","url":"http://re-becca.org"},"license":"ISC","bugs":{"url":"https://github.com/iarna/write-file-atomic/issues"},"homepage":"https://github.com/iarna/write-file-atomic","dependencies":{"graceful-fs":"^4.1.2","slide":"^1.1.5"},"devDependencies":{"require-inject":"^1.1.0","tap":"^0.4.12"},"gitHead":"65a1e2e156c0d0bfb7acac2e039b943d6ec9876d","_id":"write-file-atomic@1.1.3","_shasum":"60eaca258a0b559b37aca82b21d64a293b4b90d0","_from":".","_npmVersion":"3.3.0","_nodeVersion":"3.1.0","_npmUser":{"name":"iarna","email":"me@re-becca.org"},"dist":{"shasum":"60eaca258a0b559b37aca82b21d64a293b4b90d0","tarball":"https://registry.npmjs.org/write-file-atomic/-/write-file-atomic-1.1.3.tgz"},"maintainers":[{"name":"iarna","email":"me@re-becca.org"}],"directories":{}},"1.1.4":{"name":"write-file-atomic","version":"1.1.4","description":"Write files in an atomic fashion w/configurable ownership","main":"index.js","scripts":{"test":"standard && tap --coverage test/*.js"},"repository":{"type":"git","url":"git+ssh://git@github.com/iarna/write-file-atomic.git"},"keywords":["writeFile","atomic"],"author":{"name":"Rebecca Turner","email":"me@re-becca.org","url":"http://re-becca.org"},"license":"ISC","bugs":{"url":"https://github.com/iarna/write-file-atomic/issues"},"homepage":"https://github.com/iarna/write-file-atomic","dependencies":{"graceful-fs":"^4.1.2","imurmurhash":"^0.1.4","slide":"^1.1.5"},"devDependencies":{"require-inject":"^1.1.0","standard":"^5.4.1","tap":"^2.3.1"},"gitHead":"42dc04a17af96ac045f4979c8c951ee5a14a8b8b","_id":"write-file-atomic@1.1.4","_shasum":"b1f52dc2e8dc0e3cb04d187a25f758a38a90ca3b","_from":".","_npmVersion":"3.5.1","_nodeVersion":"5.1.0","_npmUser":{"name":"othiym23","email":"ogd@aoaioxxysz.net"},"dist":{"shasum":"b1f52dc2e8dc0e3cb04d187a25f758a38a90ca3b","tarball":"https://registry.npmjs.org/write-file-atomic/-/write-file-atomic-1.1.4.tgz"},"maintainers":[{"name":"iarna","email":"me@re-becca.org"},{"name":"othiym23","email":"ogd@aoaioxxysz.net"}],"directories":{}},"1.2.0":{"name":"write-file-atomic","version":"1.2.0","description":"Write files in an atomic fashion w/configurable ownership","main":"index.js","scripts":{"test":"standard && tap --coverage test/*.js"},"repository":{"type":"git","url":"git+ssh://git@github.com/iarna/write-file-atomic.git"},"keywords":["writeFile","atomic"],"author":{"name":"Rebecca Turner","email":"me@re-becca.org","url":"http://re-becca.org"},"license":"ISC","bugs":{"url":"https://github.com/iarna/write-file-atomic/issues"},"homepage":"https://github.com/iarna/write-file-atomic","dependencies":{"graceful-fs":"^4.1.2","imurmurhash":"^0.1.4","slide":"^1.1.5"},"devDependencies":{"require-inject":"^1.1.0","standard":"^5.4.1","tap":"^2.3.1","tmp":"0.0.28"},"files":["index.js"],"gitHead":"c29f37cb5955f597066ad7aedea7aa6f7408a5b7","_id":"write-file-atomic@1.2.0","_shasum":"14c66d4e4cb3ca0565c28cf3b7a6f3e4d5938fab","_from":".","_npmVersion":"3.10.7","_nodeVersion":"4.5.0","_npmUser":{"name":"iarna","email":"me@re-becca.org"},"dist":{"shasum":"14c66d4e4cb3ca0565c28cf3b7a6f3e4d5938fab","tarball":"https://registry.npmjs.org/write-file-atomic/-/write-file-atomic-1.2.0.tgz"},"maintainers":[{"name":"iarna","email":"me@re-becca.org"},{"name":"othiym23","email":"ogd@aoaioxxysz.net"}],"_npmOperationalInternal":{"host":"packages-12-west.internal.npmjs.com","tmp":"tmp/write-file-atomic-1.2.0.tgz_1471552371956_0.5829780481290072"},"directories":{}},"1.3.0":{"name":"write-file-atomic","version":"1.3.0","description":"Write files in an atomic fashion w/configurable ownership","main":"index.js","scripts":{"test":"standard && tap --coverage test/*.js"},"repository":{"type":"git","url":"git+ssh://git@github.com/iarna/write-file-atomic.git"},"keywords":["writeFile","atomic"],"author":{"name":"Rebecca Turner","email":"me@re-becca.org","url":"http://re-becca.org"},"license":"ISC","bugs":{"url":"https://github.com/iarna/write-file-atomic/issues"},"homepage":"https://github.com/iarna/write-file-atomic","dependencies":{"graceful-fs":"^4.1.11","imurmurhash":"^0.1.4","slide":"^1.1.5"},"devDependencies":{"mkdirp":"^0.5.1","require-inject":"^1.4.0","rimraf":"^2.5.4","standard":"^5.4.1","tap":"^2.3.1"},"files":["index.js"],"gitHead":"8c382bc10b903ca92b36fcaeb19e2630bb6c2c58","_id":"write-file-atomic@1.3.0","_shasum":"d13e4831d52ee4e3d9a266ee1c9a1592f7fbbf3d","_from":".","_npmVersion":"4.1.1","_nodeVersion":"4.6.1","_npmUser":{"name":"iarna","email":"me@re-becca.org"},"dist":{"shasum":"d13e4831d52ee4e3d9a266ee1c9a1592f7fbbf3d","tarball":"https://registry.npmjs.org/write-file-atomic/-/write-file-atomic-1.3.0.tgz"},"maintainers":[{"name":"iarna","email":"me@re-becca.org"},{"name":"othiym23","email":"ogd@aoaioxxysz.net"}],"_npmOperationalInternal":{"host":"packages-18-east.internal.npmjs.com","tmp":"tmp/write-file-atomic-1.3.0.tgz_1483663174188_0.5587220122106373"},"directories":{}},"1.3.1":{"name":"write-file-atomic","version":"1.3.1","description":"Write files in an atomic fashion w/configurable ownership","main":"index.js","scripts":{"test":"standard && tap --coverage test/*.js"},"repository":{"type":"git","url":"git+ssh://git@github.com/iarna/write-file-atomic.git"},"keywords":["writeFile","atomic"],"author":{"name":"Rebecca Turner","email":"me@re-becca.org","url":"http://re-becca.org"},"license":"ISC","bugs":{"url":"https://github.com/iarna/write-file-atomic/issues"},"homepage":"https://github.com/iarna/write-file-atomic","dependencies":{"graceful-fs":"^4.1.11","imurmurhash":"^0.1.4","slide":"^1.1.5"},"devDependencies":{"mkdirp":"^0.5.1","require-inject":"^1.4.0","rimraf":"^2.5.4","standard":"^5.4.1","tap":"^2.3.1"},"files":["index.js"],"gitHead":"56fef5763513905d7e43aa685adad80002445474","_id":"write-file-atomic@1.3.1","_shasum":"7d45ba32316328dd1ec7d90f60ebc0d845bb759a","_from":".","_npmVersion":"4.1.1","_nodeVersion":"7.3.0","_npmUser":{"name":"iarna","email":"me@re-becca.org"},"dist":{"shasum":"7d45ba32316328dd1ec7d90f60ebc0d845bb759a","tarball":"https://registry.npmjs.org/write-file-atomic/-/write-file-atomic-1.3.1.tgz"},"maintainers":[{"name":"iarna","email":"me@re-becca.org"},{"name":"othiym23","email":"ogd@aoaioxxysz.net"}],"_npmOperationalInternal":{"host":"packages-18-east.internal.npmjs.com","tmp":"tmp/write-file-atomic-1.3.1.tgz_1483776142964_0.11427561868913472"},"directories":{}}},"readme":"write-file-atomic\n-----------------\n\nThis is an extension for node's `fs.writeFile` that makes its operation\natomic and allows you set ownership (uid/gid of the file).\n\n### var writeFileAtomic = require('write-file-atomic')<br>writeFileAtomic(filename, data, [options], callback)\n\n* filename **String**\n* data **String** | **Buffer**\n* options **Object**\n  * chown **Object**\n    * uid **Number**\n    * gid **Number**\n  * encoding **String** | **Null** default = 'utf8'\n  * mode **Number** default = 438 (aka 0666 in Octal)\ncallback **Function**\n\nAtomically and asynchronously writes data to a file, replacing the file if it already\nexists.  data can be a string or a buffer.\n\nThe file is initially named `filename + \".\" + murmurhex(__filename, process.pid, ++invocations)`.\nIf writeFile completes successfully then, if passed the **chown** option it will change\nthe ownership of the file. Finally it renames the file back to the filename you specified. If\nit encounters errors at any of these steps it will attempt to unlink the temporary file and then\npass the error back to the caller.\n\nIf provided, the **chown** option requires both **uid** and **gid** properties or else\nyou'll get an error.\n\nThe **encoding** option is ignored if **data** is a buffer. It defaults to 'utf8'.\n\nExample:\n\n```javascript\nwriteFileAtomic('message.txt', 'Hello Node', {chown:{uid:100,gid:50}}, function (err) {\n  if (err) throw err;\n  console.log('It\\'s saved!');\n});\n```\n\n### var writeFileAtomicSync = require('write-file-atomic').sync<br>writeFileAtomicSync(filename, data, [options])\n\nThe synchronous version of **writeFileAtomic**.\n","maintainers":[{"name":"iarna","email":"me@re-becca.org"},{"name":"othiym23","email":"ogd@aoaioxxysz.net"}],"time":{"modified":"2017-01-07T08:02:24.984Z","created":"2014-09-10T23:26:27.142Z","1.0.0":"2014-09-10T23:26:27.142Z","1.0.1":"2014-09-10T23:27:54.551Z","1.0.2":"2014-09-11T23:53:33.815Z","1.0.3":"2014-09-15T23:33:40.116Z","1.1.0":"2014-09-19T23:32:52.849Z","1.1.1":"2015-05-22T01:40:50.343Z","1.1.2":"2015-05-22T01:53:50.418Z","1.1.3":"2015-09-08T21:17:40.905Z","1.1.4":"2015-12-03T22:04:24.581Z","1.2.0":"2016-08-18T20:32:52.191Z","1.3.0":"2017-01-06T00:39:35.969Z","1.3.1":"2017-01-07T08:02:24.984Z"},"homepage":"https://github.com/iarna/write-file-atomic","keywords":["writeFile","atomic"],"repository":{"type":"git","url":"git+ssh://git@github.com/iarna/write-file-atomic.git"},"author":{"name":"Rebecca Turner","email":"me@re-becca.org","url":"http://re-becca.org"},"bugs":{"url":"https://github.com/iarna/write-file-atomic/issues"},"license":"ISC","readmeFilename":"README.md","users":{"jden":true,"bluejeansandrain":true,"monsterkodi":true,"iarna":true,"jsdnxx":true,"danielbayley":true},"_attachments":{},"_etag":"W/\"5870a090-4393\"","_lastModified":"Sat, 07 Jan 2017 08:02:24 GMT","_cached":true}