{"_id":"lodash.uniq","_rev":"52-903230fe8521193d7ddb4bd3f0d35419","name":"lodash.uniq","description":"The lodash method `_.uniq` exported as a module.","dist-tags":{"latest":"4.5.0"},"versions":{"2.0.0":{"name":"lodash.uniq","version":"2.0.0","description":"The Lo-Dash function `_.uniq` as a Node.js module generated by lodash-cli.","homepage":"http://lodash.com/custom-builds","license":"MIT","keywords":["customize","functional","lodash","performance","speed","util"],"author":{"name":"John-David Dalton","email":"john.david.dalton@gmail.com","url":"http://allyoucanleet.com/"},"contributors":[{"name":"John-David Dalton","email":"john.david.dalton@gmail.com","url":"http://allyoucanleet.com/"},{"name":"Blaine Bublitz","email":"blaine@iceddev.com","url":"http://iceddev.com/"},{"name":"Kit Cambridge","email":"github@kitcambridge.be","url":"http://kitcambridge.be/"},{"name":"Mathias Bynens","email":"mathias@qiwi.be","url":"http://mathiasbynens.be/"}],"bugs":{"url":"https://github.com/lodash/lodash-cli/issues"},"repository":{"type":"git","url":"https://github.com/lodash/lodash-cli.git"},"dependencies":{"lodash._baseuniq":"~2.0.0","lodash.createcallback":"~2.0.0"},"_id":"lodash.uniq@2.0.0","dist":{"shasum":"eba3a015e547737a98e099ddf871e774fd21d3c6","tarball":"https://registry.npmjs.org/lodash.uniq/-/lodash.uniq-2.0.0.tgz"},"_from":".","_npmVersion":"1.3.8","_npmUser":{"name":"jdalton","email":"john.david.dalton@gmail.com"},"maintainers":[{"name":"jdalton","email":"john.david.dalton@gmail.com"},{"name":"kitcambridge","email":"github@kitcambridge.be"},{"name":"mathias","email":"mathias@qiwi.be"},{"name":"phated","email":"blaine@iceddev.com"}],"directories":{}},"2.1.0":{"name":"lodash.uniq","version":"2.1.0","description":"The Lo-Dash function `_.uniq` as a Node.js module generated by lodash-cli.","homepage":"http://lodash.com/custom-builds","license":"MIT","keywords":["functional","lodash","lodash-modularized","performance","speed","util"],"author":{"name":"John-David Dalton","email":"john.david.dalton@gmail.com","url":"http://allyoucanleet.com/"},"contributors":[{"name":"John-David Dalton","email":"john.david.dalton@gmail.com","url":"http://allyoucanleet.com/"},{"name":"Blaine Bublitz","email":"blaine@iceddev.com","url":"http://iceddev.com/"},{"name":"Kit Cambridge","email":"github@kitcambridge.be","url":"http://kitcambridge.be/"},{"name":"Mathias Bynens","email":"mathias@qiwi.be","url":"http://mathiasbynens.be/"}],"bugs":{"url":"https://github.com/lodash/lodash-cli/issues"},"repository":{"type":"git","url":"https://github.com/lodash/lodash-cli.git"},"dependencies":{"lodash._baseuniq":"~2.1.0","lodash.createcallback":"~2.1.0"},"_id":"lodash.uniq@2.1.0","dist":{"shasum":"04ea129d0ad4aa5f85736cab484943b16092e08a","tarball":"https://registry.npmjs.org/lodash.uniq/-/lodash.uniq-2.1.0.tgz"},"_from":".","_npmVersion":"1.3.8","_npmUser":{"name":"jdalton","email":"john.david.dalton@gmail.com"},"maintainers":[{"name":"jdalton","email":"john.david.dalton@gmail.com"},{"name":"kitcambridge","email":"github@kitcambridge.be"},{"name":"mathias","email":"mathias@qiwi.be"},{"name":"phated","email":"blaine@iceddev.com"}],"directories":{}},"2.2.0":{"name":"lodash.uniq","version":"2.2.0","description":"The Lo-Dash function `_.uniq` as a Node.js module generated by lodash-cli.","homepage":"http://lodash.com/custom-builds","license":"MIT","keywords":["functional","lodash","lodash-modularized","performance","server","util"],"author":{"name":"John-David Dalton","email":"john.david.dalton@gmail.com","url":"http://allyoucanleet.com/"},"contributors":[{"name":"John-David Dalton","email":"john.david.dalton@gmail.com","url":"http://allyoucanleet.com/"},{"name":"Blaine Bublitz","email":"blaine@iceddev.com","url":"http://iceddev.com/"},{"name":"Kit Cambridge","email":"github@kitcambridge.be","url":"http://kitcambridge.be/"},{"name":"Mathias Bynens","email":"mathias@qiwi.be","url":"http://mathiasbynens.be/"}],"bugs":{"url":"https://github.com/lodash/lodash-cli/issues"},"repository":{"type":"git","url":"https://github.com/lodash/lodash-cli.git"},"dependencies":{"lodash._baseuniq":"~2.2.0","lodash.createcallback":"~2.2.0"},"_id":"lodash.uniq@2.2.0","dist":{"shasum":"3525aa6796008588769cb54f0294b79069d2fd35","tarball":"https://registry.npmjs.org/lodash.uniq/-/lodash.uniq-2.2.0.tgz"},"_from":".","_npmVersion":"1.3.8","_npmUser":{"name":"jdalton","email":"john.david.dalton@gmail.com"},"maintainers":[{"name":"jdalton","email":"john.david.dalton@gmail.com"},{"name":"kitcambridge","email":"github@kitcambridge.be"},{"name":"mathias","email":"mathias@qiwi.be"},{"name":"phated","email":"blaine@iceddev.com"}],"directories":{}},"2.2.1":{"name":"lodash.uniq","version":"2.2.1","description":"The Lo-Dash function `_.uniq` as a Node.js module generated by lodash-cli.","homepage":"http://lodash.com/custom-builds","license":"MIT","keywords":["functional","lodash","lodash-modularized","server","util"],"author":{"name":"John-David Dalton","email":"john.david.dalton@gmail.com","url":"http://allyoucanleet.com/"},"contributors":[{"name":"John-David Dalton","email":"john.david.dalton@gmail.com","url":"http://allyoucanleet.com/"},{"name":"Blaine Bublitz","email":"blaine@iceddev.com","url":"http://iceddev.com/"},{"name":"Kit Cambridge","email":"github@kitcambridge.be","url":"http://kitcambridge.be/"},{"name":"Mathias Bynens","email":"mathias@qiwi.be","url":"http://mathiasbynens.be/"}],"bugs":{"url":"https://github.com/lodash/lodash-cli/issues"},"repository":{"type":"git","url":"https://github.com/lodash/lodash-cli.git"},"dependencies":{"lodash._baseuniq":"~2.2.1","lodash.createcallback":"~2.2.1"},"_id":"lodash.uniq@2.2.1","dist":{"shasum":"de03ec3e947994fb1553705661bd38c8f1558e69","tarball":"https://registry.npmjs.org/lodash.uniq/-/lodash.uniq-2.2.1.tgz"},"_from":".","_npmVersion":"1.3.11","_npmUser":{"name":"jdalton","email":"john.david.dalton@gmail.com"},"maintainers":[{"name":"jdalton","email":"john.david.dalton@gmail.com"},{"name":"kitcambridge","email":"github@kitcambridge.be"},{"name":"mathias","email":"mathias@qiwi.be"},{"name":"phated","email":"blaine@iceddev.com"}],"directories":{}},"2.3.0":{"name":"lodash.uniq","version":"2.3.0","description":"The Lo-Dash function `_.uniq` as a Node.js module generated by lodash-cli.","homepage":"http://lodash.com/custom-builds","license":"MIT","keywords":["functional","lodash","lodash-modularized","server","util"],"author":{"name":"John-David Dalton","email":"john.david.dalton@gmail.com","url":"http://allyoucanleet.com/"},"contributors":[{"name":"John-David Dalton","email":"john.david.dalton@gmail.com","url":"http://allyoucanleet.com/"},{"name":"Blaine Bublitz","email":"blaine@iceddev.com","url":"http://www.iceddev.com/"},{"name":"Kit Cambridge","email":"github@kitcambridge.be","url":"http://kitcambridge.be/"},{"name":"Mathias Bynens","email":"mathias@qiwi.be","url":"http://mathiasbynens.be/"}],"bugs":{"url":"https://github.com/lodash/lodash-cli/issues"},"repository":{"type":"git","url":"https://github.com/lodash/lodash-cli.git"},"dependencies":{"lodash._baseuniq":"~2.3.0","lodash.createcallback":"~2.3.0"},"_id":"lodash.uniq@2.3.0","dist":{"shasum":"b7e8fe001a95f16d768084b5b09540bdb3ed8614","tarball":"https://registry.npmjs.org/lodash.uniq/-/lodash.uniq-2.3.0.tgz"},"_from":".","_npmVersion":"1.3.11","_npmUser":{"name":"jdalton","email":"john.david.dalton@gmail.com"},"maintainers":[{"name":"jdalton","email":"john.david.dalton@gmail.com"},{"name":"kitcambridge","email":"github@kitcambridge.be"},{"name":"mathias","email":"mathias@qiwi.be"},{"name":"phated","email":"blaine@iceddev.com"}],"directories":{}},"2.4.0":{"name":"lodash.uniq","version":"2.4.0","description":"The Lo-Dash function `_.uniq` as a Node.js module generated by lodash-cli.","homepage":"http://lodash.com/custom-builds","license":"MIT","keywords":["functional","lodash","lodash-modularized","server","util"],"author":{"name":"John-David Dalton","email":"john.david.dalton@gmail.com","url":"http://allyoucanleet.com/"},"contributors":[{"name":"John-David Dalton","email":"john.david.dalton@gmail.com","url":"http://allyoucanleet.com/"},{"name":"Blaine Bublitz","email":"blaine@iceddev.com","url":"http://www.iceddev.com/"},{"name":"Kit Cambridge","email":"github@kitcambridge.be","url":"http://kitcambridge.be/"},{"name":"Mathias Bynens","email":"mathias@qiwi.be","url":"http://mathiasbynens.be/"}],"bugs":{"url":"https://github.com/lodash/lodash-cli/issues"},"repository":{"type":"git","url":"https://github.com/lodash/lodash-cli.git"},"dependencies":{"lodash._baseuniq":"~2.4.0","lodash.createcallback":"~2.4.0"},"_id":"lodash.uniq@2.4.0","dist":{"shasum":"42ac4cea189b98627b1e185651446938d98a5981","tarball":"https://registry.npmjs.org/lodash.uniq/-/lodash.uniq-2.4.0.tgz"},"_from":".","_npmVersion":"1.3.14","_npmUser":{"name":"jdalton","email":"john.david.dalton@gmail.com"},"maintainers":[{"name":"jdalton","email":"john.david.dalton@gmail.com"},{"name":"kitcambridge","email":"github@kitcambridge.be"},{"name":"mathias","email":"mathias@qiwi.be"},{"name":"phated","email":"blaine@iceddev.com"}],"directories":{}},"2.4.1":{"name":"lodash.uniq","version":"2.4.1","description":"The Lo-Dash function `_.uniq` as a Node.js module generated by lodash-cli.","homepage":"http://lodash.com/custom-builds","license":"MIT","keywords":["functional","lodash","lodash-modularized","server","util"],"author":{"name":"John-David Dalton","email":"john.david.dalton@gmail.com","url":"http://allyoucanleet.com/"},"contributors":[{"name":"John-David Dalton","email":"john.david.dalton@gmail.com","url":"http://allyoucanleet.com/"},{"name":"Blaine Bublitz","email":"blaine@iceddev.com","url":"http://www.iceddev.com/"},{"name":"Kit Cambridge","email":"github@kitcambridge.be","url":"http://kitcambridge.be/"},{"name":"Mathias Bynens","email":"mathias@qiwi.be","url":"http://mathiasbynens.be/"}],"bugs":{"url":"https://github.com/lodash/lodash-cli/issues"},"repository":{"type":"git","url":"https://github.com/lodash/lodash-cli.git"},"dependencies":{"lodash._baseuniq":"~2.4.1","lodash.createcallback":"~2.4.1"},"_id":"lodash.uniq@2.4.1","dist":{"shasum":"f219a45f6fb3ffae60fec123ca8ed6923ea41e3a","tarball":"https://registry.npmjs.org/lodash.uniq/-/lodash.uniq-2.4.1.tgz"},"_from":".","_npmVersion":"1.3.14","_npmUser":{"name":"jdalton","email":"john.david.dalton@gmail.com"},"maintainers":[{"name":"jdalton","email":"john.david.dalton@gmail.com"},{"name":"kitcambridge","email":"github@kitcambridge.be"},{"name":"mathias","email":"mathias@qiwi.be"},{"name":"phated","email":"blaine@iceddev.com"}],"directories":{}},"3.0.0":{"name":"lodash.uniq","version":"3.0.0","description":"The modern build of lodash’s `_.uniq` as a module.","homepage":"https://lodash.com/","icon":"https://lodash.com/icon.svg","license":"MIT","keywords":["lodash","lodash-modularized","stdlib","util"],"author":{"name":"John-David Dalton","email":"john.david.dalton@gmail.com","url":"http://allyoucanleet.com/"},"contributors":[{"name":"John-David Dalton","email":"john.david.dalton@gmail.com","url":"http://allyoucanleet.com/"},{"name":"Benjamin Tan","email":"demoneaux@gmail.com","url":"https://d10.github.io/"},{"name":"Blaine Bublitz","email":"blaine@iceddev.com","url":"http://www.iceddev.com/"},{"name":"Kit Cambridge","email":"github@kitcambridge.be","url":"http://kitcambridge.be/"},{"name":"Mathias Bynens","email":"mathias@qiwi.be","url":"https://mathiasbynens.be/"}],"repository":{"type":"git","url":"https://github.com/lodash/lodash"},"scripts":{"test":"echo \"See https://travis-ci.org/lodash/lodash-cli for testing details.\""},"dependencies":{"lodash._basecallback":"^3.0.0","lodash._baseuniq":"^3.0.0","lodash._isiterateecall":"^3.0.0"},"bugs":{"url":"https://github.com/lodash/lodash/issues"},"_id":"lodash.uniq@3.0.0","_shasum":"2c96cb56f3897ae84b35c63319dc405f031fec22","_from":".","_npmVersion":"2.3.0","_nodeVersion":"0.10.35","_npmUser":{"name":"jdalton","email":"john.david.dalton@gmail.com"},"maintainers":[{"name":"jdalton","email":"john.david.dalton@gmail.com"},{"name":"kitcambridge","email":"github@kitcambridge.be"},{"name":"mathias","email":"mathias@qiwi.be"},{"name":"phated","email":"blaine@iceddev.com"}],"dist":{"shasum":"2c96cb56f3897ae84b35c63319dc405f031fec22","tarball":"https://registry.npmjs.org/lodash.uniq/-/lodash.uniq-3.0.0.tgz"},"directories":{}},"3.0.1":{"name":"lodash.uniq","version":"3.0.1","description":"The modern build of lodash’s `_.uniq` as a module.","homepage":"https://lodash.com/","icon":"https://lodash.com/icon.svg","license":"MIT","keywords":["lodash","lodash-modularized","stdlib","util"],"author":{"name":"John-David Dalton","email":"john.david.dalton@gmail.com","url":"http://allyoucanleet.com/"},"contributors":[{"name":"John-David Dalton","email":"john.david.dalton@gmail.com","url":"http://allyoucanleet.com/"},{"name":"Benjamin Tan","email":"demoneaux@gmail.com","url":"https://d10.github.io/"},{"name":"Blaine Bublitz","email":"blaine@iceddev.com","url":"http://www.iceddev.com/"},{"name":"Kit Cambridge","email":"github@kitcambridge.be","url":"http://kitcambridge.be/"},{"name":"Mathias Bynens","email":"mathias@qiwi.be","url":"https://mathiasbynens.be/"}],"repository":{"type":"git","url":"https://github.com/lodash/lodash"},"scripts":{"test":"echo \"See https://travis-ci.org/lodash/lodash-cli for testing details.\""},"dependencies":{"lodash._basecallback":"^3.0.0","lodash._baseuniq":"^3.0.0","lodash._isiterateecall":"^3.0.0"},"bugs":{"url":"https://github.com/lodash/lodash/issues"},"_id":"lodash.uniq@3.0.1","_shasum":"42e9d7bb74ab826acb58249668a48578775b9b1c","_from":".","_npmVersion":"2.5.1","_nodeVersion":"0.12.0","_npmUser":{"name":"jdalton","email":"john.david.dalton@gmail.com"},"maintainers":[{"name":"jdalton","email":"john.david.dalton@gmail.com"},{"name":"kitcambridge","email":"github@kitcambridge.be"},{"name":"mathias","email":"mathias@qiwi.be"},{"name":"phated","email":"blaine@iceddev.com"},{"name":"d10","email":"demoneaux@gmail.com"}],"dist":{"shasum":"42e9d7bb74ab826acb58249668a48578775b9b1c","tarball":"https://registry.npmjs.org/lodash.uniq/-/lodash.uniq-3.0.1.tgz"},"directories":{}},"3.1.0":{"name":"lodash.uniq","version":"3.1.0","description":"The modern build of lodash’s `_.uniq` as a module.","homepage":"https://lodash.com/","icon":"https://lodash.com/icon.svg","license":"MIT","keywords":["lodash","lodash-modularized","stdlib","util"],"author":{"name":"John-David Dalton","email":"john.david.dalton@gmail.com","url":"http://allyoucanleet.com/"},"contributors":[{"name":"John-David Dalton","email":"john.david.dalton@gmail.com","url":"http://allyoucanleet.com/"},{"name":"Benjamin Tan","email":"demoneaux@gmail.com","url":"https://d10.github.io/"},{"name":"Blaine Bublitz","email":"blaine@iceddev.com","url":"http://www.iceddev.com/"},{"name":"Kit Cambridge","email":"github@kitcambridge.be","url":"http://kitcambridge.be/"},{"name":"Mathias Bynens","email":"mathias@qiwi.be","url":"https://mathiasbynens.be/"}],"repository":{"type":"git","url":"https://github.com/lodash/lodash"},"scripts":{"test":"echo \"See https://travis-ci.org/lodash/lodash-cli for testing details.\""},"dependencies":{"lodash._basecallback":"^3.0.0","lodash._baseuniq":"^3.0.0","lodash._isiterateecall":"^3.0.0","lodash.isarray":"^3.0.0","lodash.isnative":"^3.0.0"},"bugs":{"url":"https://github.com/lodash/lodash/issues"},"_id":"lodash.uniq@3.1.0","_shasum":"8219cf82364b9591f67c15b23ed9297d882a66ae","_from":".","_npmVersion":"2.7.3","_nodeVersion":"0.12.0","_npmUser":{"name":"jdalton","email":"john.david.dalton@gmail.com"},"maintainers":[{"name":"jdalton","email":"john.david.dalton@gmail.com"},{"name":"kitcambridge","email":"github@kitcambridge.be"},{"name":"mathias","email":"mathias@qiwi.be"},{"name":"phated","email":"blaine@iceddev.com"},{"name":"d10","email":"demoneaux@gmail.com"}],"dist":{"shasum":"8219cf82364b9591f67c15b23ed9297d882a66ae","tarball":"https://registry.npmjs.org/lodash.uniq/-/lodash.uniq-3.1.0.tgz"},"directories":{}},"3.2.0":{"name":"lodash.uniq","version":"3.2.0","description":"The modern build of lodash’s `_.uniq` as a module.","homepage":"https://lodash.com/","icon":"https://lodash.com/icon.svg","license":"MIT","keywords":["lodash","lodash-modularized","stdlib","util"],"author":{"name":"John-David Dalton","email":"john.david.dalton@gmail.com","url":"http://allyoucanleet.com/"},"contributors":[{"name":"John-David Dalton","email":"john.david.dalton@gmail.com","url":"http://allyoucanleet.com/"},{"name":"Benjamin Tan","email":"demoneaux@gmail.com","url":"https://d10.github.io/"},{"name":"Blaine Bublitz","email":"blaine@iceddev.com","url":"http://www.iceddev.com/"},{"name":"Kit Cambridge","email":"github@kitcambridge.be","url":"http://kitcambridge.be/"},{"name":"Mathias Bynens","email":"mathias@qiwi.be","url":"https://mathiasbynens.be/"}],"repository":{"type":"git","url":"git+https://github.com/lodash/lodash.git"},"scripts":{"test":"echo \"See https://travis-ci.org/lodash/lodash-cli for testing details.\""},"dependencies":{"lodash._basecallback":"^3.0.0","lodash._baseuniq":"^3.0.0","lodash._getnative":"^3.0.0","lodash._isiterateecall":"^3.0.0","lodash.isarray":"^3.0.0"},"bugs":{"url":"https://github.com/lodash/lodash/issues"},"_id":"lodash.uniq@3.2.0","_shasum":"2a34eb17c2978e4dec920addea1eca19439956a6","_from":".","_npmVersion":"2.10.0","_nodeVersion":"0.12.3","_npmUser":{"name":"jdalton","email":"john.david.dalton@gmail.com"},"maintainers":[{"name":"jdalton","email":"john.david.dalton@gmail.com"},{"name":"kitcambridge","email":"github@kitcambridge.be"},{"name":"mathias","email":"mathias@qiwi.be"},{"name":"phated","email":"blaine@iceddev.com"},{"name":"d10","email":"demoneaux@gmail.com"}],"dist":{"shasum":"2a34eb17c2978e4dec920addea1eca19439956a6","tarball":"https://registry.npmjs.org/lodash.uniq/-/lodash.uniq-3.2.0.tgz"},"directories":{}},"3.2.1":{"name":"lodash.uniq","version":"3.2.1","description":"The modern build of lodash’s `_.uniq` as a module.","homepage":"https://lodash.com/","icon":"https://lodash.com/icon.svg","license":"MIT","keywords":["lodash","lodash-modularized","stdlib","util"],"author":{"name":"John-David Dalton","email":"john.david.dalton@gmail.com","url":"http://allyoucanleet.com/"},"contributors":[{"name":"John-David Dalton","email":"john.david.dalton@gmail.com","url":"http://allyoucanleet.com/"},{"name":"Benjamin Tan","email":"demoneaux@gmail.com","url":"https://d10.github.io/"},{"name":"Blaine Bublitz","email":"blaine@iceddev.com","url":"http://www.iceddev.com/"},{"name":"Kit Cambridge","email":"github@kitcambridge.be","url":"http://kitcambridge.be/"},{"name":"Mathias Bynens","email":"mathias@qiwi.be","url":"https://mathiasbynens.be/"}],"repository":{"type":"git","url":"git+https://github.com/lodash/lodash.git"},"scripts":{"test":"echo \"See https://travis-ci.org/lodash/lodash-cli for testing details.\""},"dependencies":{"lodash._basecallback":"^3.0.0","lodash._baseuniq":"^3.0.0","lodash._getnative":"^3.0.0","lodash._isiterateecall":"^3.0.0","lodash.isarray":"^3.0.0"},"bugs":{"url":"https://github.com/lodash/lodash/issues"},"_id":"lodash.uniq@3.2.1","_shasum":"4d63aed7d7dff825263c4ce179b94a6d502a43da","_from":".","_npmVersion":"2.10.1","_nodeVersion":"2.0.2","_npmUser":{"name":"jdalton","email":"john.david.dalton@gmail.com"},"maintainers":[{"name":"jdalton","email":"john.david.dalton@gmail.com"},{"name":"kitcambridge","email":"github@kitcambridge.be"},{"name":"mathias","email":"mathias@qiwi.be"},{"name":"phated","email":"blaine@iceddev.com"},{"name":"d10","email":"demoneaux@gmail.com"}],"dist":{"shasum":"4d63aed7d7dff825263c4ce179b94a6d502a43da","tarball":"https://registry.npmjs.org/lodash.uniq/-/lodash.uniq-3.2.1.tgz"},"directories":{}},"3.2.2":{"name":"lodash.uniq","version":"3.2.2","description":"The modern build of lodash’s `_.uniq` as a module.","homepage":"https://lodash.com/","icon":"https://lodash.com/icon.svg","license":"MIT","keywords":["lodash","lodash-modularized","stdlib","util"],"author":{"name":"John-David Dalton","email":"john.david.dalton@gmail.com","url":"http://allyoucanleet.com/"},"contributors":[{"name":"John-David Dalton","email":"john.david.dalton@gmail.com","url":"http://allyoucanleet.com/"},{"name":"Benjamin Tan","email":"demoneaux@gmail.com","url":"https://d10.github.io/"},{"name":"Blaine Bublitz","email":"blaine@iceddev.com","url":"http://www.iceddev.com/"},{"name":"Kit Cambridge","email":"github@kitcambridge.be","url":"http://kitcambridge.be/"},{"name":"Mathias Bynens","email":"mathias@qiwi.be","url":"https://mathiasbynens.be/"}],"repository":{"type":"git","url":"git+https://github.com/lodash/lodash.git"},"scripts":{"test":"echo \"See https://travis-ci.org/lodash/lodash-cli for testing details.\""},"dependencies":{"lodash._basecallback":"^3.0.0","lodash._baseuniq":"^3.0.0","lodash._getnative":"^3.0.0","lodash._isiterateecall":"^3.0.0","lodash.isarray":"^3.0.0"},"bugs":{"url":"https://github.com/lodash/lodash/issues"},"_id":"lodash.uniq@3.2.2","_shasum":"146c36f25e75d19501ba402e88ba14937f63cd8b","_from":".","_npmVersion":"2.12.0","_nodeVersion":"0.12.5","_npmUser":{"name":"jdalton","email":"john.david.dalton@gmail.com"},"maintainers":[{"name":"jdalton","email":"john.david.dalton@gmail.com"},{"name":"kitcambridge","email":"github@kitcambridge.be"},{"name":"mathias","email":"mathias@qiwi.be"},{"name":"phated","email":"blaine@iceddev.com"},{"name":"d10","email":"demoneaux@gmail.com"}],"dist":{"shasum":"146c36f25e75d19501ba402e88ba14937f63cd8b","tarball":"https://registry.npmjs.org/lodash.uniq/-/lodash.uniq-3.2.2.tgz"},"directories":{}},"4.0.0":{"name":"lodash.uniq","version":"4.0.0","description":"The lodash method `_.uniq` exported as a module.","homepage":"https://lodash.com/","icon":"https://lodash.com/icon.svg","license":"MIT","keywords":["lodash","lodash-modularized","stdlib","util","uniq"],"author":{"name":"John-David Dalton","email":"john.david.dalton@gmail.com","url":"http://allyoucanleet.com/"},"contributors":[{"name":"John-David Dalton","email":"john.david.dalton@gmail.com","url":"http://allyoucanleet.com/"},{"name":"Blaine Bublitz","email":"blaine@iceddev.com","url":"https://github.com/phated"},{"name":"Mathias Bynens","email":"mathias@qiwi.be","url":"https://mathiasbynens.be/"}],"repository":{"type":"git","url":"git+https://github.com/lodash/lodash.git"},"scripts":{"test":"echo \"See https://travis-ci.org/lodash/lodash-cli for testing details.\""},"dependencies":{"lodash._arrayincludes":"^3.0.0","lodash._arrayincludeswith":"^3.0.0","lodash._cachehas":"^3.0.0","lodash._setcache":"^3.0.0"},"bugs":{"url":"https://github.com/lodash/lodash/issues"},"_id":"lodash.uniq@4.0.0","_shasum":"9b471af2142c389dccb0d6466c14db9ba112d2df","_from":".","_npmVersion":"2.14.15","_nodeVersion":"5.4.0","_npmUser":{"name":"jdalton","email":"john.david.dalton@gmail.com"},"dist":{"shasum":"9b471af2142c389dccb0d6466c14db9ba112d2df","tarball":"https://registry.npmjs.org/lodash.uniq/-/lodash.uniq-4.0.0.tgz"},"maintainers":[{"name":"jdalton","email":"john.david.dalton@gmail.com"},{"name":"mathias","email":"mathias@qiwi.be"},{"name":"phated","email":"blaine@iceddev.com"}],"directories":{}},"4.0.1":{"name":"lodash.uniq","version":"4.0.1","description":"The lodash method `_.uniq` exported as a module.","homepage":"https://lodash.com/","icon":"https://lodash.com/icon.svg","license":"MIT","keywords":["lodash","lodash-modularized","stdlib","util","uniq"],"author":{"name":"John-David Dalton","email":"john.david.dalton@gmail.com","url":"http://allyoucanleet.com/"},"contributors":[{"name":"John-David Dalton","email":"john.david.dalton@gmail.com","url":"http://allyoucanleet.com/"},{"name":"Blaine Bublitz","email":"blaine@iceddev.com","url":"https://github.com/phated"},{"name":"Mathias Bynens","email":"mathias@qiwi.be","url":"https://mathiasbynens.be/"}],"repository":{"type":"git","url":"git+https://github.com/lodash/lodash.git"},"scripts":{"test":"echo \"See https://travis-ci.org/lodash/lodash-cli for testing details.\""},"dependencies":{"lodash._arrayincludes":"^4.0.0","lodash._arrayincludeswith":"^4.0.0","lodash._cachehas":"^4.0.0","lodash._setcache":"^4.0.0"},"bugs":{"url":"https://github.com/lodash/lodash/issues"},"_id":"lodash.uniq@4.0.1","_shasum":"69338b6ad6ac0c716d259f764ac339fc29a7ebea","_from":".","_npmVersion":"2.14.15","_nodeVersion":"5.4.0","_npmUser":{"name":"jdalton","email":"john.david.dalton@gmail.com"},"dist":{"shasum":"69338b6ad6ac0c716d259f764ac339fc29a7ebea","tarball":"https://registry.npmjs.org/lodash.uniq/-/lodash.uniq-4.0.1.tgz"},"maintainers":[{"name":"jdalton","email":"john.david.dalton@gmail.com"},{"name":"mathias","email":"mathias@qiwi.be"},{"name":"phated","email":"blaine@iceddev.com"}],"directories":{}},"4.0.2":{"name":"lodash.uniq","version":"4.0.2","description":"The lodash method `_.uniq` exported as a module.","homepage":"https://lodash.com/","icon":"https://lodash.com/icon.svg","license":"MIT","keywords":["lodash-modularized","uniq"],"author":{"name":"John-David Dalton","email":"john.david.dalton@gmail.com","url":"http://allyoucanleet.com/"},"contributors":[{"name":"John-David Dalton","email":"john.david.dalton@gmail.com","url":"http://allyoucanleet.com/"},{"name":"Blaine Bublitz","email":"blaine@iceddev.com","url":"https://github.com/phated"},{"name":"Mathias Bynens","email":"mathias@qiwi.be","url":"https://mathiasbynens.be/"}],"repository":{"type":"git","url":"git+https://github.com/lodash/lodash.git"},"scripts":{"test":"echo \"See https://travis-ci.org/lodash/lodash-cli for testing details.\""},"dependencies":{"lodash._arrayincludes":"^4.0.0","lodash._arrayincludeswith":"^4.0.0","lodash._cachehas":"^4.0.0","lodash._setcache":"^4.0.0"},"bugs":{"url":"https://github.com/lodash/lodash/issues"},"_id":"lodash.uniq@4.0.2","_shasum":"055a1568b4e916f1e3d69b15dc4572d81500e983","_from":".","_npmVersion":"2.14.15","_nodeVersion":"5.4.0","_npmUser":{"name":"jdalton","email":"john.david.dalton@gmail.com"},"dist":{"shasum":"055a1568b4e916f1e3d69b15dc4572d81500e983","tarball":"https://registry.npmjs.org/lodash.uniq/-/lodash.uniq-4.0.2.tgz"},"maintainers":[{"name":"jdalton","email":"john.david.dalton@gmail.com"},{"name":"mathias","email":"mathias@qiwi.be"},{"name":"phated","email":"blaine@iceddev.com"}],"_npmOperationalInternal":{"host":"packages-9-west.internal.npmjs.com","tmp":"tmp/lodash.uniq-4.0.2.tgz_1454484793785_0.7398947330657393"},"directories":{}},"4.1.0":{"name":"lodash.uniq","version":"4.1.0","description":"The lodash method `_.uniq` exported as a module.","homepage":"https://lodash.com/","icon":"https://lodash.com/icon.svg","license":"MIT","keywords":["lodash-modularized","uniq"],"author":{"name":"John-David Dalton","email":"john.david.dalton@gmail.com","url":"http://allyoucanleet.com/"},"contributors":[{"name":"John-David Dalton","email":"john.david.dalton@gmail.com","url":"http://allyoucanleet.com/"},{"name":"Blaine Bublitz","email":"blaine@iceddev.com","url":"https://github.com/phated"},{"name":"Mathias Bynens","email":"mathias@qiwi.be","url":"https://mathiasbynens.be/"}],"repository":{"type":"git","url":"git+https://github.com/lodash/lodash.git"},"scripts":{"test":"echo \"See https://travis-ci.org/lodash/lodash-cli for testing details.\""},"dependencies":{"lodash._arrayincludes":"^4.0.0","lodash._arrayincludeswith":"^4.0.0","lodash._cachehas":"^4.0.0","lodash._root":"^3.0.0","lodash._setcache":"^4.0.0"},"bugs":{"url":"https://github.com/lodash/lodash/issues"},"_id":"lodash.uniq@4.1.0","_shasum":"f6fd353278bb2d01e0c9cd77ecc688864a4ace65","_from":".","_npmVersion":"2.14.18","_nodeVersion":"5.5.0","_npmUser":{"name":"jdalton","email":"john.david.dalton@gmail.com"},"dist":{"shasum":"f6fd353278bb2d01e0c9cd77ecc688864a4ace65","tarball":"https://registry.npmjs.org/lodash.uniq/-/lodash.uniq-4.1.0.tgz"},"maintainers":[{"name":"jdalton","email":"john.david.dalton@gmail.com"},{"name":"mathias","email":"mathias@qiwi.be"},{"name":"phated","email":"blaine@iceddev.com"}],"_npmOperationalInternal":{"host":"packages-6-west.internal.npmjs.com","tmp":"tmp/lodash.uniq-4.1.0.tgz_1454898759113_0.1020272511523217"},"directories":{}},"4.2.0":{"name":"lodash.uniq","version":"4.2.0","description":"The lodash method `_.uniq` exported as a module.","homepage":"https://lodash.com/","icon":"https://lodash.com/icon.svg","license":"MIT","keywords":["lodash-modularized","uniq"],"author":{"name":"John-David Dalton","email":"john.david.dalton@gmail.com","url":"http://allyoucanleet.com/"},"contributors":[{"name":"John-David Dalton","email":"john.david.dalton@gmail.com","url":"http://allyoucanleet.com/"},{"name":"Blaine Bublitz","email":"blaine@iceddev.com","url":"https://github.com/phated"},{"name":"Mathias Bynens","email":"mathias@qiwi.be","url":"https://mathiasbynens.be/"}],"repository":{"type":"git","url":"git+https://github.com/lodash/lodash.git"},"scripts":{"test":"echo \"See https://travis-ci.org/lodash/lodash-cli for testing details.\""},"dependencies":{"lodash._baseuniq":"^4.0.0"},"bugs":{"url":"https://github.com/lodash/lodash/issues"},"_id":"lodash.uniq@4.2.0","_shasum":"e0cb2ac57e11b6a0d0c87674f6ff4a1986f78739","_from":".","_npmVersion":"2.14.18","_nodeVersion":"5.5.0","_npmUser":{"name":"jdalton","email":"john.david.dalton@gmail.com"},"dist":{"shasum":"e0cb2ac57e11b6a0d0c87674f6ff4a1986f78739","tarball":"https://registry.npmjs.org/lodash.uniq/-/lodash.uniq-4.2.0.tgz"},"maintainers":[{"name":"jdalton","email":"john.david.dalton@gmail.com"},{"name":"mathias","email":"mathias@qiwi.be"},{"name":"phated","email":"blaine@iceddev.com"}],"_npmOperationalInternal":{"host":"packages-5-east.internal.npmjs.com","tmp":"tmp/lodash.uniq-4.2.0.tgz_1455615740326_0.14619768620468676"},"directories":{}},"4.2.1":{"name":"lodash.uniq","version":"4.2.1","description":"The lodash method `_.uniq` exported as a module.","homepage":"https://lodash.com/","icon":"https://lodash.com/icon.svg","license":"MIT","keywords":["lodash-modularized","uniq"],"author":{"name":"John-David Dalton","email":"john.david.dalton@gmail.com","url":"http://allyoucanleet.com/"},"contributors":[{"name":"John-David Dalton","email":"john.david.dalton@gmail.com","url":"http://allyoucanleet.com/"},{"name":"Blaine Bublitz","email":"blaine.bublitz@gmail.com","url":"https://github.com/phated"},{"name":"Mathias Bynens","email":"mathias@qiwi.be","url":"https://mathiasbynens.be/"}],"repository":{"type":"git","url":"git+https://github.com/lodash/lodash.git"},"scripts":{"test":"echo \"See https://travis-ci.org/lodash/lodash-cli for testing details.\""},"dependencies":{"lodash._baseuniq":"~4.5.0"},"bugs":{"url":"https://github.com/lodash/lodash/issues"},"_id":"lodash.uniq@4.2.1","_shasum":"4210d4b90647ee24211b469aed0ef84902069743","_from":".","_npmVersion":"2.15.1","_nodeVersion":"5.5.0","_npmUser":{"name":"jdalton","email":"john.david.dalton@gmail.com"},"dist":{"shasum":"4210d4b90647ee24211b469aed0ef84902069743","tarball":"https://registry.npmjs.org/lodash.uniq/-/lodash.uniq-4.2.1.tgz"},"maintainers":[{"name":"jdalton","email":"john.david.dalton@gmail.com"},{"name":"mathias","email":"mathias@qiwi.be"},{"name":"phated","email":"blaine@iceddev.com"}],"_npmOperationalInternal":{"host":"packages-12-west.internal.npmjs.com","tmp":"tmp/lodash.uniq-4.2.1.tgz_1459310991318_0.029993396950885653"},"directories":{}},"4.3.0":{"name":"lodash.uniq","version":"4.3.0","description":"The lodash method `_.uniq` exported as a module.","homepage":"https://lodash.com/","icon":"https://lodash.com/icon.svg","license":"MIT","keywords":["lodash-modularized","uniq"],"author":{"name":"John-David Dalton","email":"john.david.dalton@gmail.com","url":"http://allyoucanleet.com/"},"contributors":[{"name":"John-David Dalton","email":"john.david.dalton@gmail.com","url":"http://allyoucanleet.com/"},{"name":"Blaine Bublitz","email":"blaine.bublitz@gmail.com","url":"https://github.com/phated"},{"name":"Mathias Bynens","email":"mathias@qiwi.be","url":"https://mathiasbynens.be/"}],"repository":{"type":"git","url":"git+https://github.com/lodash/lodash.git"},"scripts":{"test":"echo \"See https://travis-ci.org/lodash/lodash-cli for testing details.\""},"dependencies":{"lodash._baseuniq":"~4.6.0"},"bugs":{"url":"https://github.com/lodash/lodash/issues"},"_id":"lodash.uniq@4.3.0","_shasum":"dcad810876841447d8f3ec662323c86a6d938227","_from":".","_npmVersion":"2.15.5","_nodeVersion":"5.5.0","_npmUser":{"name":"jdalton","email":"john.david.dalton@gmail.com"},"dist":{"shasum":"dcad810876841447d8f3ec662323c86a6d938227","tarball":"https://registry.npmjs.org/lodash.uniq/-/lodash.uniq-4.3.0.tgz"},"maintainers":[{"name":"jdalton","email":"john.david.dalton@gmail.com"},{"name":"mathias","email":"mathias@qiwi.be"},{"name":"phated","email":"blaine@iceddev.com"}],"_npmOperationalInternal":{"host":"packages-16-east.internal.npmjs.com","tmp":"tmp/lodash.uniq-4.3.0.tgz_1463062659727_0.9107886834535748"},"directories":{}},"4.4.0":{"name":"lodash.uniq","version":"4.4.0","description":"The lodash method `_.uniq` exported as a module.","homepage":"https://lodash.com/","icon":"https://lodash.com/icon.svg","license":"MIT","keywords":["lodash-modularized","uniq"],"author":{"name":"John-David Dalton","email":"john.david.dalton@gmail.com","url":"http://allyoucanleet.com/"},"contributors":[{"name":"John-David Dalton","email":"john.david.dalton@gmail.com","url":"http://allyoucanleet.com/"},{"name":"Blaine Bublitz","email":"blaine.bublitz@gmail.com","url":"https://github.com/phated"},{"name":"Mathias Bynens","email":"mathias@qiwi.be","url":"https://mathiasbynens.be/"}],"repository":{"type":"git","url":"git+https://github.com/lodash/lodash.git"},"scripts":{"test":"echo \"See https://travis-ci.org/lodash/lodash-cli for testing details.\""},"bugs":{"url":"https://github.com/lodash/lodash/issues"},"_id":"lodash.uniq@4.4.0","_shasum":"42cdcd09e35eb0a07abe1da9c06c850f6afa55c7","_from":".","_npmVersion":"2.15.9","_nodeVersion":"4.2.4","_npmUser":{"name":"jdalton","email":"john.david.dalton@gmail.com"},"dist":{"shasum":"42cdcd09e35eb0a07abe1da9c06c850f6afa55c7","tarball":"https://registry.npmjs.org/lodash.uniq/-/lodash.uniq-4.4.0.tgz"},"maintainers":[{"name":"jdalton","email":"john.david.dalton@gmail.com"},{"name":"mathias","email":"mathias@qiwi.be"},{"name":"phated","email":"blaine@iceddev.com"}],"_npmOperationalInternal":{"host":"packages-16-east.internal.npmjs.com","tmp":"tmp/lodash.uniq-4.4.0.tgz_1469458380993_0.09374292613938451"},"directories":{}},"4.5.0":{"name":"lodash.uniq","version":"4.5.0","description":"The lodash method `_.uniq` exported as a module.","homepage":"https://lodash.com/","icon":"https://lodash.com/icon.svg","license":"MIT","keywords":["lodash-modularized","uniq"],"author":{"name":"John-David Dalton","email":"john.david.dalton@gmail.com","url":"http://allyoucanleet.com/"},"contributors":[{"name":"John-David Dalton","email":"john.david.dalton@gmail.com","url":"http://allyoucanleet.com/"},{"name":"Blaine Bublitz","email":"blaine.bublitz@gmail.com","url":"https://github.com/phated"},{"name":"Mathias Bynens","email":"mathias@qiwi.be","url":"https://mathiasbynens.be/"}],"repository":{"type":"git","url":"git+https://github.com/lodash/lodash.git"},"scripts":{"test":"echo \"See https://travis-ci.org/lodash/lodash-cli for testing details.\""},"bugs":{"url":"https://github.com/lodash/lodash/issues"},"_id":"lodash.uniq@4.5.0","_shasum":"d0225373aeb652adc1bc82e4945339a842754773","_from":".","_npmVersion":"2.15.10","_nodeVersion":"4.4.7","_npmUser":{"name":"jdalton","email":"john.david.dalton@gmail.com"},"dist":{"shasum":"d0225373aeb652adc1bc82e4945339a842754773","tarball":"https://registry.npmjs.org/lodash.uniq/-/lodash.uniq-4.5.0.tgz"},"maintainers":[{"name":"jdalton","email":"john.david.dalton@gmail.com"},{"name":"mathias","email":"mathias@qiwi.be"},{"name":"phated","email":"blaine@iceddev.com"}],"_npmOperationalInternal":{"host":"packages-16-east.internal.npmjs.com","tmp":"tmp/lodash.uniq-4.5.0.tgz_1471110399118_0.6918453241232783"},"directories":{}}},"readme":"# lodash.uniq v4.5.0\n\nThe [lodash](https://lodash.com/) method `_.uniq` exported as a [Node.js](https://nodejs.org/) module.\n\n## Installation\n\nUsing npm:\n```bash\n$ {sudo -H} npm i -g npm\n$ npm i --save lodash.uniq\n```\n\nIn Node.js:\n```js\nvar uniq = require('lodash.uniq');\n```\n\nSee the [documentation](https://lodash.com/docs#uniq) or [package source](https://github.com/lodash/lodash/blob/4.5.0-npm-packages/lodash.uniq) for more details.\n","maintainers":[{"name":"jdalton","email":"john.david.dalton@gmail.com"},{"name":"mathias","email":"mathias@qiwi.be"}],"time":{"modified":"2016-10-06T16:52:52.672Z","created":"2013-09-23T06:38:50.665Z","2.0.0":"2013-09-23T07:43:24.088Z","2.1.0":"2013-09-23T08:01:31.670Z","2.2.0":"2013-09-29T22:11:45.327Z","2.2.1":"2013-10-03T18:52:37.520Z","2.3.0":"2013-11-11T16:49:40.023Z","2.4.0":"2013-11-26T19:57:11.767Z","2.4.1":"2013-12-03T17:18:14.880Z","3.0.0":"2015-01-26T15:30:27.242Z","3.0.1":"2015-02-20T17:13:07.294Z","3.1.0":"2015-03-27T16:18:27.907Z","3.2.0":"2015-05-19T19:57:53.282Z","3.2.1":"2015-05-24T21:12:24.464Z","3.2.2":"2015-06-30T15:28:07.385Z","4.0.0":"2016-01-13T11:18:33.262Z","4.0.1":"2016-01-13T22:29:19.596Z","4.0.2":"2016-02-03T07:33:14.603Z","4.1.0":"2016-02-08T02:32:40.112Z","4.2.0":"2016-02-16T09:42:23.980Z","4.2.1":"2016-03-30T04:09:51.775Z","4.3.0":"2016-05-12T14:17:42.711Z","4.4.0":"2016-07-25T14:53:04.289Z","4.5.0":"2016-08-13T17:46:41.962Z"},"author":{"name":"John-David Dalton","email":"john.david.dalton@gmail.com","url":"http://allyoucanleet.com/"},"repository":{"type":"git","url":"git+https://github.com/lodash/lodash.git"},"users":{"slang800":true,"andrezsanchez":true,"slang":true},"homepage":"https://lodash.com/","keywords":["lodash-modularized","uniq"],"contributors":[{"name":"John-David Dalton","email":"john.david.dalton@gmail.com","url":"http://allyoucanleet.com/"},{"name":"Blaine Bublitz","email":"blaine.bublitz@gmail.com","url":"https://github.com/phated"},{"name":"Mathias Bynens","email":"mathias@qiwi.be","url":"https://mathiasbynens.be/"}],"bugs":{"url":"https://github.com/lodash/lodash/issues"},"license":"MIT","readmeFilename":"README.md","_attachments":{},"_etag":"W/\"57f68164-94d6\"","_lastModified":"Thu, 06 Oct 2016 16:52:52 GMT","_cached":true}