{"_id":"kind-of","_rev":"32-374d941dba61c073812932fb86047c6e","name":"kind-of","description":"Get the native type of a value.","dist-tags":{"latest":"3.1.0"},"versions":{"0.1.0":{"name":"kind-of","description":"Get the native type of a value.","version":"0.1.0","homepage":"https://github.com/jonschlinkert/kind-of","author":{"name":"Jon Schlinkert","url":"https://github.com/jonschlinkert"},"repository":{"type":"git","url":"git://github.com/jonschlinkert/kind-of.git"},"bugs":{"url":"https://github.com/jonschlinkert/kind-of/issues"},"licenses":[{"type":"MIT","url":"https://github.com/jonschlinkert/kind-of/blob/master/LICENSE-MIT"}],"main":"index.js","engines":{"node":">=0.10.0"},"scripts":{"test":"mocha -R spec"},"devDependencies":{"mocha":"*","should":"^4.0.4","verb":">= 0.2.6"},"keywords":["arguments","array","boolean","date","function","javascript","js","kind","kind-of","node","node.js","null","number","object","regexp","string","type","type-of","typeof","types","undefined","util","utilities","utility","utils"],"_id":"kind-of@0.1.0","_shasum":"bfeec69c1bf15bb2995cb07af8e58ee36ff37c12","_from":".","_npmVersion":"1.4.9","_npmUser":{"name":"jonschlinkert","email":"github@sellside.com"},"maintainers":[{"name":"jonschlinkert","email":"github@sellside.com"}],"dist":{"shasum":"bfeec69c1bf15bb2995cb07af8e58ee36ff37c12","tarball":"https://registry.npmjs.org/kind-of/-/kind-of-0.1.0.tgz"},"directories":{}},"0.1.1":{"name":"kind-of","description":"Get the native type of a value.","version":"0.1.1","homepage":"https://github.com/jonschlinkert/kind-of","author":{"name":"Jon Schlinkert","url":"https://github.com/jonschlinkert"},"repository":{"type":"git","url":"git://github.com/jonschlinkert/kind-of.git"},"bugs":{"url":"https://github.com/jonschlinkert/kind-of/issues"},"licenses":[{"type":"MIT","url":"https://github.com/jonschlinkert/kind-of/blob/master/LICENSE-MIT"}],"main":"index.js","engines":{"node":">=0.10.0"},"scripts":{"test":"mocha -R spec"},"devDependencies":{"mocha":"*","should":"^4.0.4","verb":">= 0.2.6"},"keywords":["arguments","array","boolean","date","function","javascript","js","kind","kind-of","node","node.js","null","number","object","regexp","string","type","type-of","typeof","types","undefined","util","utilities","utility","utils"],"_id":"kind-of@0.1.1","_shasum":"03095e1705ebc7e4db1f6d3e4127612fc7ea659b","_from":".","_npmVersion":"1.4.9","_npmUser":{"name":"jonschlinkert","email":"github@sellside.com"},"maintainers":[{"name":"jonschlinkert","email":"github@sellside.com"}],"dist":{"shasum":"03095e1705ebc7e4db1f6d3e4127612fc7ea659b","tarball":"https://registry.npmjs.org/kind-of/-/kind-of-0.1.1.tgz"},"directories":{}},"0.1.2":{"name":"kind-of","description":"Get the native type of a value.","version":"0.1.2","homepage":"https://github.com/jonschlinkert/kind-of","author":{"name":"Jon Schlinkert","url":"https://github.com/jonschlinkert"},"repository":{"type":"git","url":"git://github.com/jonschlinkert/kind-of.git"},"bugs":{"url":"https://github.com/jonschlinkert/kind-of/issues"},"licenses":[{"type":"MIT","url":"https://github.com/jonschlinkert/kind-of/blob/master/LICENSE-MIT"}],"main":"index.js","engines":{"node":">=0.10.0"},"scripts":{"test":"mocha -R spec"},"devDependencies":{"benchmarked":"^0.1.3","chalk":"^0.5.1","glob":"^4.0.6","mocha":"*","should":"^4.0.4","type-of":"^2.0.1","typeof":"^1.0.0","verb":">= 0.2.6"},"keywords":["arguments","array","boolean","date","function","javascript","js","kind","kind-of","node","node.js","null","number","object","regexp","string","type","type-of","typeof","types","undefined","util","utilities","utility","utils"],"_id":"kind-of@0.1.2","_shasum":"07bd601cc9433f5d79bd5edd2031ed155f0604a4","_from":".","_npmVersion":"1.4.9","_npmUser":{"name":"jonschlinkert","email":"github@sellside.com"},"maintainers":[{"name":"jonschlinkert","email":"github@sellside.com"}],"dist":{"shasum":"07bd601cc9433f5d79bd5edd2031ed155f0604a4","tarball":"https://registry.npmjs.org/kind-of/-/kind-of-0.1.2.tgz"},"directories":{}},"1.0.0":{"name":"kind-of","description":"Get the native type of a value.","version":"1.0.0","homepage":"https://github.com/jonschlinkert/kind-of","author":{"name":"Jon Schlinkert","url":"https://github.com/jonschlinkert"},"repository":{"type":"git","url":"git://github.com/jonschlinkert/kind-of.git"},"bugs":{"url":"https://github.com/jonschlinkert/kind-of/issues"},"license":{"type":"MIT","url":"https://github.com/jonschlinkert/kind-of/blob/master/LICENSE"},"main":"index.js","engines":{"node":">=0.10.0"},"scripts":{"test":"mocha -R spec"},"devDependencies":{"benchmarked":"^0.1.3","chalk":"^0.5.1","glob":"^4.3.5","should":"^4.6.1","type-of":"^2.0.1","typeof":"^1.0.0"},"keywords":["arguments","array","boolean","check","date","function","is","is-type","is-type-of","kind","kind-of","number","object","regexp","string","test","type","type-of","typeof","types"],"gitHead":"062a13f09e0f5213379dccdc56bbcda4a524b573","_id":"kind-of@1.0.0","_shasum":"de248bdb9baa0a039f057211f38dd3e0455f5570","_from":".","_npmVersion":"1.4.23","_npmUser":{"name":"jonschlinkert","email":"github@sellside.com"},"maintainers":[{"name":"jonschlinkert","email":"github@sellside.com"}],"dist":{"shasum":"de248bdb9baa0a039f057211f38dd3e0455f5570","tarball":"https://registry.npmjs.org/kind-of/-/kind-of-1.0.0.tgz"},"directories":{}},"1.0.1":{"name":"kind-of","description":"Get the native type of a value.","version":"1.0.1","homepage":"https://github.com/jonschlinkert/kind-of","author":{"name":"Jon Schlinkert","url":"https://github.com/jonschlinkert"},"repository":{"type":"git","url":"git://github.com/jonschlinkert/kind-of.git"},"bugs":{"url":"https://github.com/jonschlinkert/kind-of/issues"},"license":{"type":"MIT","url":"https://github.com/jonschlinkert/kind-of/blob/master/LICENSE"},"files":["index.js"],"main":"index.js","engines":{"node":">=0.10.0"},"scripts":{"test":"mocha -R spec"},"devDependencies":{"benchmarked":"^0.1.3","chalk":"^0.5.1","glob":"^4.3.5","should":"^4.6.1","type-of":"^2.0.1","typeof":"^1.0.0"},"keywords":["arguments","array","boolean","check","date","function","is","is-type","is-type-of","kind","kind-of","number","object","regexp","string","test","type","type-of","typeof","types"],"gitHead":"062a13f09e0f5213379dccdc56bbcda4a524b573","_id":"kind-of@1.0.1","_shasum":"adbe4591ca983133cb58c44e028eb44c117ca4f5","_from":".","_npmVersion":"1.4.28","_npmUser":{"name":"jonschlinkert","email":"github@sellside.com"},"maintainers":[{"name":"jonschlinkert","email":"github@sellside.com"}],"dist":{"shasum":"adbe4591ca983133cb58c44e028eb44c117ca4f5","tarball":"https://registry.npmjs.org/kind-of/-/kind-of-1.0.1.tgz"},"directories":{}},"1.1.0":{"name":"kind-of","description":"Get the native type of a value.","version":"1.1.0","homepage":"https://github.com/jonschlinkert/kind-of","author":{"name":"Jon Schlinkert","url":"https://github.com/jonschlinkert"},"repository":{"type":"git","url":"git://github.com/jonschlinkert/kind-of.git"},"bugs":{"url":"https://github.com/jonschlinkert/kind-of/issues"},"license":{"type":"MIT","url":"https://github.com/jonschlinkert/kind-of/blob/master/LICENSE"},"files":["index.js"],"main":"index.js","engines":{"node":">=0.10.0"},"scripts":{"test":"mocha"},"devDependencies":{"benchmarked":"^0.1.3","chalk":"^0.5.1","glob":"^4.3.5","should":"^4.6.1","type-of":"^2.0.1","typeof":"^1.0.0"},"keywords":["arguments","array","boolean","check","date","function","is","is-type","is-type-of","kind","kind-of","number","object","regexp","string","test","type","type-of","typeof","types"],"gitHead":"4ee1c34ffba8743451ddef17b4a6588468ba187d","_id":"kind-of@1.1.0","_shasum":"140a3d2d41a36d2efcfa9377b62c24f8495a5c44","_from":".","_npmVersion":"1.4.28","_npmUser":{"name":"jonschlinkert","email":"github@sellside.com"},"maintainers":[{"name":"jonschlinkert","email":"github@sellside.com"}],"dist":{"shasum":"140a3d2d41a36d2efcfa9377b62c24f8495a5c44","tarball":"https://registry.npmjs.org/kind-of/-/kind-of-1.1.0.tgz"},"directories":{}},"2.0.0":{"name":"kind-of","description":"Get the native type of a value.","version":"2.0.0","homepage":"https://github.com/jonschlinkert/kind-of","author":{"name":"Jon Schlinkert","url":"https://github.com/jonschlinkert"},"repository":{"type":"git","url":"git+https://github.com/jonschlinkert/kind-of.git"},"bugs":{"url":"https://github.com/jonschlinkert/kind-of/issues"},"license":"MIT","files":["index.js"],"main":"index.js","engines":{"node":">=0.10.0"},"scripts":{"test":"mocha"},"devDependencies":{"benchmarked":"^0.1.3","chalk":"^0.5.1","glob":"^4.3.5","mocha":"^2.2.5","should":"^4.6.1","type-of":"^2.0.1","typeof":"^1.0.0"},"keywords":["arguments","array","boolean","check","date","function","is","is-type","is-type-of","kind","kind-of","number","object","regexp","string","test","type","type-of","typeof","types"],"gitHead":"63b4b8a69fff81e9f0020e9faa43920eeff93985","_id":"kind-of@2.0.0","_shasum":"9a67651a98cb9a5d5ea3b831241360f8e40518d9","_from":".","_npmVersion":"2.10.1","_nodeVersion":"0.12.4","_npmUser":{"name":"jonschlinkert","email":"github@sellside.com"},"maintainers":[{"name":"jonschlinkert","email":"github@sellside.com"}],"dist":{"shasum":"9a67651a98cb9a5d5ea3b831241360f8e40518d9","tarball":"https://registry.npmjs.org/kind-of/-/kind-of-2.0.0.tgz"},"directories":{}},"2.0.1":{"name":"kind-of","description":"Get the native type of a value.","version":"2.0.1","homepage":"https://github.com/jonschlinkert/kind-of","author":{"name":"Jon Schlinkert","url":"https://github.com/jonschlinkert"},"repository":{"type":"git","url":"git+https://github.com/jonschlinkert/kind-of.git"},"bugs":{"url":"https://github.com/jonschlinkert/kind-of/issues"},"license":"MIT","files":["index.js"],"main":"index.js","engines":{"node":">=0.10.0"},"scripts":{"test":"mocha","prepublish":"browserify -o browser.js -e index.js -s index --bare"},"devDependencies":{"benchmarked":"^0.1.3","chalk":"^0.5.1","glob":"^4.3.5","mocha":"^2.2.5","should":"^4.6.1","type-of":"^2.0.1","typeof":"^1.0.0"},"keywords":["arguments","array","boolean","check","date","function","is","is-type","is-type-of","kind","kind-of","number","object","regexp","string","test","type","type-of","typeof","types"],"dependencies":{"is-buffer":"^1.0.2"},"gitHead":"09fcb8b8384932bc5a0009e0b3811998b0387629","_id":"kind-of@2.0.1","_shasum":"018ec7a4ce7e3a86cb9141be519d24c8faa981b5","_from":".","_npmVersion":"2.10.1","_nodeVersion":"0.12.4","_npmUser":{"name":"jonschlinkert","email":"github@sellside.com"},"maintainers":[{"name":"jonschlinkert","email":"github@sellside.com"},{"name":"doowb","email":"brian.woodward@gmail.com"}],"dist":{"shasum":"018ec7a4ce7e3a86cb9141be519d24c8faa981b5","tarball":"https://registry.npmjs.org/kind-of/-/kind-of-2.0.1.tgz"},"directories":{}},"3.0.0":{"name":"kind-of","description":"Get the native type of a value.","version":"3.0.0","homepage":"https://github.com/jonschlinkert/kind-of","author":{"name":"Jon Schlinkert","url":"https://github.com/jonschlinkert"},"repository":{"type":"git","url":"git+https://github.com/jonschlinkert/kind-of.git"},"bugs":{"url":"https://github.com/jonschlinkert/kind-of/issues"},"license":"MIT","files":["index.js"],"main":"index.js","engines":{"node":">=0.10.0"},"scripts":{"test":"mocha","prepublish":"browserify -o browser.js -e index.js -s index --bare"},"dependencies":{"is-buffer":"^1.0.2"},"devDependencies":{"ansi-bold":"^0.1.1","benchmarked":"^0.1.3","browserify":"^11.0.1","chalk":"^0.5.1","glob":"^4.3.5","mocha":"*","should":"*","type-of":"^2.0.1","typeof":"^1.0.0"},"keywords":["arguments","array","boolean","check","date","function","is","is-type","is-type-of","kind","kind-of","number","object","regexp","string","test","type","type-of","typeof","types"],"verb":{"related":{"list":["is-glob","is-primitive","is-number"]}},"gitHead":"08215c90e237beca1ec297a328db1db0a8c2e598","_id":"kind-of@3.0.0","_shasum":"b448471a42ef7eac1246b6490cc5f4318aa7f592","_from":".","_npmVersion":"3.3.6","_nodeVersion":"5.0.0","_npmUser":{"name":"jonschlinkert","email":"github@sellside.com"},"maintainers":[{"name":"jonschlinkert","email":"github@sellside.com"},{"name":"doowb","email":"brian.woodward@gmail.com"}],"dist":{"shasum":"b448471a42ef7eac1246b6490cc5f4318aa7f592","tarball":"https://registry.npmjs.org/kind-of/-/kind-of-3.0.0.tgz"},"directories":{}},"3.0.1":{"name":"kind-of","description":"Get the native type of a value.","version":"3.0.1","homepage":"https://github.com/jonschlinkert/kind-of","author":{"name":"Jon Schlinkert","url":"https://github.com/jonschlinkert"},"repository":{"type":"git","url":"git+https://github.com/jonschlinkert/kind-of.git"},"bugs":{"url":"https://github.com/jonschlinkert/kind-of/issues"},"license":"MIT","files":["index.js"],"main":"index.js","engines":{"node":">=0.10.0"},"scripts":{"test":"mocha","prepublish":"browserify -o browser.js -e index.js -s index --bare"},"dependencies":{"is-buffer":"^1.0.2"},"devDependencies":{"ansi-bold":"^0.1.1","benchmarked":"^0.1.3","browserify":"^11.0.1","chalk":"^0.5.1","glob":"^4.3.5","mocha":"*","should":"*","type-of":"^2.0.1","typeof":"^1.0.0"},"keywords":["arguments","array","boolean","check","date","function","is","is-type","is-type-of","kind","kind-of","number","object","regexp","string","test","type","type-of","typeof","types"],"verb":{"related":{"list":["is-glob","is-primitive","is-number"]}},"gitHead":"adcab2046727f643c07b34a0569ef9dccdc5ee58","_id":"kind-of@3.0.1","_shasum":"9a48e2562268501288d4f3922c7d1573f463dd1b","_from":".","_npmVersion":"3.3.6","_nodeVersion":"5.0.0","_npmUser":{"name":"jonschlinkert","email":"github@sellside.com"},"maintainers":[{"name":"jonschlinkert","email":"github@sellside.com"},{"name":"doowb","email":"brian.woodward@gmail.com"}],"dist":{"shasum":"9a48e2562268501288d4f3922c7d1573f463dd1b","tarball":"https://registry.npmjs.org/kind-of/-/kind-of-3.0.1.tgz"},"directories":{}},"3.0.2":{"name":"kind-of","description":"Get the native type of a value.","version":"3.0.2","homepage":"https://github.com/jonschlinkert/kind-of","author":{"name":"Jon Schlinkert","url":"https://github.com/jonschlinkert"},"repository":{"type":"git","url":"git+https://github.com/jonschlinkert/kind-of.git"},"bugs":{"url":"https://github.com/jonschlinkert/kind-of/issues"},"license":"MIT","files":["index.js"],"main":"index.js","engines":{"node":">=0.10.0"},"scripts":{"test":"mocha","prepublish":"browserify -o browser.js -e index.js -s index --bare"},"dependencies":{"is-buffer":"^1.0.2"},"devDependencies":{"ansi-bold":"^0.1.1","benchmarked":"^0.1.3","browserify":"^11.0.1","glob":"^4.3.5","mocha":"*","should":"*","type-of":"^2.0.1","typeof":"^1.0.0"},"keywords":["arguments","array","boolean","check","date","function","is","is-type","is-type-of","kind","kind-of","number","object","regexp","string","test","type","type-of","typeof","types"],"verb":{"related":{"list":["is-glob","is-primitive","is-number"]}},"gitHead":"917a9701737a64abe0f77441c9ef21afca5ab397","_id":"kind-of@3.0.2","_shasum":"187db427046e7e90945692e6768668bd6900dea0","_from":".","_npmVersion":"3.3.6","_nodeVersion":"5.0.0","_npmUser":{"name":"jonschlinkert","email":"github@sellside.com"},"maintainers":[{"name":"jonschlinkert","email":"github@sellside.com"},{"name":"doowb","email":"brian.woodward@gmail.com"}],"dist":{"shasum":"187db427046e7e90945692e6768668bd6900dea0","tarball":"https://registry.npmjs.org/kind-of/-/kind-of-3.0.2.tgz"},"directories":{}},"3.0.3":{"name":"kind-of","description":"Get the native type of a value.","version":"3.0.3","homepage":"https://github.com/jonschlinkert/kind-of","author":{"name":"Jon Schlinkert","url":"https://github.com/jonschlinkert"},"repository":{"type":"git","url":"git+https://github.com/jonschlinkert/kind-of.git"},"bugs":{"url":"https://github.com/jonschlinkert/kind-of/issues"},"license":"MIT","files":["index.js"],"main":"index.js","engines":{"node":">=0.10.0"},"scripts":{"test":"mocha","prepublish":"browserify -o browser.js -e index.js -s index --bare"},"dependencies":{"is-buffer":"^1.0.2"},"devDependencies":{"ansi-bold":"^0.1.1","benchmarked":"^0.1.3","browserify":"^11.0.1","glob":"^4.3.5","gulp-format-md":"^0.1.9","mocha":"*","should":"*","type-of":"^2.0.1","typeof":"^1.0.0"},"keywords":["arguments","array","boolean","check","date","function","is","is-type","is-type-of","kind","kind-of","number","object","regexp","string","test","type","type-of","typeof","types"],"verb":{"related":{"list":["is-glob","is-number","is-primitive"]},"toc":false,"layout":"default","tasks":["readme"],"plugins":["gulp-format-md"],"lint":{"reflinks":true},"reflinks":["verb"]},"gitHead":"c1023c4839a91abd580a4e71fd0763f7fc2ad3f4","_id":"kind-of@3.0.3","_shasum":"c61608747d815b0362556db3276362a7a38aded3","_from":".","_npmVersion":"3.6.0","_nodeVersion":"5.5.0","_npmUser":{"name":"jonschlinkert","email":"github@sellside.com"},"maintainers":[{"name":"jonschlinkert","email":"github@sellside.com"},{"name":"doowb","email":"brian.woodward@gmail.com"}],"dist":{"shasum":"c61608747d815b0362556db3276362a7a38aded3","tarball":"https://registry.npmjs.org/kind-of/-/kind-of-3.0.3.tgz"},"_npmOperationalInternal":{"host":"packages-12-west.internal.npmjs.com","tmp":"tmp/kind-of-3.0.3.tgz_1462262974577_0.29414567071944475"},"directories":{}},"3.0.4":{"name":"kind-of","description":"Get the native type of a value.","version":"3.0.4","homepage":"https://github.com/jonschlinkert/kind-of","author":{"name":"Jon Schlinkert","url":"https://github.com/jonschlinkert"},"repository":{"type":"git","url":"git+https://github.com/jonschlinkert/kind-of.git"},"bugs":{"url":"https://github.com/jonschlinkert/kind-of/issues"},"license":"MIT","files":["index.js","LICENSE","README.md"],"main":"index.js","engines":{"node":">=0.10.0"},"scripts":{"test":"mocha","prepublish":"browserify -o browser.js -e index.js -s index --bare"},"dependencies":{"is-buffer":"^1.0.2"},"devDependencies":{"ansi-bold":"^0.1.1","benchmarked":"^0.2.5","browserify":"^13.1.0","glob":"^7.0.5","gulp-format-md":"^0.1.9","mocha":"^2.5.3","type-of":"^2.0.1","typeof":"^1.0.0"},"keywords":["arguments","array","boolean","check","date","function","is","is-type","is-type-of","kind","kind-of","number","object","of","regexp","string","test","type","type-of","typeof","types"],"verb":{"related":{"list":["is-glob","is-number","is-primitive"]},"toc":false,"layout":"default","tasks":["readme"],"plugins":["gulp-format-md"],"lint":{"reflinks":true},"reflinks":["verb"]},"gitHead":"8f93765a6bbbe350e1ba68e790d1ff337b91331a","_id":"kind-of@3.0.4","_shasum":"7b8ecf18a4e17f8269d73b501c9f232c96887a74","_from":".","_npmVersion":"3.10.3","_nodeVersion":"6.3.0","_npmUser":{"name":"jonschlinkert","email":"github@sellside.com"},"maintainers":[{"name":"jonschlinkert","email":"github@sellside.com"},{"name":"doowb","email":"brian.woodward@gmail.com"}],"dist":{"shasum":"7b8ecf18a4e17f8269d73b501c9f232c96887a74","tarball":"https://registry.npmjs.org/kind-of/-/kind-of-3.0.4.tgz"},"_npmOperationalInternal":{"host":"packages-16-east.internal.npmjs.com","tmp":"tmp/kind-of-3.0.4.tgz_1469811230830_0.8813814013265073"},"directories":{}},"3.1.0":{"name":"kind-of","description":"Get the native type of a value.","version":"3.1.0","homepage":"https://github.com/jonschlinkert/kind-of","author":{"name":"Jon Schlinkert","url":"https://github.com/jonschlinkert"},"contributors":[{"name":"David Fox-Powell","email":"dtothefp@gmail.com","url":"https://dtothefp.github.io/me"},{"name":"Jon Schlinkert","email":"jon.schlinkert@sellside.com","url":"http://twitter.com/jonschlinkert"},{"name":"Miguel Mota","email":"miguel@mota.email","url":"https://miguelmota.com"},{"name":"Peter deHaan","url":"http://about.me/peterdehaan"}],"repository":{"type":"git","url":"git+https://github.com/jonschlinkert/kind-of.git"},"bugs":{"url":"https://github.com/jonschlinkert/kind-of/issues"},"license":"MIT","files":["index.js"],"main":"index.js","engines":{"node":">=0.10.0"},"scripts":{"test":"mocha","prepublish":"browserify -o browser.js -e index.js -s index --bare"},"dependencies":{"is-buffer":"^1.0.2"},"devDependencies":{"ansi-bold":"^0.1.1","benchmarked":"^0.2.5","browserify":"^13.1.0","glob":"^7.0.5","gulp-format-md":"^0.1.9","mocha":"^2.5.3","type-of":"^2.0.1","typeof":"^1.0.0"},"keywords":["arguments","array","boolean","check","date","function","is","is-type","is-type-of","kind","kind-of","number","object","of","regexp","string","test","type","type-of","typeof","types"],"verb":{"related":{"list":["is-glob","is-number","is-primitive"]},"toc":false,"layout":"default","tasks":["readme"],"plugins":["gulp-format-md"],"lint":{"reflinks":true},"reflinks":["verb"]},"gitHead":"eb57ad426b39f25902260f315a1f4ae50d2f760e","_id":"kind-of@3.1.0","_shasum":"475d698a5e49ff5e53d14e3e732429dc8bf4cf47","_from":".","_npmVersion":"3.10.3","_nodeVersion":"6.7.0","_npmUser":{"name":"jonschlinkert","email":"github@sellside.com"},"maintainers":[{"name":"jonschlinkert","email":"github@sellside.com"},{"name":"doowb","email":"brian.woodward@gmail.com"}],"dist":{"shasum":"475d698a5e49ff5e53d14e3e732429dc8bf4cf47","tarball":"https://registry.npmjs.org/kind-of/-/kind-of-3.1.0.tgz"},"_npmOperationalInternal":{"host":"packages-18-east.internal.npmjs.com","tmp":"tmp/kind-of-3.1.0.tgz_1481093733086_0.6179714468307793"},"directories":{}}},"readme":"# kind-of [![NPM version](https://img.shields.io/npm/v/kind-of.svg?style=flat)](https://www.npmjs.com/package/kind-of) [![NPM monthly downloads](https://img.shields.io/npm/dm/kind-of.svg?style=flat)](https://npmjs.org/package/kind-of)  [![NPM total downloads](https://img.shields.io/npm/dt/kind-of.svg?style=flat)](https://npmjs.org/package/kind-of) [![Linux Build Status](https://img.shields.io/travis/jonschlinkert/kind-of.svg?style=flat&label=Travis)](https://travis-ci.org/jonschlinkert/kind-of)\n\n> Get the native type of a value.\n\n## Install\n\nInstall with [npm](https://www.npmjs.com/):\n\n```sh\n$ npm install --save kind-of\n```\n\n## Install\n\nInstall with [bower](http://bower.io/)\n\n```sh\n$ bower install kind-of --save\n```\n\n## Usage\n\n> es5, browser and es6 ready\n\n```js\nvar kindOf = require('kind-of');\n\nkindOf(undefined);\n//=> 'undefined'\n\nkindOf(null);\n//=> 'null'\n\nkindOf(true);\n//=> 'boolean'\n\nkindOf(false);\n//=> 'boolean'\n\nkindOf(new Boolean(true));\n//=> 'boolean'\n\nkindOf(new Buffer(''));\n//=> 'buffer'\n\nkindOf(42);\n//=> 'number'\n\nkindOf(new Number(42));\n//=> 'number'\n\nkindOf('str');\n//=> 'string'\n\nkindOf(new String('str'));\n//=> 'string'\n\nkindOf(arguments);\n//=> 'arguments'\n\nkindOf({});\n//=> 'object'\n\nkindOf(Object.create(null));\n//=> 'object'\n\nkindOf(new Test());\n//=> 'object'\n\nkindOf(new Date());\n//=> 'date'\n\nkindOf([]);\n//=> 'array'\n\nkindOf([1, 2, 3]);\n//=> 'array'\n\nkindOf(new Array());\n//=> 'array'\n\nkindOf(/foo/);\n//=> 'regexp'\n\nkindOf(new RegExp('foo'));\n//=> 'regexp'\n\nkindOf(function () {});\n//=> 'function'\n\nkindOf(function * () {});\n//=> 'function'\n\nkindOf(new Function());\n//=> 'function'\n\nkindOf(new Map());\n//=> 'map'\n\nkindOf(new WeakMap());\n//=> 'weakmap'\n\nkindOf(new Set());\n//=> 'set'\n\nkindOf(new WeakSet());\n//=> 'weakset'\n\nkindOf(Symbol('str'));\n//=> 'symbol'\n\nkindOf(new Int8Array());\n//=> 'int8array'\n\nkindOf(new Uint8Array());\n//=> 'uint8array'\n\nkindOf(new Uint8ClampedArray());\n//=> 'uint8clampedarray'\n\nkindOf(new Int16Array());\n//=> 'int16array'\n\nkindOf(new Uint16Array());\n//=> 'uint16array'\n\nkindOf(new Int32Array());\n//=> 'int32array'\n\nkindOf(new Uint32Array());\n//=> 'uint32array'\n\nkindOf(new Float32Array());\n//=> 'float32array'\n\nkindOf(new Float64Array());\n//=> 'float64array'\n```\n\n## Benchmarks\n\nBenchmarked against [typeof](http://github.com/CodingFu/typeof) and [type-of](https://github.com/ForbesLindesay/type-of).\nNote that performaces is slower for es6 features `Map`, `WeakMap`, `Set` and `WeakSet`.\n\n```bash\n#1: array\n  current x 23,329,397 ops/sec ±0.82% (94 runs sampled)\n  lib-type-of x 4,170,273 ops/sec ±0.55% (94 runs sampled)\n  lib-typeof x 9,686,935 ops/sec ±0.59% (98 runs sampled)\n\n#2: boolean\n  current x 27,197,115 ops/sec ±0.85% (94 runs sampled)\n  lib-type-of x 3,145,791 ops/sec ±0.73% (97 runs sampled)\n  lib-typeof x 9,199,562 ops/sec ±0.44% (99 runs sampled)\n\n#3: date\n  current x 20,190,117 ops/sec ±0.86% (92 runs sampled)\n  lib-type-of x 5,166,970 ops/sec ±0.74% (94 runs sampled)\n  lib-typeof x 9,610,821 ops/sec ±0.50% (96 runs sampled)\n\n#4: function\n  current x 23,855,460 ops/sec ±0.60% (97 runs sampled)\n  lib-type-of x 5,667,740 ops/sec ±0.54% (100 runs sampled)\n  lib-typeof x 10,010,644 ops/sec ±0.44% (100 runs sampled)\n\n#5: null\n  current x 27,061,047 ops/sec ±0.97% (96 runs sampled)\n  lib-type-of x 13,965,573 ops/sec ±0.62% (97 runs sampled)\n  lib-typeof x 8,460,194 ops/sec ±0.61% (97 runs sampled)\n\n#6: number\n  current x 25,075,682 ops/sec ±0.53% (99 runs sampled)\n  lib-type-of x 2,266,405 ops/sec ±0.41% (98 runs sampled)\n  lib-typeof x 9,821,481 ops/sec ±0.45% (99 runs sampled)\n\n#7: object\n  current x 3,348,980 ops/sec ±0.49% (99 runs sampled)\n  lib-type-of x 3,245,138 ops/sec ±0.60% (94 runs sampled)\n  lib-typeof x 9,262,952 ops/sec ±0.59% (99 runs sampled)\n\n#8: regex\n  current x 21,284,827 ops/sec ±0.72% (96 runs sampled)\n  lib-type-of x 4,689,241 ops/sec ±0.43% (100 runs sampled)\n  lib-typeof x 8,957,593 ops/sec ±0.62% (98 runs sampled)\n\n#9: string\n  current x 25,379,234 ops/sec ±0.58% (96 runs sampled)\n  lib-type-of x 3,635,148 ops/sec ±0.76% (93 runs sampled)\n  lib-typeof x 9,494,134 ops/sec ±0.49% (98 runs sampled)\n\n#10: undef\n  current x 27,459,221 ops/sec ±1.01% (93 runs sampled)\n  lib-type-of x 14,360,433 ops/sec ±0.52% (99 runs sampled)\n  lib-typeof x 23,202,868 ops/sec ±0.59% (94 runs sampled)\n```\n\n## Optimizations\n\nIn 7 out of 8 cases, this library is 2x-10x faster than other top libraries included in the benchmarks. There are a few things that lead to this performance advantage, none of them hard and fast rules, but all of them simple and repeatable in almost any code library:\n\n1. Optimize around the fastest and most common use cases first. Of course, this will change from project-to-project, but I took some time to understand how and why `typeof` checks were being used in my own libraries and other libraries I use a lot.\n2. Optimize around bottlenecks - In other words, the order in which conditionals are implemented is significant, because each check is only as fast as the failing checks that came before it. Here, the biggest bottleneck by far is checking for plain objects (an object that was created by the `Object` constructor). I opted to make this check happen by process of elimination rather than brute force up front (e.g. by using something like `val.constructor.name`), so that every other type check would not be penalized it.\n3. Don't do uneccessary processing - why do `.slice(8, -1).toLowerCase();` just to get the word `regex`? It's much faster to do `if (type === '[object RegExp]') return 'regex'`\n\n## About\n\n### Related projects\n\n* [is-glob](https://www.npmjs.com/package/is-glob): Returns `true` if the given string looks like a glob pattern or an extglob pattern… [more](https://github.com/jonschlinkert/is-glob) | [homepage](https://github.com/jonschlinkert/is-glob \"Returns `true` if the given string looks like a glob pattern or an extglob pattern. This makes it easy to create code that only uses external modules like node-glob when necessary, resulting in much faster code execution and initialization time, and a bet\")\n* [is-number](https://www.npmjs.com/package/is-number): Returns true if the value is a number. comprehensive tests. | [homepage](https://github.com/jonschlinkert/is-number \"Returns true if the value is a number. comprehensive tests.\")\n* [is-primitive](https://www.npmjs.com/package/is-primitive): Returns `true` if the value is a primitive.  | [homepage](https://github.com/jonschlinkert/is-primitive \"Returns `true` if the value is a primitive. \")\n\n### Contributing\n\nPull requests and stars are always welcome. For bugs and feature requests, [please create an issue](../../issues/new).\n\n### Contributors\n\n| **Commits** | **Contributor**<br/> | \n| --- | --- |\n| 49 | [jonschlinkert](https://github.com/jonschlinkert) |\n| 2 | [miguelmota](https://github.com/miguelmota) |\n| 1 | [dtothefp](https://github.com/dtothefp) |\n| 1 | [pdehaan](https://github.com/pdehaan) |\n\n### Building docs\n\n_(This document was generated by [verb-generate-readme](https://github.com/verbose/verb-generate-readme) (a [verb](https://github.com/verbose/verb) generator), please don't edit the readme directly. Any changes to the readme must be made in [.verb.md](.verb.md).)_\n\nTo generate the readme and API documentation with [verb](https://github.com/verbose/verb):\n\n```sh\n$ npm install -g verb verb-generate-readme && verb\n```\n\n### Running tests\n\nInstall dev dependencies:\n\n```sh\n$ npm install -d && npm test\n```\n\n### Author\n\n**Jon Schlinkert**\n\n* [github/jonschlinkert](https://github.com/jonschlinkert)\n* [twitter/jonschlinkert](http://twitter.com/jonschlinkert)\n\n### License\n\nCopyright © 2016, [Jon Schlinkert](https://github.com/jonschlinkert).\nReleased under the [MIT license](https://github.com/jonschlinkert/kind-of/blob/master/LICENSE).\n\n***\n\n_This file was generated by [verb-generate-readme](https://github.com/verbose/verb-generate-readme), v0.2.0, on December 07, 2016._","maintainers":[{"name":"jonschlinkert","email":"github@sellside.com"},{"name":"doowb","email":"brian.woodward@gmail.com"}],"time":{"modified":"2017-01-07T23:53:10.113Z","created":"2014-09-26T08:08:38.913Z","0.1.0":"2014-09-26T08:08:38.913Z","0.1.1":"2014-10-23T23:37:48.921Z","0.1.2":"2014-10-26T10:11:23.113Z","1.0.0":"2015-01-19T06:07:32.305Z","1.0.1":"2015-02-03T06:48:43.433Z","1.1.0":"2015-02-09T10:09:43.956Z","1.1.1":"2015-05-31T18:43:51.334Z","2.0.0":"2015-05-31T20:36:45.457Z","2.0.1":"2015-08-21T09:13:11.430Z","3.0.0":"2015-11-17T11:20:13.444Z","3.0.1":"2015-11-17T13:01:40.860Z","3.0.2":"2015-11-17T13:04:46.449Z","3.0.3":"2016-05-03T08:09:36.971Z","3.0.4":"2016-07-29T16:53:53.986Z","3.1.0":"2016-12-07T06:55:33.842Z"},"homepage":"https://github.com/jonschlinkert/kind-of","keywords":["arguments","array","boolean","check","date","function","is","is-type","is-type-of","kind","kind-of","number","object","of","regexp","string","test","type","type-of","typeof","types"],"repository":{"type":"git","url":"git+https://github.com/jonschlinkert/kind-of.git"},"author":{"name":"Jon Schlinkert","url":"https://github.com/jonschlinkert"},"bugs":{"url":"https://github.com/jonschlinkert/kind-of/issues"},"readmeFilename":"README.md","license":"MIT","users":{"jonschlinkert":true,"programmer.severson":true,"antixrist":true,"mojaray2k":true,"hifaraz":true,"mrmartineau":true,"arteffeckt":true},"contributors":[{"name":"David Fox-Powell","email":"dtothefp@gmail.com","url":"https://dtothefp.github.io/me"},{"name":"Jon Schlinkert","email":"jon.schlinkert@sellside.com","url":"http://twitter.com/jonschlinkert"},{"name":"Miguel Mota","email":"miguel@mota.email","url":"https://miguelmota.com"},{"name":"Peter deHaan","url":"http://about.me/peterdehaan"}],"_attachments":{},"_etag":"W/\"58717f66-79f1\"","_lastModified":"Sat, 07 Jan 2017 23:53:10 GMT"}