{"digest":"16ccb42180dde26a0525047c649420fc349cc803","css":"atom-text-editor .gutter .line-number.bookmarked .icon-right {\n  visibility: visible;\n}\natom-text-editor .gutter .line-number.bookmarked .icon-right:before {\n  content: \"\\f07b\";\n  color: #09C;\n}\n.bookmarks-view .bookmark .line-text {\n  font-family: monospace;\n}\n","imports":[{"path":"static\\variables\\ui-variables.less","digest":"e3029f763111ec391f6dcea8178d35be7c798b4f"},{"path":"static\\variables\\syntax-variables.less","digest":"812c1b7883a023f768773d14294653adcdb932d7"},{"path":"static\\variables\\octicon-utf-codes.less","digest":"b4d5267375a52ceb1dda28ee7c224ba03040e52d"}],"version":1}