{"_id":"sb-exec","_rev":"18-5d0357542565f8a21e488bc1dc139455","name":"sb-exec","description":"Process spawning APIs beautified","dist-tags":{"latest":"3.1.0"},"versions":{"1.0.0":{"name":"sb-exec","version":"1.0.0","description":"Process spawning APIs beautified","main":"lib/index.js","scripts":{"test":"apm test","compile":"ucompiler go"},"devDependencies":{"ucompiler":"^3.1.7","ucompiler-plugin-babel":"^3.1.1","ucompiler-plugin-newline":"^3.0.0","babel-preset-steelbrain":"^1.0.1","babel-preset-steelbrain-flow":"^1.0.1"},"repository":{"type":"git","url":"git+https://github.com/steelbrain/exec.git"},"keywords":["child_process","process","exec"],"author":{"name":"steelbrain"},"license":"MIT","bugs":{"url":"https://github.com/steelbrain/exec/issues"},"homepage":"https://github.com/steelbrain/exec#readme","dependencies":{"consistent-env":"^1.0.1"},"gitHead":"84ca89db5f7a658ac7c3bfb539cbe5b12e35321a","_id":"sb-exec@1.0.0","_shasum":"c452d849def06a630141d8f14322568e0afe1906","_from":".","_npmVersion":"3.6.0","_nodeVersion":"5.7.0","_npmUser":{"name":"steelbrain","email":"de.steelbrain@gmail.com"},"dist":{"shasum":"c452d849def06a630141d8f14322568e0afe1906","tarball":"https://registry.npmjs.org/sb-exec/-/sb-exec-1.0.0.tgz"},"maintainers":[{"name":"steelbrain","email":"de.steelbrain@gmail.com"}],"_npmOperationalInternal":{"host":"packages-6-west.internal.npmjs.com","tmp":"tmp/sb-exec-1.0.0.tgz_1456604881639_0.24164808075875044"},"directories":{}},"1.0.1":{"name":"sb-exec","version":"1.0.1","description":"Process spawning APIs beautified","main":"lib/index.js","scripts":{"test":"apm test","compile":"ucompiler go"},"devDependencies":{"ucompiler":"^3.1.7","ucompiler-plugin-babel":"^3.1.1","ucompiler-plugin-newline":"^3.0.0","babel-preset-steelbrain":"^1.0.1","babel-preset-steelbrain-flow":"^1.0.1"},"repository":{"type":"git","url":"git+https://github.com/steelbrain/exec.git"},"keywords":["child_process","process","exec"],"author":{"name":"steelbrain"},"license":"MIT","bugs":{"url":"https://github.com/steelbrain/exec/issues"},"homepage":"https://github.com/steelbrain/exec#readme","dependencies":{"consistent-env":"^1.0.1"},"gitHead":"4e5336cd5dbcd4b8c1d05e3f170830d94cd6edfe","_id":"sb-exec@1.0.1","_shasum":"bef67d73b7d1b59e65a4985ca79d8016140a2e4d","_from":".","_npmVersion":"3.6.0","_nodeVersion":"5.7.0","_npmUser":{"name":"steelbrain","email":"de.steelbrain@gmail.com"},"dist":{"shasum":"bef67d73b7d1b59e65a4985ca79d8016140a2e4d","tarball":"https://registry.npmjs.org/sb-exec/-/sb-exec-1.0.1.tgz"},"maintainers":[{"name":"steelbrain","email":"de.steelbrain@gmail.com"}],"_npmOperationalInternal":{"host":"packages-6-west.internal.npmjs.com","tmp":"tmp/sb-exec-1.0.1.tgz_1456783972746_0.16503143683075905"},"directories":{}},"1.0.2":{"name":"sb-exec","version":"1.0.2","description":"Process spawning APIs beautified","main":"lib/index.js","scripts":{"test":"apm test","compile":"ucompiler go","lint":"eslint ."},"devDependencies":{"eslint":"^2.4.0","babel-eslint":"^6.0.0","babel-preset-steelbrain":"^2.0.1","eslint-config-airbnb":"^6.0.2","eslint-plugin-react":"^4.2.1","ucompiler":"^3.1.8","ucompiler-plugin-babel":"^3.1.1"},"repository":{"type":"git","url":"git+https://github.com/steelbrain/exec.git"},"keywords":["child_process","process","exec"],"author":{"name":"steelbrain"},"license":"MIT","bugs":{"url":"https://github.com/steelbrain/exec/issues"},"homepage":"https://github.com/steelbrain/exec#readme","dependencies":{"consistent-env":"^1.0.1","sb-npm-path":"^1.0.0"},"gitHead":"eaa7381b388187d95cff3e901ea60bf2201c2c18","_id":"sb-exec@1.0.2","_shasum":"8f1028ab690a22cc69248a8cc2657fec77a6340a","_from":".","_npmVersion":"3.7.3","_nodeVersion":"5.9.0","_npmUser":{"name":"steelbrain","email":"de.steelbrain@gmail.com"},"dist":{"shasum":"8f1028ab690a22cc69248a8cc2657fec77a6340a","tarball":"https://registry.npmjs.org/sb-exec/-/sb-exec-1.0.2.tgz"},"maintainers":[{"name":"arcanemagus","email":"landonabney@gmail.com"},{"name":"steelbrain","email":"de.steelbrain@gmail.com"}],"_npmOperationalInternal":{"host":"packages-12-west.internal.npmjs.com","tmp":"tmp/sb-exec-1.0.2.tgz_1459269823066_0.9798664394766092"},"directories":{}},"1.0.3":{"name":"sb-exec","version":"1.0.3","description":"Process spawning APIs beautified","main":"lib/index.js","scripts":{"test":"apm test","compile":"ucompiler go","lint":"eslint ."},"devDependencies":{"eslint":"^2.5.3","babel-eslint":"^6.0.0","babel-preset-steelbrain":"^2.0.1","eslint-config-airbnb":"^6.2.0","eslint-plugin-react":"^4.2.3","ucompiler":"^3.1.8","ucompiler-plugin-babel":"^3.1.1"},"repository":{"type":"git","url":"git+https://github.com/steelbrain/exec.git"},"keywords":["child_process","process","exec"],"author":{"name":"steelbrain"},"license":"MIT","bugs":{"url":"https://github.com/steelbrain/exec/issues"},"homepage":"https://github.com/steelbrain/exec#readme","dependencies":{"consistent-env":"^1.0.1","sb-npm-path":"^1.0.0"},"gitHead":"4e7139382441acfc14b8f6f2feb48679af785542","_id":"sb-exec@1.0.3","_shasum":"15d19055778046c81319799269f5b6593838c5e4","_from":".","_npmVersion":"3.8.6","_nodeVersion":"5.10.0","_npmUser":{"name":"steelbrain","email":"de.steelbrain@gmail.com"},"dist":{"shasum":"15d19055778046c81319799269f5b6593838c5e4","tarball":"https://registry.npmjs.org/sb-exec/-/sb-exec-1.0.3.tgz"},"maintainers":[{"name":"arcanemagus","email":"landonabney@gmail.com"},{"name":"steelbrain","email":"de.steelbrain@gmail.com"}],"_npmOperationalInternal":{"host":"packages-12-west.internal.npmjs.com","tmp":"tmp/sb-exec-1.0.3.tgz_1460664409541_0.794794311048463"},"directories":{}},"1.0.4":{"name":"sb-exec","version":"1.0.4","description":"Process spawning APIs beautified","main":"lib/index.js","scripts":{"test":"apm test","compile":"ucompiler go","lint":"eslint ."},"devDependencies":{"eslint":"^2.5.3","babel-eslint":"^6.0.0","babel-preset-steelbrain":"^2.0.1","eslint-config-airbnb":"^6.2.0","eslint-plugin-react":"^4.2.3","ucompiler":"^3.1.8","ucompiler-plugin-babel":"^3.1.1"},"repository":{"type":"git","url":"git+https://github.com/steelbrain/exec.git"},"keywords":["child_process","process","exec"],"author":{"name":"steelbrain"},"license":"MIT","bugs":{"url":"https://github.com/steelbrain/exec/issues"},"homepage":"https://github.com/steelbrain/exec#readme","dependencies":{"consistent-env":"^1.0.1","sb-npm-path":"^1.0.0"},"gitHead":"6e1ec3da5f0a2c5f7fa24258cca2115f3332e2b3","_id":"sb-exec@1.0.4","_shasum":"054e376978d1edf9d4ceda4ee4b98ed251825fc1","_from":".","_npmVersion":"3.8.6","_nodeVersion":"5.10.0","_npmUser":{"name":"steelbrain","email":"de.steelbrain@gmail.com"},"dist":{"shasum":"054e376978d1edf9d4ceda4ee4b98ed251825fc1","tarball":"https://registry.npmjs.org/sb-exec/-/sb-exec-1.0.4.tgz"},"maintainers":[{"name":"arcanemagus","email":"landonabney@gmail.com"},{"name":"steelbrain","email":"de.steelbrain@gmail.com"}],"_npmOperationalInternal":{"host":"packages-12-west.internal.npmjs.com","tmp":"tmp/sb-exec-1.0.4.tgz_1460685481934_0.315192160429433"},"directories":{}},"1.0.5":{"name":"sb-exec","version":"1.0.5","description":"Process spawning APIs beautified","main":"lib/index.js","scripts":{"test":"apm test","compile":"ucompiler go","lint":"eslint ."},"devDependencies":{"eslint":"^2.5.3","babel-eslint":"^6.0.0","babel-preset-steelbrain":"^2.0.1","eslint-config-airbnb":"^6.2.0","eslint-plugin-react":"^4.2.3","ucompiler":"^3.1.8","ucompiler-plugin-babel":"^3.1.1"},"repository":{"type":"git","url":"git+https://github.com/steelbrain/exec.git"},"keywords":["child_process","process","exec"],"author":{"name":"steelbrain"},"license":"MIT","bugs":{"url":"https://github.com/steelbrain/exec/issues"},"homepage":"https://github.com/steelbrain/exec#readme","dependencies":{"consistent-env":"^1.0.1","extify":"^1.0.0","sb-npm-path":"^1.0.0"},"gitHead":"2c8bc4bf0d5c42e2a31deb3cda8c26bae3516e7e","_id":"sb-exec@1.0.5","_shasum":"a367631f4818ae75321300738636b03bcd37f411","_from":".","_npmVersion":"3.8.6","_nodeVersion":"5.10.0","_npmUser":{"name":"steelbrain","email":"de.steelbrain@gmail.com"},"dist":{"shasum":"a367631f4818ae75321300738636b03bcd37f411","tarball":"https://registry.npmjs.org/sb-exec/-/sb-exec-1.0.5.tgz"},"maintainers":[{"name":"arcanemagus","email":"landonabney@gmail.com"},{"name":"steelbrain","email":"de.steelbrain@gmail.com"}],"_npmOperationalInternal":{"host":"packages-12-west.internal.npmjs.com","tmp":"tmp/sb-exec-1.0.5.tgz_1461133777173_0.11458452045917511"},"directories":{}},"2.0.0":{"name":"sb-exec","version":"2.0.0","description":"Process spawning APIs beautified","main":"lib/index.js","scripts":{"test":"apm test","compile":"ucompiler go","lint":"eslint ."},"devDependencies":{"eslint":"^2.5.3","babel-eslint":"^6.0.0","babel-preset-steelbrain":"^2.0.1","eslint-config-airbnb":"^6.2.0","eslint-plugin-react":"^4.2.3","ucompiler":"^3.1.8","ucompiler-plugin-babel":"^3.1.1"},"repository":{"type":"git","url":"git+https://github.com/steelbrain/exec.git"},"keywords":["child_process","process","exec"],"author":{"name":"steelbrain"},"license":"MIT","bugs":{"url":"https://github.com/steelbrain/exec/issues"},"homepage":"https://github.com/steelbrain/exec#readme","dependencies":{"consistent-env":"^1.0.1","extify":"^1.0.0","sb-npm-path":"^1.0.0"},"gitHead":"7cf823fc3a4c531b9775cebba4322a448074c85f","_id":"sb-exec@2.0.0","_shasum":"ffd6f117eeb86c72b7eb65aa93872ce59086ddf3","_from":".","_npmVersion":"3.8.6","_nodeVersion":"5.10.0","_npmUser":{"name":"steelbrain","email":"de.steelbrain@gmail.com"},"dist":{"shasum":"ffd6f117eeb86c72b7eb65aa93872ce59086ddf3","tarball":"https://registry.npmjs.org/sb-exec/-/sb-exec-2.0.0.tgz"},"maintainers":[{"name":"arcanemagus","email":"landonabney@gmail.com"},{"name":"steelbrain","email":"de.steelbrain@gmail.com"}],"_npmOperationalInternal":{"host":"packages-12-west.internal.npmjs.com","tmp":"tmp/sb-exec-2.0.0.tgz_1462305610129_0.9269768709782511"},"directories":{}},"2.0.1":{"name":"sb-exec","version":"2.0.1","description":"Process spawning APIs beautified","main":"lib/index.js","scripts":{"test":"apm test","compile":"ucompiler go","lint":"eslint ."},"devDependencies":{"eslint":"^2.5.3","babel-eslint":"^6.0.0","babel-preset-steelbrain":"^2.0.1","eslint-config-airbnb":"^6.2.0","eslint-plugin-react":"^4.2.3","ucompiler":"^3.1.8","ucompiler-plugin-babel":"^3.1.1"},"repository":{"type":"git","url":"git+https://github.com/steelbrain/exec.git"},"keywords":["child_process","process","exec"],"author":{"name":"steelbrain"},"license":"MIT","bugs":{"url":"https://github.com/steelbrain/exec/issues"},"homepage":"https://github.com/steelbrain/exec#readme","dependencies":{"consistent-env":"^1.0.1","sb-npm-path":"^1.0.0"},"gitHead":"d58a7ba9573fb151d565bc0e70a39bbf2d57f848","_id":"sb-exec@2.0.1","_shasum":"0d0ddcb5d191ed714743aa742fe3c5667143487f","_from":".","_npmVersion":"3.8.6","_nodeVersion":"5.10.0","_npmUser":{"name":"steelbrain","email":"de.steelbrain@gmail.com"},"dist":{"shasum":"0d0ddcb5d191ed714743aa742fe3c5667143487f","tarball":"https://registry.npmjs.org/sb-exec/-/sb-exec-2.0.1.tgz"},"maintainers":[{"name":"arcanemagus","email":"landonabney@gmail.com"},{"name":"steelbrain","email":"de.steelbrain@gmail.com"}],"_npmOperationalInternal":{"host":"packages-16-east.internal.npmjs.com","tmp":"tmp/sb-exec-2.0.1.tgz_1462733771469_0.770200347295031"},"directories":{}},"2.0.2":{"name":"sb-exec","version":"2.0.2","description":"Process spawning APIs beautified","main":"lib/index.js","scripts":{"test":"apm test","compile":"ucompiler go","lint":"eslint ."},"devDependencies":{"eslint":"^2.5.3","babel-eslint":"^6.0.0","babel-preset-steelbrain":"^2.0.1","eslint-config-airbnb":"^6.2.0","eslint-plugin-react":"^4.2.3","ucompiler":"^3.1.8","ucompiler-plugin-babel":"^3.1.1"},"repository":{"type":"git","url":"git+https://github.com/steelbrain/exec.git"},"keywords":["child_process","process","exec"],"author":{"name":"steelbrain"},"license":"MIT","bugs":{"url":"https://github.com/steelbrain/exec/issues"},"homepage":"https://github.com/steelbrain/exec#readme","dependencies":{"consistent-env":"^1.0.1","sb-npm-path":"^1.0.0"},"gitHead":"7b047dfd48982dd0f1fae669c89f226f1dc3aa19","_id":"sb-exec@2.0.2","_shasum":"ded9027ef05edff91d790eaf80b3c87e1f52a5cf","_from":".","_npmVersion":"3.8.6","_nodeVersion":"5.10.0","_npmUser":{"name":"steelbrain","email":"de.steelbrain@gmail.com"},"dist":{"shasum":"ded9027ef05edff91d790eaf80b3c87e1f52a5cf","tarball":"https://registry.npmjs.org/sb-exec/-/sb-exec-2.0.2.tgz"},"maintainers":[{"name":"arcanemagus","email":"landonabney@gmail.com"},{"name":"steelbrain","email":"de.steelbrain@gmail.com"}],"_npmOperationalInternal":{"host":"packages-12-west.internal.npmjs.com","tmp":"tmp/sb-exec-2.0.2.tgz_1462739217362_0.12850273679941893"},"directories":{}},"2.0.3":{"name":"sb-exec","version":"2.0.3","description":"Process spawning APIs beautified","main":"lib/index.js","scripts":{"test":"apm test","compile":"ucompiler go","lint":"eslint ."},"devDependencies":{"eslint":"^2.5.3","babel-eslint":"^6.0.0","babel-preset-steelbrain":"^2.0.1","eslint-config-airbnb":"^6.2.0","eslint-plugin-react":"^4.2.3","ucompiler":"^3.1.8","ucompiler-plugin-babel":"^3.1.1"},"repository":{"type":"git","url":"git+https://github.com/steelbrain/exec.git"},"keywords":["child_process","process","exec"],"author":{"name":"steelbrain"},"license":"MIT","bugs":{"url":"https://github.com/steelbrain/exec/issues"},"homepage":"https://github.com/steelbrain/exec#readme","dependencies":{"consistent-env":"^1.2.0","sb-npm-path":"^1.0.0"},"gitHead":"09f72175fe659605912afdecffc0067fa631941a","_id":"sb-exec@2.0.3","_shasum":"76d9bfdc674df9b9e5a1861c7b16c765c65965ce","_from":".","_npmVersion":"3.8.6","_nodeVersion":"6.1.0","_npmUser":{"name":"steelbrain","email":"de.steelbrain@gmail.com"},"dist":{"shasum":"76d9bfdc674df9b9e5a1861c7b16c765c65965ce","tarball":"https://registry.npmjs.org/sb-exec/-/sb-exec-2.0.3.tgz"},"maintainers":[{"name":"arcanemagus","email":"landonabney@gmail.com"},{"name":"steelbrain","email":"de.steelbrain@gmail.com"}],"_npmOperationalInternal":{"host":"packages-12-west.internal.npmjs.com","tmp":"tmp/sb-exec-2.0.3.tgz_1465324095126_0.1671854283194989"},"directories":{}},"2.0.4":{"name":"sb-exec","version":"2.0.4","description":"Process spawning APIs beautified","main":"lib/index.js","scripts":{"test":"apm test","compile":"ucompiler go","lint":"eslint ."},"devDependencies":{"eslint":"^2.5.3","babel-eslint":"^6.0.0","babel-preset-steelbrain":"^2.0.1","eslint-config-airbnb":"^6.2.0","eslint-plugin-react":"^4.2.3","ucompiler":"^3.1.8","ucompiler-plugin-babel":"^3.1.1"},"repository":{"type":"git","url":"git+https://github.com/steelbrain/exec.git"},"keywords":["child_process","process","exec"],"author":{"name":"steelbrain"},"license":"MIT","bugs":{"url":"https://github.com/steelbrain/exec/issues"},"homepage":"https://github.com/steelbrain/exec#readme","dependencies":{"consistent-env":"^1.2.0","sb-npm-path":"^1.0.0"},"gitHead":"1076b5bea02def5c4867f7c9849eba175865e870","_id":"sb-exec@2.0.4","_shasum":"2c38768d99efefba1b12eda4adc69273b6a0e35b","_from":".","_npmVersion":"3.8.9","_nodeVersion":"6.2.0","_npmUser":{"name":"steelbrain","email":"de.steelbrain@gmail.com"},"dist":{"shasum":"2c38768d99efefba1b12eda4adc69273b6a0e35b","tarball":"https://registry.npmjs.org/sb-exec/-/sb-exec-2.0.4.tgz"},"maintainers":[{"name":"arcanemagus","email":"landonabney@gmail.com"},{"name":"steelbrain","email":"de.steelbrain@gmail.com"}],"_npmOperationalInternal":{"host":"packages-16-east.internal.npmjs.com","tmp":"tmp/sb-exec-2.0.4.tgz_1465845819071_0.8949509328231215"},"directories":{}},"2.0.5":{"name":"sb-exec","version":"2.0.5","description":"Process spawning APIs beautified","main":"lib/index.js","scripts":{"test":"apm test","compile":"ucompiler go","lint":"eslint ."},"engines":{"node":">=6.0.0"},"devDependencies":{"babel-preset-steelbrain":"^2.0.1","eslint-config-steelbrain":"^1.0.1","jasmine-fix":"^1.0.0","ucompiler":"^3.1.8","ucompiler-plugin-babel":"^3.1.1"},"repository":{"type":"git","url":"git+https://github.com/steelbrain/exec.git"},"keywords":["child_process","process","exec"],"author":{"name":"steelbrain"},"license":"MIT","bugs":{"url":"https://github.com/steelbrain/exec/issues"},"homepage":"https://github.com/steelbrain/exec#readme","dependencies":{"consistent-env":"^1.2.0","sb-npm-path":"^1.0.0"},"gitHead":"f0b6bde6b3426db60de9f6eec73dc13708ed1fc7","_id":"sb-exec@2.0.5","_shasum":"1cb2aee7ef06a666379d3d8af89deeae25498f58","_from":".","_npmVersion":"3.10.3","_nodeVersion":"6.3.0","_npmUser":{"name":"steelbrain","email":"de.steelbrain@gmail.com"},"dist":{"shasum":"1cb2aee7ef06a666379d3d8af89deeae25498f58","tarball":"https://registry.npmjs.org/sb-exec/-/sb-exec-2.0.5.tgz"},"maintainers":[{"name":"arcanemagus","email":"landonabney@gmail.com"},{"name":"steelbrain","email":"de.steelbrain@gmail.com"}],"_npmOperationalInternal":{"host":"packages-12-west.internal.npmjs.com","tmp":"tmp/sb-exec-2.0.5.tgz_1468239479262_0.1685680509544909"},"directories":{}},"3.0.0":{"name":"sb-exec","version":"3.0.0","description":"Process spawning APIs beautified","main":"lib/index.js","scripts":{"test":"(apm test) && (flow check | grep -q '0 errors') && (eslint . )","clean":"rm -rf lib","compile":"npm run clean && babel src --out-dir lib","watch":"npm run clean && babel src --out-dir lib --watch"},"engines":{"node":">=6.0.0"},"devDependencies":{"babel-cli":"^6.10.1","babel-preset-steelbrain":"^4.0.1","eslint-config-steelbrain":"^1.0.4","flow-bin":"^0.31.1","jasmine-fix":"^1.0.1"},"repository":{"type":"git","url":"git+https://github.com/steelbrain/exec.git"},"keywords":["child_process","process","exec"],"author":{"name":"steelbrain"},"license":"MIT","bugs":{"url":"https://github.com/steelbrain/exec/issues"},"homepage":"https://github.com/steelbrain/exec#readme","dependencies":{"consistent-env":"^1.2.0","sb-npm-path":"^2.0.0"},"gitHead":"22556f968eba79bf88da5850827b2780416aa2db","_id":"sb-exec@3.0.0","_shasum":"ddaa71b7854652b6c6606e004452ada9fab9ad94","_from":".","_npmVersion":"3.10.3","_nodeVersion":"6.3.1","_npmUser":{"name":"steelbrain","email":"i@steelbrain.me"},"dist":{"shasum":"ddaa71b7854652b6c6606e004452ada9fab9ad94","tarball":"https://registry.npmjs.org/sb-exec/-/sb-exec-3.0.0.tgz"},"maintainers":[{"name":"arcanemagus","email":"landonabney@gmail.com"},{"name":"steelbrain","email":"de.steelbrain@gmail.com"}],"_npmOperationalInternal":{"host":"packages-16-east.internal.npmjs.com","tmp":"tmp/sb-exec-3.0.0.tgz_1472098571756_0.5303879340644926"},"directories":{}},"3.0.1":{"name":"sb-exec","version":"3.0.1","description":"Process spawning APIs beautified","main":"lib/index.js","scripts":{"lint":"(flow check) && (eslint .)","test":"apm test","clean":"rm -rf lib","compile":"npm run clean && babel src --out-dir lib","watch":"npm run clean && babel src --out-dir lib --watch"},"engines":{"node":">=6.0.0"},"devDependencies":{"babel-cli":"^6.10.1","babel-preset-steelbrain":"^4.0.1","eslint-config-steelbrain":"^1.0.4","flow-bin":"^0.31.1","jasmine-fix":"^1.0.1"},"repository":{"type":"git","url":"git+https://github.com/steelbrain/exec.git"},"keywords":["child_process","process","exec"],"author":{"name":"steelbrain"},"license":"MIT","bugs":{"url":"https://github.com/steelbrain/exec/issues"},"homepage":"https://github.com/steelbrain/exec#readme","dependencies":{"consistent-env":"^1.2.0","lodash.uniq":"^4.5.0","sb-npm-path":"^2.0.0"},"gitHead":"e8943fa10eae7111b350a4a96cd2df9d28fa3e39","_id":"sb-exec@3.0.1","_shasum":"38512b4f093099c61f290f5d47babc8faa1fc17a","_from":".","_npmVersion":"3.10.3","_nodeVersion":"6.3.1","_npmUser":{"name":"steelbrain","email":"i@steelbrain.me"},"dist":{"shasum":"38512b4f093099c61f290f5d47babc8faa1fc17a","tarball":"https://registry.npmjs.org/sb-exec/-/sb-exec-3.0.1.tgz"},"maintainers":[{"name":"arcanemagus","email":"landonabney@gmail.com"},{"name":"steelbrain","email":"de.steelbrain@gmail.com"}],"_npmOperationalInternal":{"host":"packages-12-west.internal.npmjs.com","tmp":"tmp/sb-exec-3.0.1.tgz_1472194571732_0.7772174465935677"},"directories":{}},"3.0.2":{"name":"sb-exec","version":"3.0.2","description":"Process spawning APIs beautified","main":"lib/index.js","scripts":{"lint":"(flow check) && (eslint .)","test":"apm test","clean":"rm -rf lib","compile":"npm run clean && babel src --out-dir lib","watch":"npm run clean && babel src --out-dir lib --watch"},"engines":{"node":">=6.0.0"},"devDependencies":{"babel-cli":"^6.10.1","babel-preset-steelbrain":"^4.0.1","eslint-config-steelbrain":"^1.0.4","flow-bin":"^0.32.0","jasmine-fix":"^1.0.1"},"repository":{"type":"git","url":"git+https://github.com/steelbrain/exec.git"},"keywords":["child_process","process","exec"],"author":{"name":"steelbrain"},"license":"MIT","bugs":{"url":"https://github.com/steelbrain/exec/issues"},"homepage":"https://github.com/steelbrain/exec#readme","dependencies":{"consistent-env":"^1.2.0","lodash.uniq":"^4.5.0","sb-npm-path":"^2.0.0"},"gitHead":"8039885089c6974708fbe07c91163a2b21537582","_id":"sb-exec@3.0.2","_shasum":"c620838691fe4e5bfb0e3bad627fd88918456d9b","_from":".","_npmVersion":"3.10.3","_nodeVersion":"6.3.1","_npmUser":{"name":"steelbrain","email":"i@steelbrain.me"},"dist":{"shasum":"c620838691fe4e5bfb0e3bad627fd88918456d9b","tarball":"https://registry.npmjs.org/sb-exec/-/sb-exec-3.0.2.tgz"},"maintainers":[{"name":"arcanemagus","email":"landonabney@gmail.com"},{"name":"steelbrain","email":"de.steelbrain@gmail.com"}],"_npmOperationalInternal":{"host":"packages-12-west.internal.npmjs.com","tmp":"tmp/sb-exec-3.0.2.tgz_1473112727184_0.43561031576246023"},"directories":{}},"3.0.3":{"name":"sb-exec","version":"3.0.3","description":"Process spawning APIs beautified","main":"lib/index.js","scripts":{"lint":"(flow check) && (eslint .)","test":"apm test","clean":"rm -rf lib","compile":"npm run clean && babel src --out-dir lib","watch":"npm run clean && babel src --out-dir lib --watch"},"engines":{"node":">=6.0.0"},"devDependencies":{"babel-cli":"^6.10.1","babel-preset-steelbrain":"^4.0.1","eslint-config-steelbrain":"^1.0.4","flow-bin":"^0.32.0","jasmine-fix":"^1.0.1"},"repository":{"type":"git","url":"git+https://github.com/steelbrain/exec.git"},"keywords":["child_process","process","exec"],"author":{"name":"steelbrain"},"license":"MIT","bugs":{"url":"https://github.com/steelbrain/exec/issues"},"homepage":"https://github.com/steelbrain/exec#readme","dependencies":{"consistent-env":"^1.2.0","lodash.uniq":"^4.5.0","sb-npm-path":"^2.0.0"},"gitHead":"d170d81f9519f6cc104231a6bff2451a2718d0ff","_id":"sb-exec@3.0.3","_shasum":"ce5ba692678a3fe3a10492277d5257825b0a6cd6","_from":".","_npmVersion":"3.10.3","_nodeVersion":"6.3.1","_npmUser":{"name":"steelbrain","email":"i@steelbrain.me"},"dist":{"shasum":"ce5ba692678a3fe3a10492277d5257825b0a6cd6","tarball":"https://registry.npmjs.org/sb-exec/-/sb-exec-3.0.3.tgz"},"maintainers":[{"name":"arcanemagus","email":"landonabney@gmail.com"},{"name":"steelbrain","email":"de.steelbrain@gmail.com"}],"_npmOperationalInternal":{"host":"packages-16-east.internal.npmjs.com","tmp":"tmp/sb-exec-3.0.3.tgz_1474223216210_0.03332772967405617"},"directories":{}},"3.1.0":{"name":"sb-exec","version":"3.1.0","description":"Process spawning APIs beautified","main":"lib/index.js","scripts":{"lint":"(flow check) && (eslint .)","test":"apm test","clean":"rm -rf lib","compile":"npm run clean && babel src --out-dir lib","watch":"npm run clean && babel src --out-dir lib --watch"},"engines":{"node":">=6.0.0"},"devDependencies":{"babel-cli":"^6.10.1","babel-preset-steelbrain":"^4.0.1","eslint-config-steelbrain":"^1.0.4","flow-bin":"^0.32.0","jasmine-fix":"^1.0.1"},"repository":{"type":"git","url":"git+https://github.com/steelbrain/exec.git"},"keywords":["child_process","process","exec"],"author":{"name":"steelbrain"},"license":"MIT","bugs":{"url":"https://github.com/steelbrain/exec/issues"},"homepage":"https://github.com/steelbrain/exec#readme","dependencies":{"consistent-env":"^1.2.0","lodash.uniq":"^4.5.0","sb-npm-path":"^2.0.0"},"gitHead":"2e1a14ecdff9ff83a7186aac7353fc95febc9bcc","_id":"sb-exec@3.1.0","_shasum":"34cc65088a116752eb720fddeff66d2c2e95ec51","_from":".","_npmVersion":"3.10.3","_nodeVersion":"6.3.1","_npmUser":{"name":"steelbrain","email":"i@steelbrain.me"},"dist":{"shasum":"34cc65088a116752eb720fddeff66d2c2e95ec51","tarball":"https://registry.npmjs.org/sb-exec/-/sb-exec-3.1.0.tgz"},"maintainers":[{"name":"arcanemagus","email":"landonabney@gmail.com"},{"name":"steelbrain","email":"de.steelbrain@gmail.com"}],"_npmOperationalInternal":{"host":"packages-12-west.internal.npmjs.com","tmp":"tmp/sb-exec-3.1.0.tgz_1474500683035_0.14060301566496491"},"directories":{}}},"readme":"# Exec\n\nNode's Process spawning APIs beautified\n\n## Installation\n\n```sh\nnpm install --save sb-exec\n```\n\n## API\n\n```js\ntype $OptionsAccepted = {\n  timeout?: number | Infinity,\n  stream?: 'stdout' | 'stderr'  | 'both',\n  env: Object,\n  stdin?: ?string,\n  local?: {\n    directory: string,\n    prepend?: boolean\n  },\n  throwOnStdErr?: boolean = true,\n  allowEmptyStderr?: boolean = false,\n  ignoreExitCode?: boolean\n} // Also supports all options of child_process::spawn\n\ntype PromisedProcess = {\n  then(callback: Function): Promise\n  catch(callback: Function): Promise\n  kill(signal: number)\n}\n\nexport function exec(filePath: string, parameters: array, options: $OptionsAccepted): PromisedProcess\nexport function execNode(filePath: string, parameters: array, options: $OptionsAccepted): PromisedProcess\n```\n\n## Explanation\n\n### `options.local`\n\n`options.local` adds node executables in `node_modules` relative to\n`options.local.directory` to `PATH` like in npm scripts.\n\n`options.local.prepend` prioritizes local executables over ones already in `PATH`.\n\n## License\n\nThis project is licensed under the terms of MIT License, see the LICENSE file\nfor more info\n","maintainers":[{"name":"arcanemagus","email":"landonabney@gmail.com"},{"name":"steelbrain","email":"de.steelbrain@gmail.com"}],"time":{"modified":"2016-09-21T23:31:24.717Z","created":"2016-02-27T20:28:04.390Z","1.0.0":"2016-02-27T20:28:04.390Z","1.0.1":"2016-02-29T22:12:56.176Z","1.0.2":"2016-03-29T16:43:45.566Z","1.0.3":"2016-04-14T20:06:51.775Z","1.0.4":"2016-04-15T01:58:04.530Z","1.0.5":"2016-04-20T06:29:39.389Z","2.0.0":"2016-05-03T20:00:12.583Z","2.0.1":"2016-05-08T18:56:12.506Z","2.0.2":"2016-05-08T20:27:00.058Z","2.0.3":"2016-06-07T18:28:17.566Z","2.0.4":"2016-06-13T19:23:42.557Z","2.0.5":"2016-07-11T12:18:01.776Z","3.0.0":"2016-08-25T04:16:14.608Z","3.0.1":"2016-08-26T06:56:13.589Z","3.0.2":"2016-09-05T21:58:48.856Z","3.0.3":"2016-09-18T18:26:58.107Z","3.1.0":"2016-09-21T23:31:24.717Z"},"homepage":"https://github.com/steelbrain/exec#readme","keywords":["child_process","process","exec"],"repository":{"type":"git","url":"git+https://github.com/steelbrain/exec.git"},"author":{"name":"steelbrain"},"bugs":{"url":"https://github.com/steelbrain/exec/issues"},"license":"MIT","readmeFilename":"README.md","_attachments":{},"_etag":"W/\"57e3184c-693b\"","_lastModified":"Wed, 21 Sep 2016 23:31:24 GMT","_cached":true}