{"digest":"4844ed52aace7b2aabc1600197b0c67d523fa018","css":"background-tips {\n  display: block;\n  pointer-events: none;\n  position: absolute;\n  top: 0;\n  left: 0;\n  right: 0;\n  bottom: 0;\n  overflow: hidden;\n}\nbackground-tips .background-message {\n  -webkit-user-select: none;\n  cursor: default;\n}\nbackground-tips .background-message .message {\n  padding: 0 30px;\n  opacity: 0;\n  transition: opacity 0.3s ease-in-out;\n}\nbackground-tips .background-message .message.fade-in {\n  opacity: 1;\n}\nbackground-tips .background-message .message .keystroke {\n  border: 2px solid;\n  padding: 0 5px;\n  border-radius: 9px;\n  font-family: \"Helvetica Neue\", Arial, sans-serif;\n}\n","imports":[{"path":"static\\variables\\ui-variables.less","digest":"e3029f763111ec391f6dcea8178d35be7c798b4f"},{"path":"static\\variables\\syntax-variables.less","digest":"812c1b7883a023f768773d14294653adcdb932d7"},{"path":"C:\\Users\\JRodr\\.atom\\packages\\material-ui\\styles\\ui-variables.less","digest":"45819ad5bbf7b4233dbc3fad269f8a93510eee14"},{"path":"node_modules\\atom-dark-syntax\\styles\\syntax-variables.less","digest":"df71fe29adb4c75717824afcb98e8d17e62d9e5d"}],"version":1}