{"digest":"6db75eab1b667749742226ec2e39bdb78335c799","css":"atom-text-editor .gutter .line-number.git-line-modified {\n  border-left: 2px solid #e0c285;\n  padding-left: calc(0.5em - 2px);\n}\natom-text-editor .gutter .line-number.git-line-added {\n  border-left: 2px solid #43d08a;\n  padding-left: calc(0.5em - 2px);\n}\natom-text-editor .gutter .line-number.git-line-removed:before {\n  position: absolute;\n  left: 0;\n  bottom: -4px;\n  height: 0;\n  width: 0;\n  content: \" \";\n  border: solid transparent;\n  border-left-color: #e05252;\n  border-width: 4px;\n  margin-top: -4px;\n  pointer-events: none;\n}\natom-text-editor .gutter.git-diff-icon .line-number {\n  width: 100%;\n  border-left: none;\n  padding-left: 0.4em;\n}\natom-text-editor .gutter.git-diff-icon .line-number:before {\n  font-family: 'Octicons Regular';\n  src: url(\"octicons.woff\") format(\"woff\");\n  font-weight: normal;\n  font-style: normal;\n  display: inline-block;\n  position: relative;\n  top: -0.05em;\n  height: 0px;\n  width: 1em;\n  content: \" \";\n  padding-right: 0.4em;\n  font-size: .95em;\n}\natom-text-editor .gutter.git-diff-icon .line-number.git-line-modified:before {\n  content: \"\\f052\";\n  color: #e0c285;\n}\natom-text-editor .gutter.git-diff-icon .line-number.git-line-added:before {\n  content: \"\\f05d\";\n  color: #43d08a;\n}\natom-text-editor .gutter.git-diff-icon .line-number.git-line-removed:before {\n  border: none;\n  content: \"\\f0ca\";\n  color: #e05252;\n  position: relative;\n  top: .6em;\n}\n","imports":[{"path":"static\\variables\\ui-variables.less","digest":"e3029f763111ec391f6dcea8178d35be7c798b4f"},{"path":"static\\variables\\syntax-variables.less","digest":"812c1b7883a023f768773d14294653adcdb932d7"},{"path":"node_modules\\one-dark-syntax\\styles\\syntax-variables.less","digest":"3c7face5194cc85d83f478b41471c2ac17f6bef1"},{"path":"node_modules\\one-dark-syntax\\styles\\colors.less","digest":"66bba03e9aabff000a84c2839a9d3e9a9fa08e0e"},{"path":"static\\variables\\octicon-utf-codes.less","digest":"b4d5267375a52ceb1dda28ee7c224ba03040e52d"},{"path":"static\\variables\\octicon-mixins.less","digest":"ae3c4b031911e5fcb5ff6abeb3606418817fb318"},{"path":"static\\variables\\octicon-utf-codes.less","digest":"b4d5267375a52ceb1dda28ee7c224ba03040e52d"},{"path":"static\\variables\\octicon-utf-codes.less","digest":"b4d5267375a52ceb1dda28ee7c224ba03040e52d"}],"version":1}