{"digest":"c7aecf94bf4c4229b6d83d8b0f913cc9bfb46231","css":".settings-view .package-readme {\n  font-size: 1.25em;\n}\n.settings-view .package-readme h1 {\n  font-size: 2em;\n  margin-top: 1.5em;\n}\n.settings-view .package-readme h2 {\n  font-size: 1.75em;\n  margin-top: 1.5em;\n}\n.settings-view .package-readme h3 {\n  font-size: 1.5em;\n  margin-top: 1.75em;\n}\n.settings-view .package-readme h4 {\n  font-size: 1.25em;\n  margin-top: 1.25em;\n}\n.settings-view .package-readme h1,\n.settings-view .package-readme h2,\n.settings-view .package-readme h3,\n.settings-view .package-readme h4 {\n  color: #d7dae0;\n}\n.settings-view .package-readme a {\n  color: #6494ed;\n}\n.settings-view .package-readme hr {\n  border-color: rgba(157, 165, 180, 0.6);\n}\n.settings-view .package-readme blockquote {\n  border-left-color: rgba(157, 165, 180, 0.6);\n}\n.settings-view .package-readme pre {\n  margin-bottom: 1em;\n}\n.settings-view .package-readme img {\n  max-width: 100%;\n}\n.settings-view .package-readme table {\n  display: block;\n  margin-bottom: 1em;\n  width: 100%;\n  overflow: auto;\n  word-break: normal;\n}\n.settings-view .package-readme table th {\n  font-weight: bold;\n  text-align: center;\n}\n.settings-view .package-readme table th,\n.settings-view .package-readme table td {\n  padding: 6px 13px;\n  border: 1px solid #181a1f;\n}\n.settings-view .package-readme table tr {\n  border-top: 1px solid #181a1f;\n  background-color: #282c34;\n}\n.settings-view .package-readme table tr:nth-child(2n) {\n  background-color: #31363f;\n}\n.settings-view .package-readme kbd {\n  display: inline-block;\n  padding: .3em .4em;\n  font-size: .8em;\n  line-height: 1;\n  color: #d7dae0;\n  vertical-align: middle;\n  background-color: #3e4451;\n  border: solid 1px #181a1f;\n  border-bottom-color: #020202;\n  border-radius: 3px;\n  box-shadow: inset 0 -1px 0 #020202;\n}\n","imports":[{"path":"static\\variables\\ui-variables.less","digest":"e3029f763111ec391f6dcea8178d35be7c798b4f"},{"path":"static\\variables\\syntax-variables.less","digest":"812c1b7883a023f768773d14294653adcdb932d7"},{"path":"C:\\Users\\JRodr\\.atom\\packages\\material-ui\\styles\\ui-variables.less","digest":"45819ad5bbf7b4233dbc3fad269f8a93510eee14"},{"path":"node_modules\\one-dark-syntax\\styles\\syntax-variables.less","digest":"3c7face5194cc85d83f478b41471c2ac17f6bef1"},{"path":"node_modules\\one-dark-syntax\\styles\\colors.less","digest":"66bba03e9aabff000a84c2839a9d3e9a9fa08e0e"}],"version":1}