{"digest":"34957186fc00caff0376955ced7a4df5a55eaf58","css":".select-list .loading .loading-message::before {\n  font-family: 'Octicons Regular';\n  font-weight: normal;\n  font-style: normal;\n  display: inline-block;\n  line-height: 1;\n  -webkit-font-smoothing: antialiased;\n  text-decoration: none;\n  font-size: 16px;\n  width: 16px;\n  height: 16px;\n  content: \"\\f09e\";\n}\n.select-list .loading .loading-message:before {\n  font-size: 1.1em;\n  width: 1.1em;\n  height: 1.1em;\n  margin-right: 5px;\n}\n.select-list .loading .badge {\n  margin-left: 10px;\n}\n.select-list ol.list-group {\n  position: relative;\n  overflow-y: auto;\n  max-height: 312px;\n  margin: 10px 0 0 0;\n  padding: 0;\n}\n.select-list ol.list-group li {\n  display: block;\n}\n.select-list ol.list-group li .primary-line,\n.select-list ol.list-group li .secondary-line {\n  text-overflow: ellipsis;\n  white-space: nowrap;\n  overflow: hidden;\n}\n","imports":[{"path":"node_modules\\one-dark-ui\\styles\\ui-variables.less","digest":"ade239ee28a3515a891063cf32f6ab0f6abbee09"},{"path":"node_modules\\one-dark-ui\\styles\\ui-variables-custom.less","digest":"92eb775b31e95606771953333016577d686314d9"},{"path":"node_modules\\one-dark-syntax\\styles\\syntax-variables.less","digest":"3c7face5194cc85d83f478b41471c2ac17f6bef1"},{"path":"node_modules\\one-dark-syntax\\styles\\colors.less","digest":"66bba03e9aabff000a84c2839a9d3e9a9fa08e0e"},{"path":"static\\variables\\octicon-mixins.less","digest":"ae3c4b031911e5fcb5ff6abeb3606418817fb318"},{"path":"static\\variables\\octicon-utf-codes.less","digest":"b4d5267375a52ceb1dda28ee7c224ba03040e52d"},{"path":"static\\variables\\octicon-utf-codes.less","digest":"b4d5267375a52ceb1dda28ee7c224ba03040e52d"}],"version":1}