{"digest":"2309847245f94609274fa740b593fa8ebe9ab149","css":"linter-message {\n  display: flex;\n  align-items: center;\n  font-size: 12px;\n  line-height: 1.2;\n}\n.linter-message-item {\n  margin: 3px;\n}\n.linter-highlight {\n  flex: 0 0 auto;\n}\n.linter-message-link {\n  margin: 0 0 0 3px;\n}\nlinter-message-line {\n  white-space: pre-wrap;\n  /* Enable whitespace to be maintained from the user message. */\n}\nlinter-multiline-message {\n  cursor: pointer;\n}\nlinter-multiline-message::before {\n  font-family: 'Octicons Regular';\n  content: \"\\f05a\";\n  display: inline-block;\n  width: 1em;\n  margin-right: 0.2em;\n  text-align: center;\n  height: 1em;\n}\nlinter-multiline-message linter-message-line:not(:first-child) {\n  display: none;\n  margin-left: 1.2em;\n}\nlinter-multiline-message.expanded::before {\n  content: \"\\f05b\";\n}\nlinter-multiline-message.expanded linter-message-line:not(:first-child) {\n  display: block;\n}\nlinter-panel {\n  display: block;\n  overflow-y: auto;\n  min-height: 2em;\n}\nlinter-panel .linter-messages {\n  padding: 3px;\n}\nlinter-panel [hidden] {\n  display: none;\n}\n#linter-inline {\n  margin-top: 4px;\n  padding: 3px;\n  color: #282c34;\n  border-radius: 4.5px;\n  border-top-left-radius: 0;\n  background: #9da5b4;\n  box-shadow: 0 1px 3px rgba(0, 0, 0, 0.4);\n  transition: opacity 300ms;\n}\n#linter-inline.transparent {\n  opacity: 0.2;\n}\n#linter-inline::before {\n  content: \"\";\n  position: absolute;\n  top: -4px;\n  left: 0;\n  border: 4px solid;\n  border-color: transparent transparent #9da5b4 #9da5b4;\n}\n#linter-inline a {\n  color: rgba(40, 44, 52, 0.66);\n}\n#linter-inline a:last-of-type {\n  padding-right: 4.5px;\n}\nlinter-bottom-tab {\n  display: inline-block;\n  margin-right: -1px;\n  padding: 0 .6em;\n  line-height: 1.8em;\n  color: rgba(157, 165, 180, 0.6);\n  border: 1px solid #181a1f;\n  background: rgba(53, 59, 69, 0.33);\n  cursor: pointer;\n  vertical-align: middle;\n  position: relative;\n}\nlinter-bottom-tab:active {\n  background: transparent;\n}\nlinter-bottom-tab.active {\n  color: #d7dae0;\n  background: #353b45;\n}\nlinter-bottom-tab .count {\n  margin-left: .2em;\n}\natom-text-editor.editor .linter-row {\n  /* Take up the full allowed width */\n  left: 0;\n  right: 0;\n  /* Align the linter dot in the middle */\n  display: flex;\n  align-items: center;\n  justify-content: center;\n}\natom-text-editor.editor .linter-gutter {\n  width: 0.5em;\n  height: 0.5em !important;\n  border-radius: 50%;\n}\natom-text-editor.editor .linter-highlight.badge,\n.linter-highlight.badge {\n  border-radius: 3px;\n  overflow: hidden;\n  text-overflow: ellipsis;\n}\natom-text-editor.editor .linter-highlight.error:not(.line-number),\n.linter-highlight.error:not(.line-number) {\n  background-color: #d13b2e;\n  color: #ffffff;\n}\natom-text-editor.editor .linter-highlight.error .linter-gutter,\n.linter-highlight.error .linter-gutter {\n  color: #d13b2e;\n}\natom-text-editor.editor .linter-highlight.error .region,\n.linter-highlight.error .region {\n  border-bottom: 1px dashed #d13b2e;\n}\natom-text-editor.editor .linter-highlight.warning:not(.line-number),\n.linter-highlight.warning:not(.line-number) {\n  background-color: #ad7c0b;\n  color: #ffffff;\n}\natom-text-editor.editor .linter-highlight.warning .linter-gutter,\n.linter-highlight.warning .linter-gutter {\n  color: #ad7c0b;\n}\natom-text-editor.editor .linter-highlight.warning .region,\n.linter-highlight.warning .region {\n  border-bottom: 1px dashed #ad7c0b;\n}\natom-text-editor.editor .linter-highlight.trace:not(.line-number),\n.linter-highlight.trace:not(.line-number),\natom-text-editor.editor .linter-highlight.info:not(.line-number),\n.linter-highlight.info:not(.line-number) {\n  background-color: #0f82e6;\n  color: #ffffff;\n}\natom-text-editor.editor .linter-highlight.trace .linter-gutter,\n.linter-highlight.trace .linter-gutter,\natom-text-editor.editor .linter-highlight.info .linter-gutter,\n.linter-highlight.info .linter-gutter {\n  color: #0f82e6;\n}\natom-text-editor.editor .linter-highlight.trace .region,\n.linter-highlight.trace .region,\natom-text-editor.editor .linter-highlight.info .region,\n.linter-highlight.info .region {\n  border-bottom: 1px dashed #0f82e6;\n}\natom-text-editor.editor .linter-highlight.status-error,\n.linter-highlight.status-error {\n  color: #d13b2e;\n}\natom-text-editor.editor .linter-highlight.status-success,\n.linter-highlight.status-success {\n  color: #2ba143;\n}\nlinter-bottom-status {\n  margin-left: .6em;\n  margin-right: 0 !important;\n}\nlinter-bottom-status[hidden] {\n  display: none;\n}\nlinter-bottom-container {\n  margin-right: .6em;\n}\nlinter-bottom-container [hidden] {\n  display: none;\n}\n","imports":[{"path":"static\\variables\\ui-variables.less","digest":"e3029f763111ec391f6dcea8178d35be7c798b4f"},{"path":"static\\variables\\syntax-variables.less","digest":"812c1b7883a023f768773d14294653adcdb932d7"},{"path":"node_modules\\one-dark-ui\\styles\\ui-variables.less","digest":"ade239ee28a3515a891063cf32f6ab0f6abbee09"},{"path":"node_modules\\one-dark-ui\\styles\\ui-variables-custom.less","digest":"92eb775b31e95606771953333016577d686314d9"},{"path":"node_modules\\one-dark-syntax\\styles\\syntax-variables.less","digest":"3c7face5194cc85d83f478b41471c2ac17f6bef1"},{"path":"node_modules\\one-dark-syntax\\styles\\colors.less","digest":"66bba03e9aabff000a84c2839a9d3e9a9fa08e0e"},{"path":"static\\variables\\octicon-utf-codes.less","digest":"b4d5267375a52ceb1dda28ee7c224ba03040e52d"}],"version":1}